movieId,tmdbId,budget,revenue,runtime,popularity,vote_average,vote_count,release_date,original_language,status
1,862,30000000,962301978,81,44.9054,7.989,20548,1995-11-22,en,Released
2,8844,65000000,262821940,104,5.694,7.249,11574,1995-12-15,en,Released
3,15602,25000000,71518503,101,4.9647,6.466,444,1995-12-22,en,Released
4,31357,16000000,81452156,127,5.3558,6.2,213,1995-12-22,en,Released
5,11862,0,76594107,106,8.3466,6.272,839,1995-12-08,en,Released
6,949,60000000,187400000,170,30.2941,7.944,8700,1995-12-15,en,Released
7,11860,58000000,53672080,127,6.3942,6.206,715,1995-12-15,en,Released
8,45325,0,23920048,97,3.6406,5.308,221,1995-12-22,en,Released
9,9091,35000000,64350171,111,9.311,6.041,843,1995-10-27,en,Released
10,710,60000000,352194034,130,16.0379,6.905,4484,1995-11-16,en,Released
11,9087,62000000,107879496,113,5.0913,6.527,810,1995-11-17,en,Released
12,12110,30000000,10772144,88,5.8398,6.065,1148,1995-12-22,en,Released
13,21032,31000000,11348324,78,7.9397,7.339,2259,1995-12-22,en,Released
14,10858,44000000,13681765,192,6.2257,6.813,412,1995-12-22,en,Released
15,1408,102000000,16000000,124,8.2917,5.802,648,1995-12-22,en,Released
16,524,50000000,116112375,179,16.7635,8.0,6741,1995-11-22,en,Released
17,4584,16000000,134582776,136,18.26,7.412,1893,1995-12-13,en,Released
18,5,4000000,4257354,98,8.7064,5.919,2906,1995-12-09,en,Released
19,9273,30000000,212385533,90,12.8573,6.345,4710,1995-11-10,en,Released
20,11517,68000000,77224232,110,9.7243,5.874,899,1995-11-21,en,Released
21,8012,30250000,115101622,105,8.5194,6.5,1253,1995-10-20,en,Released
22,1710,20000000,32000000,124,9.3202,6.483,1349,1995-10-27,en,Released
23,9691,50000000,30303072,132,10.1252,6.494,1780,1995-10-06,en,Released
24,12665,9500000,30900000,112,6.2782,7.06,758,1995-10-27,en,Released
25,451,3600000,49800000,111,10.8796,7.25,1715,1995-10-27,en,Released
26,16420,11000000,2800000,123,2.5761,6.356,153,1995-12-15,en,Released
27,9263,12000000,27400000,102,6.6614,6.879,489,1995-10-20,en,Released
28,17015,1500000,5269757,107,4.178,7.212,153,1995-05-01,en,Released
29,902,18000000,1738611,112,7.3528,7.244,1267,1995-05-17,fr,Released
30,37557,2300000,0,108,2.4753,6.78,118,1995-09-14,zh,Released
31,9909,23000000,179519401,99,12.7895,7.014,1343,1995-08-11,en,Released
32,63,29000000,168841459,129,22.9134,7.614,9402,1995-12-29,en,Released
34,9598,30000000,254100000,92,12.2763,6.293,3214,1995-07-18,en,Released
36,687,11000000,39363635,122,9.5028,7.31,1539,1995-12-29,en,Released
38,33689,14500000,19474589,101,9.0986,6.501,1005,1995-11-17,en,Released
39,9603,12000000,56631572,97,16.4902,7.246,4930,1995-07-19,en,Released
40,34615,0,676525,106,2.0674,6.8,28,1995-12-15,en,Released
41,31174,0,2748518,104,3.4631,6.785,198,1995-12-29,en,Released
42,11443,10000000,24100000,119,5.5813,6.683,347,1995-09-29,en,Released
43,35196,19000000,4005941,117,3.2705,6.122,144,1995-12-29,en,Released
44,9312,18000000,122195920,101,10.379,5.914,2665,1995-08-18,en,Released
45,577,20000000,21300000,106,9.0356,6.587,924,1995-09-22,en,Released
46,11861,10000000,41200020,116,4.9064,6.376,202,1995-10-06,en,Released
47,807,33000000,327311859,127,40.6336,8.381,23820,1995-09-22,en,Released
48,10530,55000000,346079773,81,14.595,6.913,6202,1995-06-16,en,Released
49,8391,0,0,96,2.6824,6.295,95,1995-02-01,en,Released
50,629,6000000,23300000,106,24.5657,8.163,11758,1995-07-19,en,Released
52,11448,15000000,26000000,95,5.9001,6.729,757,1995-09-13,en,Released
53,49133,0,0,112,2.2848,7.164,67,1994-09-09,it,Released
54,26441,0,0,100,3.2668,5.635,211,1995-09-29,en,Released
55,97406,0,1110974,115,1.8118,5.745,47,1995-05-19,en,Released
57,9089,20000000,22119269,103,3.8695,6.255,196,1995-11-02,en,Released
58,11010,3000000,33000000,114,6.3054,7.911,1249,1994-09-22,it,Released
60,11359,45000000,35700000,96,6.0985,6.492,716,1995-07-14,en,Released
61,17182,20000000,26877589,101,5.4974,6.277,491,1996-01-12,en,Released
62,2054,31000000,106300000,143,6.2163,6.954,470,1995-12-29,en,Released
63,10607,3800000,20949601,89,10.5592,7.06,1570,1996-01-12,en,Released
64,19760,0,10658278,96,4.9614,5.01,102,1996-01-12,en,Released
65,9536,8500000,13400000,95,5.1381,4.642,427,1996-01-12,en,Released
66,11525,15000000,2409225,92,5.17,3.297,180,1996-01-12,en,Released
68,4482,0,0,95,2.6637,6.071,338,1995-01-18,fr,Released
69,10634,3500000,28215918,91,9.4535,7.16,2105,1995-04-26,en,Released
70,755,19000000,25800000,108,21.164,7.05,6709,1996-01-19,en,Released
71,11859,50000000,11500000,91,4.706,5.2,349,1995-11-03,en,Released
72,28387,0,718490,96,2.6702,6.193,249,1995-10-06,en,Released
73,48750,0,0,175,2.3135,6.6,87,1995-03-22,fr,Released
74,20927,0,19030691,87,3.0666,5.872,129,1996-01-26,en,Released
75,36929,15000000,2042530,90,3.408,4.705,83,1996-01-26,en,Released
76,9102,20000000,5781885,108,4.7927,6.2,627,1995-09-08,en,Released
77,124626,0,0,70,1.3268,8.1,13,1995-09-08,en,Released
78,27526,0,0,111,4.0715,6.027,294,1995-01-26,en,Released
79,9623,44000000,22754725,118,7.9705,5.714,456,1996-02-02,en,Released
80,46785,0,0,85,1.7886,7.484,127,1995-01-02,fa,Released
81,400,8000000,529766,116,7.7493,6.442,447,1995-12-01,en,Released
82,880,900000,0,102,3.0183,6.914,152,1995-09-21,nl,Released
83,146599,0,0,115,2.0564,4.167,6,1996-01-26,en,Released
85,8447,0,0,118,1.911,6.186,59,1995-09-10,en,Released
86,10534,38000000,10300000,129,6.5883,6.27,421,1996-02-02,en,Released
87,17414,16000000,0,88,5.1207,5.412,256,1996-01-12,en,Released
88,13997,32400000,32000000,86,5.0219,6.068,474,1996-02-02,en,Released
89,2086,33000000,8175346,89,5.4418,6.2,835,1995-11-22,en,Released
92,9095,47000000,12379402,108,3.1667,5.772,349,1996-02-23,en,Released
93,12158,14000000,19800000,102,4.0775,5.095,659,1995-10-26,en,Released
94,9283,16000000,27000000,112,7.0765,6.673,422,1996-02-09,en,Released
95,9208,50000000,150300000,108,14.2726,6.1,1742,1996-02-09,en,Released
96,40154,0,0,99,2.9969,7.098,46,1995-09-29,en,Released
97,406,2600000,15300000,98,11.9975,8.083,4704,1995-05-31,fr,Released
99,63076,0,0,106,1.8791,6.733,15,1995-12-27,en,Released
100,11062,40000000,33440204,111,6.506,5.964,334,1996-02-16,en,Released
101,13685,7000000,1040879,91,6.3844,6.701,1239,1996-02-21,en,Released
102,47475,0,0,96,2.2059,4.119,67,1996-02-16,en,Released
103,2045,18000000,0,116,3.4839,5.626,123,1996-02-23,en,Released
104,9614,12000000,41422354,92,14.2923,6.675,3468,1996-02-16,en,Released
105,688,24000000,182000000,135,11.8208,7.714,2439,1995-06-02,en,Released
106,11907,0,0,104,1.6549,6.365,37,1994-11-07,de,Released
107,10874,31000000,38506751,100,6.3014,6.723,490,1996-02-16,en,Released
108,89333,0,0,95,2.2032,7.8,9,1995-12-08,en,Released
110,197,72000000,213216216,178,24.052,7.944,11447,1995-05-24,en,Released
111,103,1900000,28579636,114,26.7104,8.122,13803,1976-02-09,en,Released
112,33542,7500000,76028558,106,8.7635,6.854,1225,1995-01-21,cn,Released
113,43566,35000000,8797839,108,6.0,5.923,220,1996-02-23,en,Released
116,51352,0,0,117,1.6139,7.6,25,1995-06-08,en,Released
117,16934,0,0,99,2.6229,6.652,56,1995-01-20,en,Released
118,10324,5000000,2420162,92,2.9364,5.4,61,1996-03-08,en,Released
119,78406,25000000,6278139,113,2.7029,4.5,23,1995-09-29,en,Released
121,32119,0,204540,93,2.4688,7.1,46,1994-06-03,en,Released
122,11066,40000000,131052444,117,5.7309,5.694,653,1992-06-28,en,Released
123,11104,160000,1000000,103,14.8477,7.976,2285,1994-07-14,cn,Released
125,2074,7000000,14702438,93,5.7135,6.176,276,1996-03-22,en,Released
126,27793,17000000,0,95,5.5435,4.461,440,1994-10-26,de,Released
128,290157,0,0,87,0.8098,7.125,8,1995-09-08,en,Released
129,110972,0,0,95,2.2467,6.633,15,1996-02-09,en,Released
132,11863,50000000,9851610,95,4.4436,5.51,304,1995-10-11,en,Released
135,9101,0,37553585,92,8.0069,6.405,552,1996-03-01,en,Released
137,5757,0,209935,86,2.2926,3.563,8,1995-09-15,en,Released
140,9302,60000000,100688562,119,4.8661,6.276,246,1996-03-01,en,Released
141,11000,31000000,185300000,119,8.6702,7.051,1422,1996-03-03,en,Released
144,16388,25000,19326506,98,2.2864,6.098,107,1995-08-11,en,Released
145,9737,19000000,141407024,119,24.1985,6.831,7151,1995-04-07,en,Released
146,30765,0,7506759,84,2.8576,5.726,104,1995-08-25,en,Released
147,10474,2000000,2381087,102,10.012,7.402,2292,1995-04-21,en,Released
148,22279,4000000,851545,113,2.6971,6.497,72,1995-05-11,en,Released
149,30157,0,0,105,2.8729,6.196,112,1994-08-05,en,Released
150,568,52000000,355237933,140,14.3027,7.5,6118,1995-06-30,en,Released
151,11780,28000000,31600000,139,5.5278,6.722,733,1995-04-13,en,Released
152,34996,0,302393,82,4.3421,6.5,326,1995-10-06,en,Released
153,414,100000000,336529144,121,17.1591,5.5,5751,1995-06-16,en,Released
154,649,0,0,101,8.4465,7.3,1042,1967-05-24,fr,Released
155,1873,23000000,14700000,100,2.8409,6.511,88,1995-08-25,en,Released
156,5894,2000000,1300000,83,4.4434,6.544,192,1995-09-15,en,Released
157,1775,11000000,178104,91,4.3766,5.745,269,1995-06-08,en,Released
158,8839,50000000,287928194,100,11.9472,6.347,5056,1995-05-26,en,Released
159,20649,25000000,13100000,128,4.5913,6.702,372,1995-09-15,en,Released
160,10329,50000000,152022101,108,7.9398,5.617,1019,1995-06-09,en,Released
161,8963,53000000,157387195,116,14.4637,7.188,2074,1995-05-12,en,Released
162,26564,0,3041083,121,3.1535,7.546,296,1995-04-28,en,Released
163,8068,7000000,25405445,104,12.0913,6.93,3251,1995-08-25,en,Released
164,8512,27000000,16140822,102,4.75,6.456,479,1995-09-29,en,Released
165,1572,90000000,366101666,128,17.3616,7.3,6849,1995-05-19,en,Released
166,13552,800000,284785,84,4.4448,6.506,328,1995-10-20,en,Released
168,6520,55000000,127600435,134,9.1218,6.089,1375,1995-07-07,en,Released
169,9073,31000000,30077111,95,7.1942,5.9,664,1995-07-19,en,Released
170,10428,20000000,7563728,105,12.2424,6.4,1551,1995-09-14,en,Released
171,17447,0,3487767,92,2.9049,6.25,76,1995-08-18,en,Released
172,9886,25000000,19075720,97,9.1826,5.772,1592,1995-05-26,en,Released
173,9482,90000000,113493481,96,13.2024,5.851,2848,1995-06-30,en,Released
174,19326,0,17014653,88,2.5441,4.385,131,1995-04-12,en,Released
175,9344,1500000,20412216,91,9.1597,6.878,1360,1995-07-21,en,Released
176,9071,500000,1148752,90,3.3608,7.161,342,1995-07-21,en,Released
177,8973,0,13294594,109,3.3961,5.91,391,1995-08-25,en,Released
178,15730,0,0,100,2.8902,5.76,48,1994-07-22,en,Released
179,47608,0,15453274,95,4.1622,5.18,125,1995-05-26,en,Released
180,2293,6000000,2122561,95,7.5137,6.759,1444,1995-10-20,en,Released
181,9070,15000000,66433194,96,5.9163,5.893,796,1995-06-30,en,Released
183,48787,0,0,95,3.9989,6.449,167,1995-09-15,en,Released
184,34574,0,0,93,2.6372,5.698,63,1995-09-01,en,Released
185,1642,22000000,110627965,114,10.1033,6.057,1582,1995-07-28,en,Released
186,11472,35000000,138500000,103,7.4677,5.721,725,1995-07-12,en,Released
187,36196,150000,472370,94,3.8778,6.6,108,1995-06-09,en,Released
188,11980,8000000,16115878,98,6.6241,6.502,584,1995-08-05,en,Released
189,58372,0,0,91,2.1353,6.6,9,1995-11-17,en,Released
190,32646,1000000,512558,119,4.4609,6.955,365,1995-06-23,en,Released
191,10533,50000000,10382407,135,5.9443,6.1,538,1995-10-13,en,Released
193,10802,45000000,20367472,131,12.115,5.559,1440,1995-09-22,en,Released
194,10149,7000000,8349430,112,4.7009,7.192,551,1995-06-09,en,Released
195,18402,30000000,77300000,106,3.7538,5.6,262,1995-08-04,en,Released
196,9348,35000000,113400000,108,9.5353,6.0,1932,1995-07-07,en,Released
198,281,42000000,17000000,145,8.901,7.022,1615,1995-10-13,en,Released
199,5967,200000,7600000,93,7.6712,7.386,911,1964-02-19,fr,Released
201,47939,10000000,7027000,115,2.8565,6.213,89,1995-10-27,en,Released
202,36834,0,339889,111,5.3456,6.413,568,1995-11-03,en,Released
203,9090,0,47774193,108,8.2491,7.5,844,1995-09-08,en,Released
204,3512,60000000,104324083,99,9.2119,5.862,1066,1995-07-13,en,Released
205,52856,0,0,93,1.572,6.1,32,1995-09-15,en,Released
206,77350,0,0,73,2.6313,5.4,19,1995-08-11,en,Released
207,9560,20000000,50012507,103,11.1364,7.376,1158,1995-05-27,en,Released
208,9804,175000000,264218220,135,15.7798,6.237,4231,1995-07-28,en,Released
209,31611,7000000,9000000,89,3.3059,5.046,89,1995-12-01,en,Released
210,65796,30000000,2193982,98,4.1401,5.7,183,1995-12-01,en,Released
211,49805,0,487391,97,2.2209,6.354,65,1994-06-08,en,Released
212,26258,0,7919823,90,2.9479,5.4,131,1995-08-04,en,Released
213,50797,2800000,2616503,135,2.0366,6.926,210,1994-05-01,ru,Released
214,19155,0,763847,113,2.284,7.36,193,1994-06-09,mk,Released
215,76,2500000,5987386,101,16.4677,8.0,4869,1995-01-27,en,Released
216,11017,10000000,26488734,90,8.7484,6.179,1877,1995-02-10,en,Released
217,37141,0,0,90,3.9612,5.128,195,1995-10-17,en,Released
218,9382,21000000,23450000,115,8.0995,6.403,272,1995-02-03,en,Released
219,6715,0,2568235,97,5.0677,7.925,366,1995-04-21,en,Released
220,18256,0,0,90,4.7623,6.103,247,1996-04-20,en,Released
222,22625,15000000,45000000,103,2.2167,6.3,99,1995-04-07,en,Released
223,2292,27575,3158707,92,8.4601,7.368,2869,1994-10-19,en,Released
224,1909,25000000,68792531,97,5.0513,6.75,824,1994-10-12,en,Released
225,8984,55000000,214015089,128,8.2698,6.243,1309,1994-12-09,en,Released
227,4954,45000000,62000000,101,6.2151,5.751,476,1994-12-08,en,Released
228,62488,0,1200000,103,2.8086,5.0,49,1995-04-28,en,Released
229,10531,12000000,8003716,103,4.0193,7.061,583,1994-05-04,en,Released
230,11929,13000000,46400000,132,6.251,7.3,905,1995-03-24,en,Released
231,8467,16000000,247275374,107,22.6347,6.665,6937,1994-12-16,en,Released
232,10451,0,24194403,123,5.7144,7.618,422,1994-08-03,zh,Released
233,20156,2000000,4221036,103,4.6535,6.638,405,1994-09-29,en,Released
234,18395,27500000,6800000,114,3.3131,4.225,102,1994-10-14,en,Released
235,522,18000000,5900000,127,5.8929,7.477,2590,1994-09-28,en,Released
236,397,0,101982854,111,7.1319,6.487,822,1995-05-05,en,Released
237,10525,0,33177694,101,2.7121,6.319,166,1995-05-19,en,Released
238,27985,0,0,81,3.2843,6.204,103,1995-01-13,en,Released
239,15789,18000000,35348597,78,16.46,7.04,1969,1995-04-05,en,Released
240,27303,15000000,12201255,103,3.7105,5.201,174,1995-03-03,en,Released
241,21183,15000000,4000000,96,5.2382,7.038,287,1995-06-02,en,Released
242,10954,0,0,111,3.048,6.548,199,1994-12-01,fr,Released
243,47867,0,3992809,90,1.6576,5.368,34,1995-05-12,en,Released
246,14275,700000,7830611,174,2.175,7.593,344,1994-09-12,en,Released
247,1024,5000000,3049135,109,5.3765,6.955,1064,1994-09-12,en,Released
248,17207,10500000,26300000,109,2.7558,5.512,81,1995-01-06,en,Released
249,13701,120,0,121,5.9624,7.102,380,1994-12-16,en,Released
250,14819,10000000,17700000,97,4.9784,6.181,430,1995-02-17,en,Released
251,32631,15000000,6600000,110,5.5298,5.709,127,1995-02-24,en,Released
252,11777,25000000,26381221,100,3.9613,6.023,508,1994-12-24,en,Released
253,628,60000000,223664608,123,21.0788,7.4,6615,1994-11-11,en,Released
254,87729,14000000,2474000,139,2.0761,5.1,50,1995-03-31,en,Released
255,18713,0,0,82,2.076,4.4,35,1995-02-03,en,Released
256,6280,60000000,108400000,110,5.8552,5.197,1704,1994-11-22,en,Released
257,9061,0,36853222,102,5.2857,6.253,646,1995-02-17,en,Released
258,37108,0,0,89,3.2519,4.938,201,1995-08-11,en,Released
259,6071,40000000,14942422,101,5.2755,5.693,371,1995-04-21,en,Released
260,11,11000000,775398007,121,40.5687,8.207,22894,1977-05-25,en,Released
261,9587,18000000,94983123,115,11.6081,7.269,1373,1994-12-21,en,Released
262,19101,17000000,10000000,97,5.9259,7.64,1073,1995-05-10,en,Released
263,49980,39000000,152457,101,2.2038,7.196,107,1994-02-18,en,Released
265,18183,2000000,21744201,105,3.7214,7.279,569,1992-04-16,es,Released
266,4476,30000000,160638883,133,17.3679,7.392,2949,1994-12-23,en,Released
267,11008,31100000,30112050,95,7.8586,6.5,937,1995-03-24,en,Released
269,32325,0,3267313,92,2.779,6.6,37,1994-06-08,en,Released
270,43742,60000000,18300000,108,3.4741,5.508,65,1994-10-21,en,Released
271,28313,17000000,7603766,106,4.5899,6.514,110,1995-03-17,en,Released
272,11318,0,15238994,107,5.1805,6.764,276,1994-12-28,en,Released
273,3036,45000000,112000000,123,7.1013,6.437,1411,1994-11-04,en,Released
274,40490,0,0,96,3.5532,5.407,198,1995-03-03,en,Released
275,24070,15000000,0,97,5.3544,5.4,227,1994-12-21,en,Released
276,8986,0,18137661,108,4.219,6.486,323,1994-08-31,en,Released
277,10510,0,46264384,114,8.3419,6.758,1196,1994-11-18,en,Released
278,17402,0,5,95,3.7209,5.32,61,1995-01-27,en,Released
279,38722,5500000,11079373,128,4.9051,7.416,89,1995-05-03,en,Released
280,8438,20000000,29500000,122,7.9186,7.137,632,1995-01-20,en,Released
281,11593,20000000,39491975,110,5.0494,6.885,358,1994-12-23,en,Released
282,1945,31000000,106683817,112,5.1189,6.532,565,1994-12-23,en,Released
283,39310,5000000,0,98,2.4978,6.23,50,1995-04-19,en,Released
284,109560,0,0,88,2.4839,3.8,10,1993-08-14,en,Released
285,56428,4800000,0,89,1.8806,5.1,10,1994-04-22,en,Released
287,131957,0,0,100,1.845,5.567,15,1995-03-03,en,Released
288,241,34000000,110000000,119,15.1278,7.049,3921,1994-08-26,en,Released
289,9058,0,20059210,109,7.2116,6.719,584,1994-03-04,en,Released
290,527,950000,6700000,99,4.2018,7.375,514,1994-09-02,en,Released
291,18220,0,0,106,4.2068,4.8,152,1996-04-26,en,Released
292,6950,50000000,189900000,129,12.8934,6.589,2588,1995-03-10,en,Released
293,101,16000000,20330788,111,31.3877,8.29,16540,1994-09-14,fr,Released
294,63020,11000000,2832826,113,2.8137,6.093,43,1995-05-12,en,Released
295,2307,0,345972,94,3.041,5.294,17,1995-04-28,en,Released
296,680,8000000,213928762,154,50.6885,8.48,30909,1994-09-10,en,Released
298,25296,400000,152322,105,1.9434,7.269,93,1991-12-07,zh,Released
299,40156,0,4176932,98,3.5546,6.317,153,1995-03-24,en,Released
300,11450,31000000,24822619,133,7.6854,7.242,1018,1994-08-25,en,Released
301,30304,0,0,94,2.6724,6.5,25,1995-05-05,en,Released
302,10452,0,1318578,138,5.4488,7.193,436,1994-05-13,fr,Released
303,12106,35000000,47000000,107,11.6957,6.555,2039,1995-02-09,en,Released
304,161495,22000000,12400000,108,2.6664,5.7,32,1995-03-03,en,Released
305,3586,15000000,11300653,133,5.4018,5.224,234,1994-12-23,en,Released
306,110,0,4127033,100,8.5647,7.9,1599,1994-05-12,fr,Released
307,108,0,1527572,98,5.799,7.614,1953,1993-09-08,fr,Released
308,109,0,1273525,92,7.1706,7.433,1371,1994-01-26,fr,Released
310,36357,0,0,85,2.2096,5.562,81,1995-01-01,en,Released
311,92769,0,0,90,2.1441,5.2,10,1994-12-16,en,Released
312,28033,6300000,912082,95,2.6854,5.179,28,1995-04-12,en,Released
313,22586,20000000,9771658,89,7.4711,6.631,1054,1994-11-18,en,Released
314,14334,5700000,6160000,103,2.8687,6.7,101,1994-05-14,en,Released
315,2636,45000000,170362582,110,10.6168,5.95,1505,1994-10-07,en,Released
316,2164,55000000,196567262,121,15.7148,7.034,3977,1994-10-28,en,Released
317,11395,22000000,189833357,97,10.352,6.529,2373,1994-11-11,en,Released
318,278,25000000,28341469,142,73.3958,8.731,31385,1994-09-23,en,Released
319,9905,2500000,19779614,93,7.3875,6.992,1190,1994-12-22,en,Released
320,87078,0,102780,96,1.499,6.453,43,1993-09-14,en,Released
321,12527,0,2087569,108,2.7449,7.0,86,1993-12-01,es,Released
322,20306,700000,382928,93,3.0048,6.621,343,1994-09-10,en,Released
324,36614,0,0,100,2.5499,6.756,78,1994-07-28,en,Released
325,27993,0,0,91,3.2333,5.485,103,1995-09-08,en,Released
326,31439,0,0,133,5.385,8.08,395,1994-05-18,zh,Released
327,9067,25000000,4064495,104,6.477,5.512,598,1995-03-31,en,Released
328,9059,13000000,21089146,93,6.1828,6.852,583,1995-01-13,en,Released
329,193,38000000,118071125,118,7.1666,6.524,1560,1994-11-18,en,Released
330,25066,6000000,12000000,98,3.7899,6.264,199,1995-05-24,en,Released
331,46797,0,0,115,2.0357,6.118,34,1994-04-15,en,Released
332,12122,22000000,9418365,98,6.6243,6.108,954,1995-04-28,en,Released
333,11381,20000000,32648673,98,7.1675,6.801,1098,1995-03-31,en,Released
334,32636,0,1746050,120,2.8461,6.668,98,1994-10-19,en,Released
335,36141,6500000,0,99,3.5094,5.7,93,1995-04-28,en,Released
336,95963,0,6014541,88,1.5645,6.032,31,1995-02-24,en,Released
337,1587,11000000,10000000,118,12.2856,7.657,4391,1993-12-17,en,Released
338,9271,30000000,24048000,106,6.5632,5.5,636,1995-08-04,en,Released
339,2064,17000000,182100000,103,11.9848,7.033,2067,1995-04-21,en,Released
340,19855,0,16,126,4.7127,6.666,232,1994-11-04,en,Released
341,60855,0,759393,87,1.223,6.475,20,1994-09-07,en,Released
342,236,3000000,15119639,106,6.1361,6.831,507,1994-09-29,en,Released
343,48287,0,0,94,3.4273,5.451,102,1995-08-18,en,Released
344,3049,15000000,107217396,86,15.4815,6.584,6584,1994-02-04,en,Released
345,2759,2000000,29700000,103,5.2121,7.249,959,1994-08-10,en,Released
346,12635,0,0,100,3.2729,6.1,112,1994-04-01,en,Released
347,10497,5000000,1862805,139,6.9529,7.107,880,1992-09-02,en,Released
348,11382,20000000,37483747,98,4.867,7.074,688,1994-10-14,en,Released
349,9331,62000000,215887717,141,13.7615,6.648,1752,1994-08-03,en,Released
350,10731,45000000,117615211,119,13.3341,6.689,1440,1994-07-20,en,Released
351,10464,12500000,20100000,115,4.4339,6.689,469,1994-08-12,en,Released
352,34152,14000000,13640000,114,3.2222,6.811,167,1994-05-13,en,Released
353,9495,23000000,93722164,102,14.429,7.529,4674,1994-05-11,en,Released
354,29973,25500000,1007583,128,3.701,5.668,107,1994-12-02,en,Released
355,888,46000000,341631208,91,12.7597,5.38,2685,1994-05-27,en,Released
356,13,55000000,677387716,142,47.7075,8.461,30499,1994-06-23,en,Released
357,712,4400000,245700832,117,10.2062,6.773,3081,1994-03-09,en,Released
358,16295,20000000,38300000,128,5.4457,6.322,255,1995-01-11,en,Released
359,48992,0,1777020,104,2.1302,6.3,21,1994-10-14,en,Released
360,10879,45000000,61947267,123,4.329,5.481,233,1994-06-29,en,Released
361,10660,20000000,37939757,101,10.3027,6.747,971,1994-07-16,en,Released
362,10714,27000000,53508356,111,5.4018,6.012,521,1994-12-23,en,Released
363,41647,0,449707,188,1.654,7.206,34,1993-09-11,de,Released
364,8587,45000000,763455561,89,45.1642,8.25,20159,1994-06-15,en,Released
365,1689,35000000,4900000,123,6.2342,6.275,459,1993-12-01,en,Released
366,11596,8000000,19721741,112,9.4361,6.452,1648,1994-10-13,en,Released
367,854,23000000,351583407,101,24.6029,6.994,11597,1994-07-29,en,Released
368,9359,75000000,183031272,127,7.1817,6.901,1843,1994-05-20,en,Released
369,23333,0,0,125,3.3629,5.9,57,1994-09-07,en,Released
370,36593,30000000,132032598,83,14.218,6.516,2622,1994-03-18,en,Released
371,12280,6000000,48400000,112,7.0293,6.563,246,1994-03-18,en,Released
372,2788,11500000,33351557,98,7.1953,6.536,818,1994-02-18,en,Released
373,10427,8000000,2500000,98,5.1071,6.789,410,1993-05-14,en,Released
374,11011,40000000,38087756,94,10.176,5.953,2484,1994-12-19,en,Released
376,8987,45000000,94216343,111,7.7319,6.459,991,1994-09-30,en,Released
377,1637,30000000,350448145,116,18.842,7.159,7070,1994-06-09,en,Released
378,15128,38000000,25067959,99,3.7448,6.0,108,1994-12-16,en,Released
379,8831,28000000,128953581,98,9.8854,6.033,1387,1994-09-15,en,Released
380,36955,115000000,378900000,141,18.308,7.102,4737,1994-07-15,en,Released
381,10449,0,50021959,126,5.5922,6.627,398,1994-04-29,en,Released
382,10395,70000000,131002597,125,6.6088,6.138,1047,1994-06-17,en,Released
383,12160,63000000,25052000,191,6.9933,6.797,973,1994-06-24,en,Released
384,40480,0,0,108,2.5855,4.953,75,1995-01-20,en,Released
385,52038,0,934550,99,1.7826,6.2,21,1994-12-24,en,Released
386,29444,0,0,96,2.0197,5.934,114,1995-01-20,en,Released
387,26352,10000000,29392418,100,3.9421,5.68,125,1994-11-23,en,Released
388,39953,0,0,91,2.2036,5.0,15,1994-09-30,en,Released
389,41580,0,0,110,2.5404,6.654,78,1994-09-21,fr,Released
390,315,45000,36122,83,4.5238,6.352,378,1965-08-06,en,Released
391,22067,7000000,20851521,119,2.6328,6.754,61,1994-05-22,en,Released
393,11667,35000000,99423521,102,10.2192,4.681,1694,1994-12-23,en,Released
405,8011,30000000,36738574,99,6.4647,4.749,568,1994-11-29,en,Released
406,171857,0,0,97,1.0892,4.818,11,1995-02-24,en,Released
407,2654,8000000,8946600,95,7.9139,7.206,2003,1995-02-03,en,Released
408,18069,7000000,19623396,105,3.6738,7.075,114,1994-02-25,en,Released
409,19092,0,0,96,3.9969,7.063,248,1994-03-23,en,Released
410,2758,47000000,48919043,94,14.3716,6.987,3418,1993-11-19,en,Released
412,10436,34000000,32255440,138,10.3541,6.954,1252,1993-09-10,en,Released
413,13595,15000000,5751882,92,5.403,6.221,858,1994-08-05,en,Released
414,46094,17000000,21011500,107,3.2222,6.2,172,1994-01-07,en,Released
415,9409,30000000,30008496,109,6.2349,5.446,259,1993-07-22,en,Released
416,11853,0,15240435,99,7.092,5.345,275,1994-04-22,en,Released
417,16771,3200000,0,100,2.2666,6.275,91,1994-07-29,en,Released
418,46924,40000000,5000000,122,3.3158,5.115,65,1994-05-06,en,Released
419,11041,25000000,57405220,93,6.9509,6.326,619,1993-10-15,en,Released
420,306,50000000,119208989,105,12.8181,5.868,2213,1994-05-24,en,Released
421,14522,0,0,88,4.6256,6.724,355,1994-07-29,en,Released
422,26203,11000000,16668552,106,3.2426,6.112,206,1993-10-01,en,Released
423,178,28000000,30156002,121,7.0366,6.215,650,1994-07-01,en,Released
424,19819,35000000,26000000,108,3.5267,6.108,217,1994-02-18,en,Released
425,57834,0,0,101,3.0576,6.071,155,1994-09-16,en,Released
426,4722,13000000,428868,87,6.0884,6.2,498,1993-06-09,en,Released
427,18215,4000000,1796389,107,4.5216,5.0,261,1993-03-22,en,Released
428,1607,22000000,17287898,121,17.8572,7.9,3014,1993-10-01,en,Released
429,26391,0,3662459,80,2.7515,5.235,115,1994-01-07,en,Released
430,117553,13000000,2600000,90,3.1993,5.191,68,1993-09-03,en,Released
431,6075,30000000,63848322,144,12.008,7.827,3589,1993-11-10,en,Released
432,11310,40000000,72000000,116,4.2826,5.343,360,1994-06-10,en,Released
433,18658,0,7355425,107,3.4571,5.8,74,1994-05-06,en,Released
434,9350,70000000,255000211,113,13.0005,6.526,2740,1993-05-28,en,Released
435,9612,33000000,21274717,87,7.6044,5.525,1084,1993-07-23,en,Released
436,2124,40000000,19700000,121,8.2505,5.762,651,1994-08-19,en,Released
437,26261,20000000,11391093,93,2.7065,5.196,138,1994-04-15,en,Released
438,19176,35000000,25000000,107,5.0768,5.697,170,1994-06-03,en,Released
440,11566,28000000,92000000,110,6.8783,6.645,863,1993-05-07,en,Released
441,9571,6900000,8259076,102,11.4371,7.314,2355,1993-09-24,en,Released
442,9739,57000000,159055768,115,17.5178,6.774,4279,1993-10-08,en,Released
444,34444,8000000,0,96,3.2523,4.349,149,1994-05-13,en,Released
445,26141,10000000,7839327,90,5.805,5.531,176,1993-10-29,en,Released
446,10997,4000000,6400000,171,10.9417,7.938,710,1993-01-01,zh,Released
448,10443,20000000,6995302,122,3.7608,6.876,355,1993-10-15,en,Released
449,20239,1000000,233824,88,2.3128,6.161,56,1994-06-03,en,Released
450,16297,0,20016254,103,4.0146,6.742,235,1994-04-29,en,Released
451,18551,0,9709451,126,3.7731,5.958,106,1993-11-05,en,Released
452,25440,0,0,101,3.1255,6.381,21,1994-04-15,en,Released
453,9024,30000000,11146270,94,6.9027,6.178,408,1993-10-01,en,Released
454,37233,42000000,270248367,154,13.5865,6.746,2411,1993-06-30,en,Released
455,1634,20000000,153698625,112,10.8264,6.213,2044,1993-07-16,en,Released
456,13815,3500000,8094616,114,5.6313,7.188,248,1994-06-15,en,Released
457,5503,44000000,368875760,131,17.5455,7.5,4960,1993-08-06,en,Released
458,35588,35000000,18635620,115,4.787,6.29,311,1993-12-10,en,Released
459,2087,37000000,30057974,116,10.4028,5.8,403,1994-02-11,en,Released
460,41579,30000000,53769594,109,3.9163,5.332,223,1994-06-17,en,Released
461,18620,15000,2405285,83,1.4618,5.244,43,1994-06-10,en,Released
464,2019,18000000,74189677,99,13.7747,6.514,1390,1993-04-27,en,Released
466,9255,25000000,133752825,88,11.0654,6.548,2146,1993-05-21,en,Released
467,26271,0,0,95,3.3195,4.659,41,1995-12-08,en,Released
468,10612,40000000,10904930,91,4.7217,6.346,328,1995-05-12,en,Released
469,2259,25000000,6265311,140,7.1739,6.941,753,1993-10-21,en,Released
470,16097,0,0,94,2.6029,5.266,62,1994-01-11,en,Released
471,11934,25000000,2800000,111,6.9625,7.063,1238,1994-03-11,en,Released
472,106143,40000000,0,115,3.9714,5.579,57,1994-02-04,en,Released
473,12475,0,28881266,91,4.4984,5.089,235,1994-08-12,en,Released
474,9386,40000000,177000000,128,12.5317,6.976,1875,1993-07-08,en,Released
475,7984,13000000,65796862,133,9.1985,7.9,2047,1993-12-27,en,Released
476,59930,0,8880705,110,1.9563,5.69,21,1994-04-22,en,Released
477,15765,15000000,39100000,118,6.3583,7.1,384,1993-06-09,en,Released
478,31643,30000000,3800000,112,2.4523,5.2,76,1994-03-30,en,Released
479,6,21000000,12136938,110,5.4428,6.448,387,1993-10-15,en,Released
480,329,63000000,1058454230,127,18.3467,7.976,18359,1993-06-11,en,Released
481,10909,9000000,2395231,118,6.3287,6.59,905,1993-06-24,en,Released
482,507,1500000,418961,96,3.2448,6.201,383,1993-10-01,en,Released
484,29918,0,9994609,94,3.1365,6.116,224,1994-07-22,en,Released
485,9593,85000000,137298489,131,14.095,6.488,3109,1993-06-18,en,Released
486,42580,2000000,12440858,91,2.9012,5.704,162,1993-06-04,en,Released
487,22317,0,0,98,2.399,5.521,144,1994-03-11,en,Released
488,1413,17000000,1499795,101,3.1842,6.575,253,1993-10-01,en,Released
489,12121,22000000,104942695,111,5.1128,5.548,400,1993-01-06,en,Released
490,2246,20000000,46405336,107,5.5409,6.28,538,1993-09-29,en,Released
491,10502,20000000,36560338,115,4.2339,6.558,582,1993-08-25,en,Released
492,10440,13500000,11285588,104,5.196,7.253,1208,1993-05-02,en,Released
493,9516,3500000,27900000,97,6.9004,7.517,953,1993-05-26,en,Released
494,2320,55000000,121969216,132,10.8866,6.35,1070,1996-03-15,en,Released
495,5879,0,7650000,102,12.9201,6.615,760,1976-09-15,ja,Released
496,83718,0,0,91,2.4274,7.194,49,1994-09-09,en,Released
497,11971,11000000,22600000,111,6.8642,6.956,838,1993-05-07,en,Released
499,31911,0,3125424,98,2.5822,5.6,49,1993-10-15,en,Released
500,788,25000000,441286195,125,20.8092,7.196,6802,1993-11-24,en,Released
501,21450,0,1769305,131,6.522,7.285,701,1993-08-06,en,Released
502,11231,12000000,15876353,107,11.0207,5.39,1211,1994-07-18,en,Released
504,10447,20000000,15340000,118,5.418,6.238,507,1994-04-29,en,Released
505,31586,40000000,7182747,87,4.5799,5.044,281,1994-07-22,en,Released
506,9300,4000000,5377643,94,5.0143,6.94,406,1992-12-11,en,Released
507,9559,30000000,135100000,138,10.6745,7.499,1929,1993-11-24,en,Released
508,9800,26000000,206678440,126,9.7898,7.702,4757,1993-12-22,en,Released
509,713,7000000,40247071,120,10.7656,7.358,1692,1993-05-18,en,Released
510,8291,14000000,27515786,109,4.6983,6.727,298,1993-07-23,en,Released
511,18133,0,23042200,112,2.9043,6.491,111,1993-09-24,en,Released
512,25557,15000000,8600000,109,3.7629,5.763,207,1994-10-21,en,Released
513,22588,0,0,108,3.0758,5.8,58,1994-10-21,en,Released
514,10872,11000000,11400000,97,3.8865,6.552,388,1994-03-09,en,Released
515,1245,11500000,23240144,134,9.0279,7.358,1552,1993-11-05,en,Released
516,11858,40000000,24332324,128,5.5081,6.125,328,1994-06-03,en,Released
517,7007,40000000,107198790,129,7.629,6.152,866,1993-07-30,en,Released
518,10467,25000000,26000000,118,4.4899,5.6,202,1994-10-28,en,Released
519,5550,22000000,10696210,105,8.3763,4.902,1498,1993-01-21,en,Released
520,8005,20000000,35739755,104,11.3819,6.612,2379,1993-07-28,en,Released
521,2088,11500000,3275585,110,5.1544,6.202,223,1993-09-13,en,Released
522,10412,1600000,3300000,94,3.2771,6.525,591,1992-03-05,en,Released
523,47889,800000,1001437,114,2.1681,5.975,40,1993-10-08,en,Released
524,14534,12000000,22800000,114,6.2867,7.35,788,1993-09-17,en,Released
526,41878,0,0,126,1.9851,6.482,84,1992-10-21,fr,Released
527,424,22000000,321365567,195,35.0822,8.57,17929,1993-12-15,en,Released
528,35233,20000000,2694234,101,3.2842,5.238,124,1994-09-30,en,Released
529,14291,12000000,7266383,110,4.8691,7.071,673,1993-08-13,en,Released
531,11236,18000000,40000000,101,7.1965,7.4,1012,1993-08-13,en,Released
532,11592,13000000,7820688,94,5.6609,6.7,791,1994-04-13,en,Released
533,8850,40000000,48063465,108,6.9451,6.065,590,1994-07-01,en,Released
534,10445,22000000,25842000,131,3.3509,6.881,319,1993-12-25,en,Released
535,695,12000000,6110979,188,5.5282,7.223,712,1993-10-01,en,Released
536,43535,0,3430583,106,4.5823,6.14,132,1994-09-02,en,Released
537,12519,0,7770731,98,3.8241,5.594,175,1994-03-04,en,Released
538,23210,15000000,6284090,112,5.0433,6.385,382,1993-12-08,en,Released
539,858,21000000,227799884,105,15.2595,6.744,2690,1993-06-24,en,Released
540,867,40000000,116300000,107,7.2731,5.57,839,1993-05-21,en,Released
541,78,28000000,41722424,118,29.9537,7.936,15422,1982-06-25,en,Released
542,13203,8000000,36448200,95,4.8865,6.029,311,1993-07-02,en,Released
543,10442,20000000,11585483,93,4.5713,6.111,496,1993-07-30,en,Released
544,11074,30000000,77000000,102,9.1436,5.93,993,1993-09-17,en,Released
546,9607,48000000,20929518,105,8.7192,4.499,1501,1993-05-28,en,Released
547,17585,7400000,7690013,96,4.4965,6.175,226,1994-04-15,en,Released
548,9057,50000000,16478900,102,5.2237,5.356,295,1994-09-23,en,Released
549,20967,0,0,93,2.5243,7.04,50,1993-11-26,en,Released
550,10635,0,14815317,93,4.257,6.4,247,1994-04-08,en,Released
551,9479,18000000,75634409,76,29.441,7.839,10606,1993-10-09,en,Released
552,10057,30000000,111898845,105,10.9008,6.386,1104,1993-11-11,en,Released
553,11969,25000000,73205065,130,13.6398,7.582,2552,1993-12-25,en,Released
555,319,12500000,12600000,119,15.8438,7.537,3180,1993-09-09,en,Released
556,26408,0,901668,96,1.9939,6.771,72,1993-11-03,en,Released
558,15139,27000000,13670688,75,8.5109,6.404,811,1994-11-23,en,Released
562,11446,800000,5034794,88,5.3961,7.081,521,1996-03-22,en,Released
563,51980,0,0,160,2.1883,6.723,349,1993-09-29,fr,Released
564,24405,15000000,1596687,102,4.7316,5.4,181,1994-04-22,en,Released
567,8223,0,2019069,117,4.2806,6.388,329,1993-10-29,es,Released
568,14587,0,0,100,2.5762,5.293,29,1993-09-11,en,Released
569,31504,0,0,119,3.1942,5.947,123,1994-06-29,en,Released
573,23637,0,0,93,1.7429,7.2,407,1992-10-09,it,Released
574,17600,200000,0,106,4.2664,5.7,88,1994-01-15,en,Released
575,10897,0,67308282,82,18.9683,6.831,1368,1994-08-05,en,Released
577,21352,0,0,94,2.7885,5.4,129,1994-08-17,en,Released
579,68806,0,0,96,1.5989,6.574,47,1993-04-15,it,Released
580,37345,0,3021629,97,3.2353,5.5,32,1994-09-16,en,Released
581,32562,0,1400591,102,2.1804,7.24,121,1996-03-15,en,Released
583,25403,0,173696,101,2.911,7.328,526,1993-11-12,it,Released
585,9066,12000000,46576136,89,5.0071,6.1,336,1995-02-16,en,Released
586,771,18000000,476684675,103,2.0124,7.466,12859,1990-11-16,en,Released
587,251,22000000,505000000,127,20.4796,7.2,6208,1990-07-13,en,Released
588,812,28000000,504050219,91,22.8676,7.657,12264,1992-11-25,en,Released
589,280,102000000,517814175,137,39.2053,8.169,14880,1991-07-03,en,Released
590,581,22000000,424208848,181,17.8984,7.839,4828,1990-11-09,en,Released
592,268,35000000,411348924,126,21.9219,7.234,8812,1989-06-21,en,Released
593,274,19000000,272742922,119,9.0195,8.3,18528,1991-02-14,en,Released
594,408,1488423,184925486,83,25.2431,7.128,8131,1937-12-21,en,Released
595,10020,25000000,424967620,84,31.1885,7.725,10900,1991-10-22,en,Released
596,10895,2600000,164000000,88,17.7873,7.118,6373,1940-02-23,en,Released
597,114,14000000,463406268,120,18.7778,7.441,9181,1990-03-23,en,Released
599,576,6244087,638641,145,7.8898,7.588,1379,1969-06-19,en,Released
600,15477,0,0,101,2.5803,5.733,73,1994-11-23,en,Released
602,124472,0,527034,60,1.5423,6.6,10,1994-09-27,en,Released
605,7300,0,97529550,108,4.8513,6.48,746,1996-12-20,en,Released
606,10824,0,13940383,95,4.6105,5.457,431,1995-03-17,en,Released
608,275,7000000,60611975,98,18.186,7.848,9393,1996-03-08,en,Released
609,25059,0,32709423,89,7.1038,6.622,551,1996-03-08,en,Released
610,11827,9300000,20118654,90,5.6585,6.536,830,1981-08-07,en,Released
611,8766,4000000,16675000,86,5.3036,5.284,626,1996-03-08,en,Released
612,23570,8000000,5656388,97,3.725,4.957,132,1996-05-03,en,Released
613,47333,0,5200601,113,4.4685,6.926,250,1996-01-20,en,Released
615,51242,0,0,115,2.0673,7.198,101,1974-05-05,it,Released
616,10112,4000000,191000000,78,16.4762,7.303,5456,1970-12-24,en,Released
617,4307,4500000,19000000,106,4.2508,6.783,267,1995-09-22,es,Released
618,46029,24000000,1141556,118,3.7882,5.466,179,1995-12-01,en,Released
619,32308,24000000,4400000,94,2.6232,4.129,140,1996-03-15,en,Released
626,28121,8000000,34746109,108,2.8136,5.698,96,1996-04-04,en,Released
627,12520,0,442965,92,4.4682,6.528,304,1995-09-08,en,Released
628,1592,30000000,102616183,130,19.2833,7.659,4165,1996-04-03,en,Released
631,19042,0,8620678,82,5.1299,6.051,296,1996-03-29,en,Released
632,38884,3000000,228800,109,3.7462,7.346,309,1995-04-07,en,Released
633,47449,0,0,80,2.3879,6.04,25,1995-05-17,en,Released
634,36259,33500000,0,92,4.2623,3.634,123,1995-12-14,en,Released
635,41852,0,10125417,109,2.4295,6.558,78,1996-03-29,en,Released
636,40926,0,0,88,1.7793,4.2,17,1996-03-22,en,Released
637,9099,39000000,37956793,90,5.581,5.883,407,1996-03-29,en,Released
638,2021,0,218626,110,2.5633,6.75,58,1995-06-02,en,Released
639,61752,12000000,4939939,108,3.1891,5.1,126,1996-03-22,en,Released
640,10988,45000000,52400000,107,3.397,5.502,331,1996-03-22,en,Released
645,12652,0,0,106,2.7981,7.007,147,1995-10-18,fr,Released
647,10684,46000000,100900000,116,10.0842,6.555,1100,1996-07-04,en,Released
648,954,80000000,457696391,111,25.4027,7.03,10274,1996-05-22,en,Released
649,68445,0,0,85,1.4328,6.4,26,1995-02-10,en,Released
650,18989,0,3486578,123,4.1171,6.102,85,1996-06-14,en,Released
653,8840,57000000,115267375,103,9.5921,6.568,2235,1996-05-31,en,Released
656,11107,30000000,31387164,100,3.3915,5.489,183,1996-05-31,en,Released
661,10539,38000000,28946127,79,8.727,6.604,1482,1996-04-12,en,Released
662,10543,0,0,97,10.6703,6.669,1131,1996-04-12,en,Released
663,18414,0,0,88,2.6998,6.247,89,1996-04-02,en,Released
665,11902,14000000,182134,170,3.7108,7.7,806,1995-10-25,sr,Released
667,25087,0,684351,90,2.8751,5.372,149,1996-03-01,en,Released
668,5801,31500,536364,125,3.4675,7.802,509,1955-08-26,bn,Released
670,896,0,134241,105,2.3602,8.112,290,1959-05-01,bn,Released
671,3065,5000000,1007306,73,2.3463,6.572,237,1996-04-19,en,Released
673,2300,80000000,250200000,87,16.3706,6.808,6570,1996-11-15,en,Released
674,8069,9000000,2500000,98,8.1998,5.991,879,1968-10-10,en,Released
678,27768,0,0,25,2.003,6.67,33,1994-03-26,en,Released
679,221917,0,0,109,1.7071,6.417,12,1995-09-22,en,Released
680,8072,220000,46585,99,5.7744,6.896,634,1965-05-05,fr,Released
685,33245,0,622503,110,3.0101,6.329,42,1996-03-22,en,Released
688,27281,0,0,107,3.618,5.19,197,1995-07-28,en,Released
691,40001,25000000,10082005,105,4.0502,7.2,227,1996-04-19,en,Released
692,29621,0,0,94,3.2672,4.96,87,1996-08-23,en,Released
694,20762,0,14818176,114,8.4849,7.019,606,1996-04-19,en,Released
695,37144,0,0,94,2.26,5.768,95,1995-12-01,en,Released
697,12656,0,0,99,3.952,5.427,185,1996-09-13,en,Released
698,38867,0,63174,99,3.1957,4.4,52,1995-06-09,en,Released
700,25969,1500000,4821759,90,2.2997,6.597,98,1995-09-15,en,Released
703,43634,0,516349,86,2.8912,5.4,49,1996-05-10,en,Released
704,9103,30000000,57400547,95,6.9964,6.218,820,1996-04-19,en,Released
706,29649,0,10163782,99,2.7535,6.478,23,1996-04-26,en,Released
707,10990,29000000,11500000,107,4.8305,6.031,337,1996-04-26,en,Released
708,8866,0,3407,93,3.195,6.1,352,1996-04-26,en,Released
709,12233,31000000,121000000,74,11.3263,6.739,1748,1988-11-18,en,Released
710,23449,0,0,91,3.342,5.306,160,1996-04-19,en,Released
711,36355,25530000,20080020,95,3.7715,5.559,362,1996-05-17,en,Released
714,922,9000000,1038000,122,8.7304,7.306,1795,1995-12-23,en,Released
715,11876,35000000,15000000,135,3.6257,6.5,161,1995-09-20,fr,Released
718,11687,9500000,98800000,107,8.3108,7.121,2103,1993-01-27,fr,Released
719,9304,45000000,21075014,117,5.5948,5.823,623,1996-07-19,en,Released
720,503475,0,0,75,1.6287,7.6,5,1996-06-14,en,Released
722,73183,0,0,112,0.9688,7.769,13,1996-05-01,en,Released
724,9100,15000000,24800000,101,15.8022,6.782,2126,1996-05-03,en,Released
725,20759,0,0,91,3.3015,5.248,109,1996-05-03,en,Released
726,46063,0,5,103,3.2706,5.682,107,1996-05-02,en,Released
728,32513,0,0,95,1.9606,6.8,80,1995-01-01,en,Released
731,36915,25000000,5009305,132,3.088,5.365,89,1996-05-17,en,Released
733,9802,75000000,335062621,137,17.6735,7.157,5381,1996-06-07,en,Released
735,21588,4000000,0,104,3.558,6.917,591,1994-03-25,it,Released
736,664,92000000,494471524,113,14.8295,6.575,3998,1996-05-10,en,Released
737,11867,9000000,3793614,98,6.8919,4.121,507,1996-05-02,en,Released
741,9323,3000000,10000000,83,20.5827,7.9,4054,1995-11-18,ja,Released
742,10280,8000000,15315484,92,6.584,5.895,697,1996-10-25,en,Released
743,10535,18000000,26960191,81,9.7429,5.415,796,1996-05-24,en,Released
745,532,0,4638,30,6.0986,7.594,973,1996-03-07,en,Released
747,16299,25000000,2491989,94,2.9377,4.844,91,1996-08-08,en,Released
748,10547,25000000,14063331,115,9.5148,6.043,879,1996-05-31,en,Released
750,935,1800000,9500000,95,14.9134,8.1,6331,1964-01-29,en,Released
757,40751,0,0,98,4.3071,7.072,409,1994-09-17,cn,Released
759,85778,0,0,83,1.1292,7.111,9,1995-11-10,en,Released
760,11101,10000000,152972,134,5.8389,7.337,655,1993-01-20,de,Released
761,9826,45000000,17323326,100,7.0214,5.322,647,1996-06-06,en,Released
762,9879,50000000,113309743,115,9.5257,5.565,1213,1996-06-28,en,Released
764,22621,0,0,105,2.1786,6.6,95,1995-12-29,en,Released
765,7095,45000000,58620973,113,7.2205,6.283,1398,1996-08-09,en,Released
766,26890,0,1814290,103,3.605,6.151,96,1996-05-01,en,Released
773,77771,0,0,91,3.0879,6.596,125,1973-05-10,wo,Released
775,41225,0,0,122,3.0203,6.23,189,1968-05-16,fr,Released
778,627,4000000,71981823,94,16.309,7.959,10675,1996-02-23,en,Released
779,32872,1000000,3525125,113,2.6851,4.118,38,1997-05-30,en,Released
780,602,75000000,817400891,145,23.6573,6.918,10743,1996-07-02,en,Released
781,14553,10000000,4800000,116,8.8103,6.675,632,1996-03-29,en,Released
782,9566,55000000,18626419,116,6.3123,5.986,905,1996-08-15,en,Released
783,10545,100000000,325300000,91,17.3779,7.134,5480,1996-06-21,en,Released
784,9894,47000000,102825796,96,14.086,6.003,2770,1996-06-10,en,Released
785,11543,27000000,25023434,114,5.0189,6.537,1017,1996-07-04,en,Released
786,9268,100000000,242295562,115,12.7935,6.103,2118,1996-06-21,en,Released
788,9327,54000000,128769345,95,8.7483,5.648,3216,1996-06-28,en,Released
790,81949,0,65352,82,1.8744,6.233,30,1994-06-15,fr,Released
795,44535,0,0,102,2.1184,5.2,17,1994-09-27,en,Released
798,11228,80000000,159212469,115,10.534,6.144,1774,1996-12-06,en,Released
799,10779,30000000,29359216,110,9.8389,6.969,1824,1996-07-19,en,Released
800,26748,5000000,13269963,135,3.6391,7.052,434,1996-06-21,en,Released
801,38223,12000000,26600000,101,4.1908,6.104,207,1996-07-10,en,Released
802,9294,32000000,152000000,123,11.9056,6.526,1415,1996-07-05,en,Released
803,49963,0,0,86,2.1739,6.067,60,1996-07-17,en,Released
804,11363,3500000,9500000,96,5.1986,5.477,284,1996-08-26,en,Released
805,1645,40000000,152266007,149,18.161,7.391,3094,1996-07-24,en,Released
806,31546,0,665450,88,2.2888,5.37,73,1996-09-13,en,Released
808,36344,23000000,11829959,109,3.5205,5.782,149,1996-08-14,en,Released
809,18550,25000000,17193231,98,4.3975,5.723,269,1996-07-19,en,Released
810,11511,20000000,18937262,94,3.51,4.153,321,1996-07-17,en,Released
813,34170,30000000,8315693,93,2.9065,5.538,158,1996-07-26,en,Released
818,12606,12000000,21440752,90,4.3261,5.834,184,1996-08-23,en,Released
823,4837,0,0,86,2.7163,6.859,274,1967-03-02,fr,Released
824,12632,0,0,139,2.2514,6.188,16,1993-09-11,de,Released
828,18975,25000000,15100000,95,4.109,5.303,256,1996-07-26,en,Released
829,11962,13000000,4600000,81,5.1286,5.8,389,1996-07-26,en,Released
830,2925,26000000,116400000,102,8.6917,6.7,850,1996-09-20,en,Released
832,3595,80000000,309492681,121,9.5495,6.696,2200,1996-11-08,en,Released
833,9308,0,21302121,86,4.0989,5.531,229,1996-10-25,en,Released
835,18555,0,258263,102,3.6376,6.0,157,1996-08-23,en,Released
836,12123,50000000,60209334,107,11.0227,5.821,1256,1996-08-02,en,Released
837,10830,36000000,33500000,98,17.9519,7.188,4963,1996-08-02,en,Released
838,3573,6000000,22231658,121,5.561,6.612,684,1996-08-02,en,Released
839,10546,13000000,25317287,84,5.363,5.505,623,1996-08-29,en,Released
840,18862,0,0,109,3.9262,5.354,147,1996-08-14,en,Released
841,31417,0,58656,84,5.1295,7.595,822,1960-01-11,fr,Released
842,9431,15000000,5600000,87,5.5152,5.965,431,1996-08-16,en,Released
848,47907,6000000,12643776,117,2.5905,6.478,69,1996-08-23,en,Released
849,10061,50000000,42277365,101,12.3063,5.861,1673,1996-08-09,en,Released
851,549,3300000,3022292,107,3.7674,6.613,326,1996-08-09,en,Released
852,10478,45000000,53854588,135,4.5762,6.075,609,1996-08-16,en,Released
858,238,6000000,245066411,175,70.4018,8.687,23613,1972-03-14,en,Released
861,11134,0,34391494,95,8.5516,6.939,602,1992-07-04,cn,Released
866,9303,4500000,7011317,105,10.4765,7.238,1151,1996-09-13,en,Released
867,23945,17000000,0,89,2.5601,5.22,93,1996-08-23,en,Released
869,22479,18000000,0,116,2.5685,6.078,102,1996-08-16,en,Released
870,9054,53000000,19745922,94,4.1029,4.923,169,1997-05-30,en,Released
875,410921,0,0,83,0.9339,4.75,4,1994-01-01,en,Released
876,38955,1000000,1207130,101,2.6564,5.7,104,1993-10-21,cn,Released
879,11015,60000000,33956608,110,7.8468,6.2,659,1997-01-10,en,Released
880,9306,40000000,49627779,96,4.8671,4.9,585,1996-08-23,en,Released
881,12559,0,0,101,4.3181,5.775,211,1996-08-30,en,Released
882,58770,8000000,3600000,94,3.8696,5.8,125,1996-08-30,en,Released
885,3587,32000000,0,110,4.7702,5.808,248,1996-09-06,en,Released
886,10723,25000000,22611954,84,7.3275,5.825,681,1996-09-06,en,Released
888,19004,0,0,70,7.2619,6.2,424,1995-03-16,en,Released
889,101230,0,0,87,0.8289,4.125,8,1994-09-01,nl,Released
891,10987,5000000,15116634,88,8.2318,5.2,1275,1995-09-29,en,Released
892,44705,5000000,33000000,134,2.0825,7.03,100,1996-10-25,en,Released
893,20318,0,0,114,3.1278,6.627,64,1996-11-01,en,Released
896,26933,0,807775,115,2.7491,7.014,148,1994-06-01,fr,Released
897,27854,3000000,17800000,170,4.1002,6.523,216,1943-07-12,en,Released
898,981,914000,3300000,113,5.5685,7.537,1022,1940-12-05,en,Released
899,872,2540800,7200000,103,14.7148,8.1,3622,1952-04-10,en,Released
900,2769,5635000,6981000,113,6.4444,7.005,673,1951-09-26,en,Released
901,13320,0,0,103,6.6945,6.977,752,1957-02-13,en,Released
902,164,2500000,9500000,115,11.5919,7.614,4572,1961-10-06,en,Released
903,426,2479000,7808900,128,16.7926,8.131,6509,1958-05-28,en,Released
904,567,1000000,37042336,113,21.9342,8.335,7371,1954-08-01,en,Released
905,3078,325000,4500000,105,8.2401,7.817,1456,1934-02-22,en,Released
906,13528,2068000,0,114,6.1193,7.5,593,1944-05-04,en,Released
907,28288,520000,1800000,105,2.6346,6.887,151,1934-10-12,en,Released
908,213,4000000,13275000,137,14.2784,8.0,4643,1959-08-06,en,Released
909,284,3000000,25000000,126,12.6153,8.182,2780,1960-06-21,en,Released
910,239,2900000,25000000,123,15.0976,8.1,3998,1959-03-19,en,Released
911,4808,4000000,13475000,113,7.3989,7.653,1600,1963-12-01,en,Released
912,289,878000,10462500,102,17.4504,8.1,6228,1943-01-15,en,Released
913,963,375000,1772000,100,9.9694,7.703,1938,1941-10-18,en,Released
914,11113,17000000,72661442,173,8.2009,7.478,1470,1964-12-01,en,Released
915,6620,2239000,10000000,114,5.6801,7.505,1394,1954-09-01,en,Released
916,804,1500000,12000000,119,16.8896,7.887,2335,1953-08-26,en,Released
917,26531,0,0,93,3.1016,6.647,129,1939-03-17,en,Released
918,909,1707561,7566000,114,5.5708,7.013,438,1944-11-28,en,Released
919,630,2777000,33754967,102,25.543,7.6,6290,1939-08-21,en,Released
920,770,4000000,402352579,238,20.5751,7.904,4486,1939-12-15,en,Released
921,31044,7900000,20123620,92,2.553,6.649,121,1982-10-01,en,Released
922,599,1752000,5000000,110,14.8942,8.3,3032,1950-08-10,en,Released
923,15,839727,23218000,119,13.9669,7.966,6234,1941-04-17,en,Released
924,62,12000000,71923560,149,31.2015,8.044,12954,1968-04-02,en,Released
926,705,1400000,8402553,139,8.4451,8.072,1761,1950-11-09,en,Released
927,22490,1688000,2270000,133,3.6625,7.161,183,1939-09-01,en,Released
928,223,0,0,130,8.3956,7.884,2032,1940-03-23,en,Released
929,25670,0,0,120,4.5257,6.968,464,1940-08-16,en,Released
930,303,2000000,24500000,103,6.694,7.713,1799,1946-08-21,en,Released
931,4174,1500000,7000000,111,6.421,7.387,1010,1945-10-31,en,Released
932,8356,2100000,3800000,111,5.1263,7.373,527,1957-07-11,en,Released
933,381,2500000,8750000,106,9.7929,7.261,1718,1955-08-03,en,Released
934,20758,0,0,92,3.9782,7.0,244,1950-05-18,en,Released
935,29376,2900000,3500000,112,4.4673,7.163,249,1953-08-07,en,Released
936,1859,1365000,2279000,110,4.9599,7.518,450,1939-11-16,en,Released
937,18299,2100000,2000000,130,4.1483,7.012,347,1957-05-29,en,Released
938,17281,3319355,13200000,115,3.7806,6.23,357,1958-05-15,en,Released
940,10907,2033000,3981000,102,7.5646,7.473,876,1938-05-13,en,Released
941,32093,1000000,4000000,94,3.7519,7.2,240,1940-11-08,en,Released
942,1939,1020000,2000000,88,5.6891,7.631,944,1944-10-11,en,Released
943,22292,0,0,105,4.029,7.534,368,1947-05-25,en,Released
944,3598,4000000,0,132,2.7456,6.937,253,1937-03-03,en,Released
945,3080,609000,3202000,99,3.6131,7.242,347,1935-08-29,en,Released
946,198,1200000,1500000,99,5.2939,7.815,861,1942-03-06,en,Released
947,13562,575375,684200,95,3.5964,7.591,406,1936-09-02,en,Released
948,1712,5400000,32855818,201,10.191,7.6,781,1956-11-08,en,Released
949,220,2,5000000,115,8.3959,7.526,836,1955-04-10,en,Released
950,3529,226408,1423000,91,4.0092,7.5,555,1934-05-25,en,Released
951,3085,0,0,92,6.7086,7.393,974,1940-01-18,en,Released
952,2897,6000000,42000000,182,8.7659,6.677,606,1956-10-17,en,Released
953,1585,3180000,9644124,131,20.2072,8.3,5065,1946-12-20,en,Released
954,3083,1500000,9600000,130,7.178,7.812,1233,1939-10-19,en,Released
955,900,1073000,0,102,7.1783,7.508,1122,1938-02-18,en,Released
956,43795,0,0,120,3.0645,6.6,125,1941-04-24,en,Released
959,43905,0,0,83,2.4944,6.497,143,1934-07-20,en,Released
961,23114,590000,1037000,102,1.9981,6.8,62,1936-03-06,en,Released
963,40206,0,0,101,2.7245,6.6,58,1949-12-31,en,Released
965,260,75000,0,86,6.6905,7.3,1092,1935-06-06,en,Released
968,10331,114000,30236452,96,20.7716,7.6,2830,1968-10-04,en,Released
969,488,1000000,10750000,105,7.0717,7.333,1095,1952-01-07,en,Released
970,22733,1000000,0,95,4.0318,6.118,178,1953-11-24,en,Released
971,261,3000000,17570324,108,5.3384,7.626,867,1958-08-29,en,Released
973,32574,0,2000000,123,2.7307,7.313,289,1941-03-14,en,Released
976,22649,0,0,89,3.5697,6.145,166,1932-12-08,en,Released
979,125587,0,0,83,1.4151,4.846,13,1996-10-18,en,Released
981,52855,0,3028094,95,1.9065,4.258,33,1997-02-12,en,Released
982,39940,3000000,9000000,114,3.1674,6.362,112,1955-11-18,en,Released
984,85328,0,0,99,2.1352,4.071,7,1996-07-26,en,Released
986,11076,22000000,25143818,107,5.5311,6.965,528,1996-09-13,en,Released
987,63945,0,294064,103,2.6525,6.404,115,1997-04-14,en,Released
988,58985,5000000,660313,116,3.3126,6.0,66,1996-09-13,en,Released
990,10861,25000000,51702483,100,7.8294,5.82,591,1996-09-13,en,Released
991,1770,25000000,16900000,132,4.7462,6.867,534,1996-10-25,en,Released
993,2033,0,195170,119,2.1739,6.6,19,1996-10-04,en,Released
994,18203,4100000,12000000,109,4.1472,6.982,281,1996-09-20,en,Released
996,9333,67000000,47267001,101,8.0891,6.373,1036,1996-09-20,en,Released
998,9400,9000000,41590886,123,6.1319,7.2,410,1996-11-06,en,Released
999,9401,0,11132156,104,6.7612,6.192,305,1996-09-11,en,Released
1003,11306,38000000,17380126,118,5.7791,6.007,364,1996-09-27,en,Released
1004,9625,45000000,20350000,92,6.4125,5.4,448,1996-10-04,en,Released
1005,10680,0,22955097,104,4.815,5.968,512,1996-10-04,en,Released
1006,6346,50000000,22540359,113,5.9424,5.9,289,1996-10-11,en,Released
1007,18660,0,36853000,100,3.838,6.569,138,1975-07-01,en,Released
1008,35115,2150000,0,93,3.8387,6.447,122,1955-05-25,en,Released
1009,14821,0,20000000,97,3.8307,6.4,241,1975-03-21,en,Released
1010,14136,0,51264022,108,7.5744,6.574,664,1968-12-23,en,Released
1011,10869,0,38229000,88,4.3442,6.16,453,1974-02-12,en,Released
1012,22660,21909000,0,84,3.8479,6.907,313,1957-12-25,en,Released
1013,19186,0,29650385,129,8.8396,7.038,445,1961-05-13,en,Released
1014,31102,2500000,3750000,134,3.0193,6.961,219,1960-05-19,en,Released
1015,6878,24000000,57333324,84,7.1848,7.001,1153,1993-02-03,en,Released
1016,15944,1250000,17658000,104,2.8047,6.25,100,1959-03-19,en,Released
1017,18444,5000000,40356000,126,5.2205,6.834,374,1960-12-21,en,Released
1018,20723,0,28062222,116,4.6513,6.595,199,1965-12-02,en,Released
1019,173,5000000,28200000,127,7.727,7.07,1023,1954-12-23,en,Released
1020,864,14000000,154856263,98,8.6648,7.028,2362,1993-10-01,en,Released
1021,24795,31000000,50236831,103,5.7359,6.047,506,1994-07-15,en,Released
1022,11224,2900000,263600000,74,21.8925,7.053,7288,1950-02-22,en,Released
1023,81310,0,0,25,2.3305,7.3,118,1968-12-20,en,Released
1024,15947,0,6710000,71,6.3363,6.277,793,1944-12-21,en,Released
1025,9078,3000000,22200000,79,12.9378,7.228,4176,1963-12-25,en,Released
1027,8367,48000000,390493908,143,17.4376,6.853,3700,1991-06-14,en,Released
1028,433,4650000,103100000,139,15.1987,7.551,5112,1964-12-17,en,Released
1029,11360,812000,1600000,64,13.3599,6.991,5391,1941-10-31,en,Released
1030,11114,10000000,0,128,8.1753,6.321,739,1977-11-03,en,Released
1031,12335,20000000,17900000,117,6.0636,7.044,1050,1971-10-07,en,Released
1032,12092,3000000,57200000,75,21.3658,7.193,6392,1951-08-09,en,Released
1033,10948,12000000,29800000,82,14.1046,7.177,3592,1981-07-10,en,Released
1034,11229,3100000,295493,104,5.0772,6.453,451,1996-08-23,en,Released
1035,15121,8200000,286214286,174,20.6615,7.728,3740,1965-03-29,en,Released
1036,562,28000000,140767956,132,28.097,7.816,12655,1988-07-15,en,Released
1037,10163,10000000,32100816,108,7.394,5.636,877,1992-03-05,en,Released
1040,47199,0,0,95,3.4329,5.6,47,1996-11-08,en,Released
1041,11159,4500000,13417292,142,5.5242,7.577,754,1996-05-24,en,Released
1042,9591,26000000,34585416,108,9.4713,6.883,951,1996-10-04,en,Released
1043,30500,0,4137645,93,3.9857,5.502,58,1996-10-25,en,Released
1046,10938,0,1500000,92,2.7213,7.256,359,1996-06-21,en,Released
1047,11412,65000000,89456761,121,9.8074,6.581,1396,1996-10-11,en,Released
1049,10586,50000000,38619405,109,8.2314,6.864,1196,1996-10-11,en,Released
1050,42314,0,1408575,112,3.5062,6.793,152,1996-10-11,en,Released
1051,27845,1300000,0,95,3.7974,6.877,218,1996-05-11,en,Released
1053,23223,0,0,101,2.614,5.958,48,1996-01-26,en,Released
1054,49471,2400000,5691854,121,4.2893,6.4,81,1996-10-16,en,Released
1055,38153,45000000,2154540,103,4.197,4.9,111,1997-01-25,en,Released
1056,25147,7000000,409144,123,3.6903,6.305,154,1996-02-06,en,Released
1057,9716,20000000,9759200,101,5.9793,6.442,738,1996-12-06,en,Released
1059,454,14500000,147298761,120,13.9857,6.777,5458,1996-11-01,en,Released
1060,10218,200000,4505922,96,5.2262,6.845,834,1996-10-18,en,Released
1061,819,44000000,165600000,147,16.2572,7.596,4038,1996-10-18,en,Released
1064,11238,0,0,81,11.1374,6.25,2018,1996-05-20,en,Released
1066,31530,991000,2168000,109,1.9827,7.3,124,1937-05-07,en,Released
1068,28120,250000,1300000,86,3.1293,6.672,166,1947-08-15,en,Released
1073,252,3000000,2361799,100,15.423,7.483,4081,1971-06-29,en,Released
1076,16372,430000,1200000,100,4.3473,7.487,690,1961-11-24,en,Released
1077,11561,2000000,18344729,87,4.8027,6.849,863,1973-12-17,en,Released
1078,11302,2000000,11833696,82,3.9023,6.661,846,1971-04-28,en,Released
1079,623,7500000,188593712,109,13.2264,7.216,2519,1988-07-15,en,Released
1080,583,4000000,20833252,94,14.3702,7.764,5108,1979-08-17,en,Released
1081,12614,15000000,28215453,134,5.4936,7.275,466,1982-04-25,en,Released
1082,21711,1600000,2500000,110,3.11,6.52,196,1972-06-29,en,Released
1083,11575,12000000,25300000,160,5.146,7.1,391,1965-07-01,en,Released
1084,475,2500000,70000000,111,11.8264,7.5,1852,1967-08-13,en,Released
1085,11331,0,0,86,3.2267,6.503,170,1958-10-07,en,Released
1086,521,1400000,3000000,105,9.7633,8.002,2950,1954-05-29,en,Released
1088,88,6000000,214577242,100,20.3046,7.322,6674,1987-08-21,en,Released
1089,500,1200000,2859750,99,27.847,8.111,15831,1992-09-02,en,Released
1090,792,6000000,138530565,120,16.4165,7.747,5287,1986-12-19,en,Released
1091,8491,6500000,30218387,98,7.8091,6.427,1177,1989-07-05,en,Released
1092,402,49000000,352927224,128,22.476,6.948,4541,1992-03-20,en,Released
1093,10537,38000000,34416893,140,8.0694,7.1,1656,1991-03-01,en,Released
1094,11386,3705538,62548947,112,6.6606,6.842,873,1992-09-02,en,Released
1095,9504,12500000,10725228,100,8.442,7.329,1661,1992-09-10,en,Released
1096,15764,12000000,30036166,151,7.4193,7.303,967,1982-12-08,en,Released
1097,601,10500000,797307407,115,22.4361,7.517,12271,1982-06-11,en,Released
1099,25842,0,0,69,2.9446,6.981,155,1938-12-16,en,Released
1100,2119,60000000,157920733,107,14.4843,6.4,1801,1990-06-27,en,Released
1101,744,15000000,356830601,110,28.2129,7.072,9918,1986-05-16,en,Released
1103,221,1500000,4500000,111,8.8043,7.485,1824,1955-10-27,en,Released
1104,702,1800000,8000000,122,9.5833,7.618,1526,1951-09-18,en,Released
1105,25750,0,0,85,3.9208,4.5,179,1996-10-08,en,Released
1111,9305,5750000,1433008,80,4.1906,7.582,267,1996-09-06,fr,Released
1112,37616,315230,0,92,2.3151,5.909,44,1996-10-25,en,Released
1114,21612,12500000,1227324,99,3.9832,6.768,209,1996-01-26,en,Released
1116,102461,0,0,90,2.1969,5.9,59,1995-11-29,fr,Released
1117,36998,0,0,118,4.0106,7.34,321,1996-05-22,fr,Released
1119,116844,0,0,90,1.7635,3.2,10,1997-03-14,en,Released
1120,1630,36000000,20300385,130,8.8315,6.962,1301,1996-12-25,en,Released
1121,26626,0,0,100,4.1965,5.189,53,1995-10-01,en,Released
1123,124837,0,0,105,1.059,6.1,8,1996-06-19,en,Released
1124,11816,15000000,119285432,109,5.5089,7.267,527,1981-12-04,en,Released
1125,11843,5000000,41833347,113,7.9801,6.787,710,1975-05-21,en,Released
1126,10379,6788000,13878334,99,4.2515,5.806,422,1991-04-19,en,Released
1127,2756,43000000,90000098,140,14.2581,7.4,3601,1989-08-09,en,Released
1128,790,1000000,21448830,90,9.7153,6.738,1812,1980-02-01,en,Released
1129,1103,6000000,50244700,99,15.2739,7.044,3654,1981-05-23,en,Released
1130,11298,1000000,17985893,91,7.0501,6.602,929,1981-01-21,en,Released
1131,4480,4940939,0,122,5.3602,7.684,627,1986-08-27,fr,Released
1132,4481,0,0,115,5.5694,7.573,579,1986-11-19,fr,Released
1135,10765,15000000,69800000,110,3.7532,5.955,429,1980-10-06,en,Released
1136,762,400000,5763644,91,15.8789,7.803,6623,1975-04-03,en,Released
1137,44497,0,127251,80,2.3669,5.5,41,1996-10-30,en,Released
1140,99479,0,711872,112,1.9769,5.357,7,1996-09-27,en,Released
1144,124829,0,0,86,1.7888,7.2,6,1996-09-27,en,Released
1147,10548,0,2789985,89,3.8355,7.576,262,1996-10-25,en,Released
1148,531,832000,0,30,5.1764,7.835,1203,1993-12-17,en,Released
1150,4483,3704433,3723036,107,2.7488,6.7,227,1982-05-14,fr,Released
1151,18919,0,0,97,2.7416,7.413,80,1994-09-10,cs,Released
1156,61461,0,0,84,1.6196,7.606,94,1943-10-27,it,Released
1161,659,3000000,17000000,162,8.8771,6.963,560,1979-05-02,de,Released
1162,30892,0,0,154,2.456,6.377,102,1972-05-24,en,Released
1163,86369,0,0,128,2.0592,6.475,20,1994-03-02,fr,Released
1167,38554,22000000,0,112,2.4315,5.4,66,1996-11-01,en,Released
1170,36555,0,0,90,4.3676,5.607,84,1995-05-17,en,Released
1171,10608,3900000,8000000,102,2.6209,6.564,179,1992-09-04,en,Released
1172,11216,5000000,35962062,124,16.3749,8.433,4982,1988-11-17,it,Released
1173,7452,2300000,7724701,124,7.6545,7.335,745,1989-10-13,en,Released
1175,892,4000000,1794187,99,6.5546,7.311,1694,1991-04-17,fr,Released
1176,1600,0,1999955,98,4.6744,7.49,918,1991-05-15,fr,Released
1177,26561,0,13200170,95,2.4508,6.744,78,1991-11-27,en,Released
1178,975,935000,1200000,88,10.6877,8.25,3380,1957-10-25,en,Released
1179,18129,0,13446769,110,4.4584,6.502,498,1990-08-08,en,Released
1180,54405,0,0,104,1.9696,5.809,34,1991-12-27,en,Released
1183,409,27000000,231976425,162,12.3912,7.13,2464,1996-11-14,en,Released
1184,38251,0,4532791,96,2.778,7.603,1090,1991-02-02,it,Released
1185,10161,645180,14743391,103,6.8895,7.536,1062,1989-04-07,en,Released
1186,1412,1200000,24741667,101,10.2171,6.965,1081,1989-08-04,en,Released
1187,41768,5000000,4814619,135,2.9706,7.03,66,1992-12-11,en,Released
1188,10409,3000000,33946224,94,2.5701,6.606,397,1992-08-20,en,Released
1189,14285,0,1209846,103,3.2377,7.655,426,1988-08-28,en,Released
1190,2469,0,3125224,102,4.7585,6.826,726,1990-01-22,es,Released
1191,10174,0,0,119,4.0472,6.189,175,1991-05-10,en,Released
1192,31225,500000,3906006,78,3.7137,8.014,570,1991-03-13,en,Released
1193,510,3000000,108981275,135,25.3307,8.405,11775,1975-11-19,en,Released
1194,11455,0,41590893,86,5.0784,6.621,651,1978-09-15,en,Released
1196,1891,18000000,538400000,124,21.5069,8.393,18872,1980-05-20,en,Released
1197,2493,16000000,30900000,99,21.1871,7.71,5294,1987-09-25,en,Released
1198,85,18000000,389925971,115,31.1523,7.9,14004,1981-06-12,en,Released
1199,68,15000000,9953708,143,10.1794,7.7,3834,1985-02-20,en,Released
1200,679,18500000,183316455,137,28.5817,7.965,11196,1986-07-18,en,Released
1201,429,1200000,38900000,161,34.6446,8.5,9960,1966-12-23,it,Released
1202,13446,0,1544889,108,5.4402,7.2,642,1987-06-19,en,Released
1203,389,397751,4360000,97,39.2208,8.6,10390,1957-04-10,en,Released
1204,947,15000000,70000000,228,18.027,8.0,3588,1962-12-11,en,Released
1206,185,2200000,27033812,137,22.3582,8.2,14137,1971-10-28,en,Released
1207,595,2000000,13129846,129,13.8683,7.978,2957,1962-12-20,en,Released
1208,28,31500000,150000000,147,27.6514,8.261,9389,1979-05-19,en,Released
1209,335,5000000,5380118,166,21.2686,8.264,5057,1968-12-21,it,Released
1210,1892,32350000,572700000,132,19.9525,7.912,17329,1983-05-25,en,Released
1211,144,2500000,3548590,128,8.7141,7.8,1538,1987-09-23,de,Released
1212,1092,0,1226098,105,9.759,7.883,2180,1949-08-31,en,Released
1213,769,25000000,47072327,145,33.6941,8.5,14773,1990-09-12,en,Released
1214,348,11000000,104931801,117,37.916,8.174,16860,1979-05-25,en,Released
1215,766,11000000,21502976,89,17.0003,7.257,3681,1992-10-31,en,Released
1216,175,13500000,4000000,168,10.273,7.441,1619,1988-05-10,fr,Released
1217,11645,12000000,23334156,160,13.9365,8.018,1914,1985-06-01,ja,Released
1218,10835,0,2350174,110,7.3493,7.597,940,1989-03-24,cn,Released
1219,539,806947,50000000,109,27.1847,8.407,11264,1960-06-22,en,Released
1220,525,27000000,115229890,133,12.3214,7.7,4683,1980-06-16,en,Released
1221,240,13000000,102600000,202,43.6632,8.6,14353,1974-12-20,en,Released
1222,600,30000000,46357676,117,19.6487,8.119,11760,1987-06-26,en,Released
1223,530,17300,40118,24,6.7801,7.488,1042,1990-05-18,en,Released
1224,10705,9000000,10161211,137,4.5615,7.1,421,1989-10-05,en,Released
1225,279,18000000,90007557,160,15.3215,8.0,4925,1984-09-19,en,Released
1226,3109,1750000,3800000,129,5.8066,7.323,627,1952-07-21,en,Released
1227,311,30000000,5500000,139,27.4607,8.4,6217,1984-05-23,en,Released
1228,1578,18000000,23380203,129,14.1517,7.896,4897,1980-11-14,en,Released
1230,703,4000000,43989445,93,10.7456,7.712,4348,1977-04-19,en,Released
1231,9549,27000000,21500000,193,8.1609,7.41,1007,1983-10-20,en,Released
1232,1398,120000,0,162,8.9231,8.085,2611,1979-05-25,ru,Released
1233,387,14000000,85000000,150,12.862,8.083,2638,1981-09-17,de,Released
1234,9277,5500000,159616327,129,11.842,8.0,3107,1973-12-25,en,Released
1235,343,1200000,0,92,6.1052,7.583,1246,1971-12-20,en,Released
1236,37291,700000,0,106,3.052,6.807,171,1990-09-09,en,Released
1237,490,150000,311212,96,12.6622,8.1,3460,1957-02-16,sv,Released
1238,11235,4200000,5900000,111,3.7223,6.801,418,1983-02-17,en,Released
1240,218,6400000,78371200,108,66.5151,7.695,15158,1984-10-26,en,Released
1241,763,3000000,242623,103,9.1142,7.391,1921,1992-08-13,en,Released
1242,9665,18000000,26800000,122,10.0101,7.49,1875,1989-12-15,en,Released
1243,18971,2500000,805104,117,3.8717,6.891,334,1991-02-08,en,Released
1244,696,9000000,40194067,96,6.1289,7.703,2675,1979-04-25,en,Released
1245,379,14000000,5080409,115,8.1837,7.444,1914,1990-09-21,en,Released
1246,207,16400000,235860116,129,32.9983,8.3,12977,1989-06-02,en,Released
1247,37247,3000000,104945305,107,15.7107,7.63,3815,1967-12-21,en,Released
1248,1480,829000,2247500,111,7.3525,7.74,1647,1958-03-30,en,Released
1249,9322,6000000,5018604,117,7.83,7.105,2220,1990-02-21,fr,Released
1250,826,2800000,44908000,162,9.9659,7.819,2450,1957-10-11,en,Released
1251,422,0,0,139,9.3818,8.075,2598,1963-02-14,it,Released
1252,829,6000000,30000000,130,11.8101,7.9,4405,1974-06-20,en,Released
1253,828,995000,1850000,92,7.104,7.45,1291,1951-09-18,en,Released
1254,3090,3800000,4307000,126,8.2924,7.949,1391,1948-01-15,en,Released
1255,9964,25000,0,91,3.3425,6.275,951,1987-12-11,en,Released
1256,3063,0,0,68,4.9838,7.313,884,1933-11-12,en,Released
1257,13667,3500000,10297601,97,5.7427,6.584,564,1985-08-23,en,Released
1258,694,19000000,50312025,144,32.8652,8.2,19395,1980-05-23,en,Released
1259,235,8000000,52289686,89,19.7679,7.834,6751,1986-08-08,en,Released
1260,832,0,35274,110,7.3875,8.059,2544,1931-05-11,de,Released
1261,765,3500000,5932279,84,12.2005,7.531,3661,1987-03-13,en,Released
1262,5925,4000000,11700000,173,13.6613,7.9,2946,1963-07-03,en,Released
1263,11778,15000000,49000000,183,16.1559,7.961,4393,1978-12-08,en,Released
1264,4485,0,2925889,117,4.2084,6.719,278,1981-03-11,fr,Released
1265,137,14600000,71108778,101,22.7476,7.6,9182,1993-02-11,en,Released
1266,33,14400000,159157447,130,17.2901,7.9,5113,1992-08-07,en,Released
1267,982,2200000,7700000,126,6.5458,7.513,841,1962-10-24,en,Released
1268,8428,0,11500000,102,5.4338,7.068,424,1990-08-22,en,Released
1269,212,1120175,0,118,6.6287,7.615,1076,1944-09-01,en,Released
1270,105,19000000,381109762,116,43.5421,8.329,22423,1985-07-03,en,Released
1271,1633,11000000,119418501,130,9.1742,7.662,1527,1991-12-27,en,Released
1272,11202,12000000,89800000,172,7.4854,7.444,1257,1969-12-04,en,Released
1273,1554,1100000,1529206,106,3.7029,7.356,876,1986-09-20,en,Released
1274,149,5700000,56725538,124,25.2975,7.9,5007,1988-06-10,ja,Released
1275,8009,19000000,12900000,116,14.3408,6.861,3031,1986-03-07,en,Released
1276,903,3200000,16217773,127,11.2648,7.734,1676,1967-11-01,en,Released
1277,11673,0,5822041,137,2.7874,7.327,849,1990-03-28,fr,Released
1278,3034,2800000,86273333,106,10.0741,7.856,3484,1974-12-15,en,Released
1279,339,3500000,2015810,129,5.7936,7.51,1093,1991-12-12,en,Released
1280,10404,1000000,16600000,125,5.4436,7.914,820,1991-12-18,zh,Released
1281,914,2000000,11000000,125,14.369,8.3,3811,1940-10-15,en,Released
1282,756,2280000,76411819,124,11.8425,7.348,3402,1940-11-13,en,Released
1283,288,730000,8000000,85,11.3293,7.658,1636,1952-06-09,en,Released
1284,910,250000,10682000,114,8.6198,7.594,1202,1946-08-22,en,Released
1285,2640,3000000,1166207,103,10.407,7.3,1948,1989-03-31,en,Released
1286,16633,5100000,0,103,6.3368,7.51,686,1980-10-02,en,Released
1287,665,15000000,164000000,212,15.3764,7.892,3267,1959-11-18,en,Released
1288,11031,2500000,6051884,82,8.3098,7.398,1700,1984-03-02,en,Released
1289,11314,600000,3200000,86,5.01,7.88,802,1983-04-27,en,Released
1290,15143,0,18553948,95,4.3533,6.851,560,1987-02-27,en,Released
1291,89,48000000,474171806,127,24.7948,7.855,11365,1989-05-24,en,Released
1292,10322,0,30177511,130,5.3165,7.592,1162,1979-12-19,en,Released
1293,783,22000000,77737889,192,9.1936,7.556,2573,1982-12-01,en,Released
1295,10644,17000000,10000000,171,5.5618,6.836,539,1988-02-05,en,Released
1296,11257,3000000,20966644,117,6.7938,6.945,862,1986-03-07,en,Released
1297,14370,8000000,12952019,106,6.9136,6.678,523,1985-08-07,en,Released
1298,12104,12000000,22244207,95,7.0497,7.953,1711,1982-07-14,en,Released
1299,625,14400000,34700291,142,7.1223,7.466,864,1984-11-23,en,Released
1300,8816,0,8300000,102,3.6825,7.242,299,1985-12-12,sv,Released
1301,830,1900000,3250000,98,8.3177,7.259,1102,1956-03-23,en,Released
1302,2323,15000000,84431625,105,8.1126,7.115,1754,1989-04-21,en,Released
1303,983,8000000,12678,129,6.3575,7.488,738,1975-12-03,en,Released
1304,642,6000000,102308889,111,14.0115,7.6,2554,1969-09-23,en,Released
1305,655,1750000,2181987,145,13.8127,8.1,2322,1984-07-16,en,Released
1306,10341,23000000,752856,158,5.1929,6.682,253,1991-09-12,de,Released
1307,639,16000000,92823546,96,14.0028,7.406,4745,1989-07-12,en,Released
1310,30180,0,0,84,1.4576,7.415,59,1996-11-08,en,Released
1312,41801,0,0,117,3.9281,5.092,65,1996-11-21,en,Released
1318,18762,0,0,90,2.9319,4.1,43,1995-09-15,en,Released
1320,8077,50000000,159773545,114,16.3336,6.391,6594,1992-05-22,en,Released
1321,814,10000000,31973249,97,12.5888,7.4,2800,1981-08-21,en,Released
1322,41671,0,0,94,3.6051,4.753,152,1992-07-16,en,Released
1323,27214,6000000,6333135,93,3.954,4.618,258,1983-11-18,en,Released
1324,52263,0,0,96,2.9234,4.54,126,1996-10-02,en,Released
1325,33519,1500000,0,92,2.8734,4.3,112,1993-08-01,en,Released
1326,16235,5000000,12534817,104,6.7545,5.727,417,1982-09-24,en,Released
1327,11449,4700000,86432488,118,7.5301,6.284,1073,1979-07-27,en,Released
1328,41848,750000,0,91,3.0294,4.0,126,1990-05-07,en,Released
1329,25944,0,0,103,3.551,5.668,191,1974-08-13,en,Released
1330,24913,5000000,0,89,3.5812,6.049,396,1986-03-27,en,Released
1331,49126,0,0,113,3.1941,5.7,157,1977-04-06,en,Released
1332,32076,13000000,18753438,114,4.4309,5.9,192,1987-06-09,en,Released
1333,571,2500000,11500000,119,11.3806,7.51,4581,1963-03-28,en,Released
1334,8851,110000,4000000,82,5.167,6.237,689,1958-09-10,en,Released
1335,37843,2000000,0,92,3.748,4.849,86,1980-09-01,en,Released
1336,32146,0,0,88,3.3251,5.851,138,1991-08-02,en,Released
1337,30346,125000,0,78,3.1557,6.971,204,1945-05-25,en,Released
1339,6114,40000000,215862692,128,19.4558,7.4,5929,1992-11-13,en,Released
1340,229,393750,2000000,75,6.9844,7.503,1142,1935-04-20,en,Released
1341,13549,2000000,1560000,116,2.9835,6.476,289,1976-10-18,en,Released
1342,9529,6000000,25792310,100,8.831,6.667,1869,1992-10-16,en,Released
1343,1598,35000000,182300000,128,13.8039,7.259,4024,1991-11-13,en,Released
1344,11349,35000000,103000000,106,6.3434,7.449,657,1962-04-12,en,Released
1345,7340,1800000,33800000,98,14.5482,7.339,4446,1976-11-03,en,Released
1346,6217,12500000,21000000,118,8.6797,6.056,591,1982-04-02,en,Released
1347,377,1800000,57004513,91,22.0094,7.353,5944,1984-11-09,en,Released
1348,653,0,27964,94,10.7792,7.7,2535,1922-02-16,de,Released
1349,28198,0,0,97,2.3014,5.841,69,1988-09-10,it,Released
1350,794,2800000,60922980,111,9.8082,7.405,2509,1976-06-25,en,Released
1351,31640,26000000,1094668,101,3.6689,5.704,194,1996-10-03,en,Released
1352,8744,6000000,339471,97,3.1274,5.721,172,1997-01-17,en,Released
1353,25189,42000000,41083864,126,5.3219,6.716,399,1996-11-15,en,Released
1354,145,7500000,23000000,159,6.3233,7.477,1147,1996-07-05,da,Released
1355,2212,10000000,1179002,102,5.5056,6.085,451,1997-01-31,en,Released
1356,199,46000000,146027888,111,10.9576,7.309,2032,1996-11-22,en,Released
1357,7863,5500000,35892330,105,5.6594,7.4,728,1996-08-15,en,Released
1358,12498,1200000,34100000,135,5.6052,7.532,896,1996-08-30,en,Released
1359,9279,60000000,129832389,89,13.7541,6.068,3037,1996-11-21,en,Released
1361,17204,0,0,150,2.3755,7.585,213,1996-12-03,en,Released
1363,21539,40000000,48100000,123,5.3102,5.8,267,1996-12-13,en,Released
1365,12709,3000000,2503829,102,2.5052,6.941,228,1996-05-09,fr,Released
1366,20539,25000000,7343114,123,5.7199,6.579,577,1996-11-27,en,Released
1367,11674,54000000,320689294,103,16.4063,5.948,3727,1996-11-27,en,Released
1370,1573,70000000,240031094,124,21.1573,6.967,6595,1990-07-03,en,Released
1371,152,44000000,139346243,131,12.7206,6.483,2009,1979-12-07,en,Released
1372,174,27000000,96888996,110,8.1218,7.04,1475,1991-12-06,en,Released
1373,172,33000000,63000000,106,10.1115,5.73,1357,1989-06-09,en,Released
1374,154,12000000,96594943,113,10.6628,7.45,2218,1982-06-04,en,Released
1375,157,18000000,87000000,105,8.4658,6.588,1586,1984-06-01,en,Released
1376,168,21000000,133000000,118,11.1872,7.185,1718,1986-11-26,en,Released
1377,364,80000000,280000000,126,25.511,7.0,7294,1992-06-19,en,Released
1378,11967,13000000,44700000,107,10.6391,6.691,1081,1988-08-12,en,Released
1379,9086,20000000,59000000,104,6.5983,6.523,618,1990-08-01,en,Released
1380,621,6000000,396271103,110,19.2774,7.365,7832,1978-06-16,en,Released
1381,9037,13200000,15172313,115,6.6922,5.256,759,1982-06-11,en,Released
1382,10173,12000000,46044400,93,7.1377,6.123,616,1990-10-05,en,Released
1385,8845,35000000,156563139,102,14.2023,6.306,1801,1992-10-08,en,Released
1387,578,7000000,470653000,124,29.5191,7.686,11871,1975-06-20,en,Released
1388,579,20000000,187884000,117,10.2519,6.041,2188,1978-06-16,en,Released
1389,17692,20500000,87987056,98,11.0218,4.467,1456,1983-07-22,en,Released
1390,17795,21500000,0,101,3.472,6.053,187,1996-12-20,en,Released
1391,75,70000000,101371017,106,14.9409,6.431,6057,1996-12-13,en,Released
1392,13891,3000000,285112,104,2.5075,6.581,155,1996-11-21,en,Released
1393,9390,50000000,273600000,139,15.1322,7.001,3884,1996-12-13,en,Released
1394,378,6000000,29180280,94,10.5251,7.053,2415,1987-03-13,en,Released
1395,10896,0,0,112,3.4068,6.333,147,1987-03-06,en,Released
1396,2322,23000000,105232691,125,11.8404,6.914,1101,1992-09-09,en,Released
1397,41240,0,0,97,5.2979,7.1,86,1996-12-15,en,Released
1398,26949,0,25372294,113,5.4447,5.9,158,1996-12-18,en,Released
1399,9819,23000000,12803305,98,5.3832,6.717,639,1996-12-18,en,Released
1401,31908,30000000,13323144,130,3.064,6.6,169,1996-12-20,en,Released
1405,3179,12000000,63118386,81,5.9701,6.647,806,1996-12-20,en,Released
1406,1802,0,10882920,112,6.3349,7.266,416,1995-08-30,fr,Released
1407,4232,14000000,173046663,112,24.396,7.4,8238,1996-12-20,en,Released
1408,9361,40000000,75505856,112,14.3711,7.384,3549,1992-08-26,en,Released
1409,2928,20000000,119700000,105,5.1419,5.712,705,1996-12-25,en,Released
1411,10549,18000000,4700000,242,5.5015,7.309,528,1996-12-25,en,Released
1412,58102,0,0,112,3.2329,6.75,42,1996-09-13,en,Released
1413,18451,1300000,0,106,2.655,6.6,51,1996-09-08,en,Released
1414,27265,0,19100000,104,3.2536,6.844,96,1996-12-25,en,Released
1415,49935,0,0,117,2.3407,6.136,55,1996-08-21,fr,Released
1416,8818,55000000,141047179,135,4.9427,6.055,534,1996-12-14,en,Released
1417,36758,0,19992836,144,4.4547,5.942,266,1996-10-17,en,Released
1419,36040,1000000,0,95,5.0477,7.287,472,1971-07-01,en,Released
1422,9415,40000000,25804707,107,7.9331,6.101,615,1997-04-18,en,Released
1423,55146,500000,0,113,1.0536,7.0,1,1995-08-29,en,Released
1425,12145,25000000,9381260,93,3.9969,6.174,406,1997-01-23,en,Released
1426,42424,0,0,98,3.6115,5.242,91,1997-01-24,en,Released
1427,34314,55000000,11466088,100,3.2316,5.368,295,1997-01-09,en,Released
1428,2892,0,0,105,1.279,6.8,27,1995-10-26,en,Released
1429,9404,0,53168876,107,10.3961,6.5,553,1996-02-10,cn,Released
1430,85242,0,0,95,2.2681,5.348,23,1996-06-01,en,Released
1431,9622,18000000,31480022,88,6.6079,5.66,873,1997-01-17,en,Released
1432,8860,55000000,31987563,117,4.8582,5.715,632,1997-01-16,en,Released
1437,14832,0,322975,101,3.2723,6.7,110,1993-02-20,en,Released
1438,9619,116000000,178127760,108,14.0321,6.257,2191,1997-02-07,en,Released
1439,40506,12000000,4100000,105,3.4689,4.7,57,1997-01-31,en,Released
1440,31000,0,9745803,96,4.9154,5.462,192,1993-03-05,en,Released
1441,4104,0,23202734,98,5.409,7.031,858,1993-04-16,en,Released
1442,26306,8000000,589304,106,2.7333,6.555,91,1997-01-24,en,Released
1445,14908,42000000,4529843,108,3.0787,4.5,87,1997-04-18,en,Released
1446,784,1031764,7566841,105,3.2889,7.385,221,1996-05-15,cs,Released
1447,12489,5000000,5600000,91,3.7189,6.631,254,1997-01-29,en,Released
1449,16448,4000000,2900000,84,3.0541,7.0,289,1997-01-31,en,Released
1453,17894,16000000,11486880,105,4.7951,6.71,379,1997-02-07,en,Released
1454,28059,0,656747,121,2.2017,6.2,142,1997-02-07,en,Released
1456,17949,17000000,3600000,82,3.99,4.741,166,1997-02-07,en,Released
1457,1968,20000000,42000000,109,5.659,6.494,624,1997-02-14,en,Released
1458,61563,5500000,387069,96,1.7229,5.563,48,1997-02-14,en,Released
1459,66,50000000,50100000,121,10.7291,6.658,1297,1997-02-14,en,Released
1460,20735,0,0,89,4.0094,4.995,104,1997-02-14,en,Released
1461,11419,25000000,36400360,93,7.845,5.983,757,1997-02-13,en,Released
1464,638,15000000,3897982,134,15.4417,7.6,3058,1997-01-15,en,Released
1465,25624,30000000,13130349,142,2.8306,6.52,123,1997-02-21,en,Released
1466,9366,35000000,124909762,127,10.853,7.533,4991,1997-02-27,en,Released
1468,21915,7000000,20050376,79,3.7044,5.343,137,1997-02-26,en,Released
1473,19952,1000000,0,90,2.5774,5.275,60,1997-10-17,en,Released
1474,9446,32000000,59927618,105,5.6386,5.426,532,1997-03-04,en,Released
1475,28005,3000000,4109095,113,3.0869,5.723,188,1997-02-28,en,Released
1476,9403,28000000,41200000,109,4.5526,6.485,398,1997-03-07,en,Released
1477,27322,10000000,12782749,109,3.4141,7.442,77,1997-03-14,en,Released
1479,10003,68000000,118100000,116,9.8426,6.1,1300,1997-04-03,en,Released
1480,9311,35000000,2372903,121,4.4141,6.354,274,1997-02-28,en,Released
1483,884,9000000,2671855,100,12.1538,6.489,1435,1996-07-17,en,Released
1484,49806,600000,2099677,87,3.5841,6.624,113,1997-03-05,en,Released
1485,1624,45000000,302710615,86,16.8023,6.719,6417,1997-03-21,en,Released
1487,16052,20000000,60000000,127,4.5657,7.718,1341,1997-03-21,en,Released
1488,4477,90000000,140807547,107,9.7742,6.195,1408,1997-03-13,en,Released
1489,24662,32000000,3600000,75,5.5572,7.226,210,1997-03-26,en,Released
1490,18423,10000000,7240837,90,3.3451,5.406,85,1997-03-28,en,Released
1493,76996,250000,0,78,1.8536,5.419,31,1996-08-01,en,Released
1495,6499,10000000,9615840,99,4.7778,5.784,320,1997-03-27,en,Released
1496,50512,35000000,858553,108,3.6417,6.107,168,1997-04-04,en,Released
1497,9405,30000000,48138337,93,7.1733,5.304,871,1997-04-04,en,Released
1498,12723,0,5926128,110,4.446,6.315,273,1997-04-04,en,Released
1499,9360,45000000,136885767,90,12.9599,5.284,2903,1997-04-11,en,Released
1500,9434,15000000,31100000,107,5.7511,6.961,1073,1997-04-11,en,Released
1502,21626,0,0,78,1.348,6.4,87,1996-09-07,en,Released
1503,13982,3000000,3602884,95,3.5072,5.033,180,1997-04-18,en,Released
1507,77223,16000000,2007100,122,3.1336,6.3,95,1997-02-11,en,Released
1513,9611,20000000,29235353,92,6.48,6.244,616,1997-04-25,en,Released
1514,47694,0,0,130,2.1542,6.7,38,1996-05-09,zh,Released
1515,10357,90000000,122823468,104,8.769,6.0,1759,1997-04-25,en,Released
1516,9977,0,0,101,2.3827,5.568,22,1996-12-26,en,Released
1517,816,16500000,67711748,89,11.9874,6.601,3933,1997-05-02,en,Released
1518,2163,36000000,50159144,93,8.4847,6.945,1157,1997-05-02,en,Released
1519,124680,0,0,92,1.4042,5.636,11,1996-09-09,en,Released
1526,12499,85000000,36000000,99,5.0805,5.475,318,1997-05-09,en,Released
1527,18,90000000,263920180,126,33.7519,7.591,12163,1997-05-02,fr,Released
1529,1811,0,194201,83,5.7108,6.7,234,1997-05-09,en,Released
1533,105045,0,0,115,1.6254,6.556,18,1995-02-16,de,Released
1537,11239,0,43000000,136,3.4987,7.476,186,1996-01-27,ja,Released
1541,2058,0,34673095,100,5.1019,6.178,457,1997-05-23,en,Released
1542,9450,0,2576197,107,4.123,6.995,304,1996-11-01,en,Released
1544,330,73000000,618638999,129,1.2082,6.563,9478,1997-05-23,en,Released
1545,38523,0,0,97,2.4547,7.4,59,1996-09-25,fr,Released
1546,16375,250000,10580,99,1.9685,6.255,112,1997-04-02,en,Released
1547,33660,0,0,93,2.1441,5.763,76,1996-11-30,en,Released
1549,45671,0,247202,100,2.6565,5.7,36,1995-09-07,en,Released
1550,17770,25000000,14598571,98,2.548,5.419,93,1997-05-30,en,Released
1551,15170,25000000,10113400,84,3.6124,5.031,80,1997-06-06,en,Released
1552,1701,75000000,224012234,116,18.4201,6.784,4869,1997-06-05,en,Released
1554,26422,0,0,126,3.6779,6.353,191,1995-09-01,en,Released
1556,1639,160000000,164508066,125,9.8658,4.596,1871,1997-06-13,en,Released
1562,415,125000000,238207122,125,17.5383,4.394,5558,1997-06-20,en,Released
1564,65889,0,123330,98,2.6304,6.563,40,1997-03-06,en,Released
1565,11103,0,0,92,2.4329,5.943,167,1996-11-07,en,Released
1566,11970,85000000,252712101,93,22.6024,7.499,8115,1997-06-13,en,Released
1569,8874,38000000,299288605,105,13.785,6.56,2964,1997-06-19,en,Released
1571,11956,0,0,91,2.0222,6.2,103,1996-04-03,fr,Released
1572,266,900000,528428,103,7.9166,7.0,994,1963-10-29,fr,Released
1573,754,80000000,245700000,139,19.1157,7.06,6126,1997-06-27,en,Released
1574,37567,1000000,51266,93,1.7849,6.234,32,1997-06-20,en,Released
1580,607,90000000,589390539,98,25.2012,7.229,15209,1997-07-02,en,Released
1581,18080,0,0,106,4.3639,5.827,127,1997-07-02,en,Released
1582,38225,0,0,106,2.9058,6.131,111,1997-07-02,en,Released
1583,17834,28000000,8345056,89,3.5987,5.5,179,1997-07-11,en,Released
1584,686,90000000,171120329,150,18.9487,7.448,5196,1997-07-11,en,Released
1585,65046,0,0,101,1.6599,6.0,30,1996-10-10,en,Released
1586,4421,50000000,48169156,125,9.7725,6.49,1917,1997-08-19,en,Released
1587,9387,20000000,68851475,130,16.5431,6.802,2931,1982-03-16,en,Released
1588,10603,55000000,174463257,92,11.5644,5.674,2324,1997-07-15,en,Released
1589,2142,15000000,63706632,104,9.8534,6.812,1872,1997-08-15,en,Released
1590,8413,60000000,26700000,96,16.3602,6.596,3480,1997-08-15,en,Released
1591,10336,40000000,87840042,96,8.2921,5.47,1539,1997-07-31,en,Released
1592,20737,3000000,23144499,98,6.0158,5.577,532,1997-08-01,en,Released
1593,9413,19000000,44300000,105,6.866,5.856,463,1997-08-01,en,Released
1594,14585,25000,2804473,97,2.7957,6.728,171,1997-03-28,en,Released
1596,49462,0,0,87,3.0053,6.615,96,1997-06-01,en,Released
1597,8834,75000000,137000000,135,12.1109,6.622,1724,1997-08-08,en,Released
1598,9458,50000000,13800000,100,5.6502,6.025,334,1998-01-30,en,Released
1599,8854,16000000,1686429,97,4.4856,4.245,298,1997-08-15,en,Released
1600,38295,18000000,7300000,100,4.6913,5.9,129,1997-08-20,en,Released
1601,22073,30000000,23461013,130,5.7741,6.498,263,1997-08-27,en,Released
1602,37244,15000000,10925060,84,2.6557,5.425,93,1997-08-22,en,Released
1603,4961,30000000,25480490,105,7.378,6.09,1308,1997-08-22,en,Released
1604,9416,25000000,48407611,97,7.5572,6.0,444,1997-08-22,en,Released
1605,26180,0,0,101,4.3375,6.103,262,1997-08-29,en,Released
1606,17832,30000000,6112613,95,3.2714,5.015,164,1997-08-29,en,Released
1608,9772,85000000,315200000,124,13.8404,6.466,3435,1997-07-25,en,Released
1609,6072,20000000,5716080,119,6.8568,6.682,670,1997-07-29,en,Released
1610,1669,30000000,200512643,135,18.049,7.384,3764,1990-03-02,en,Released
1611,468,2500000,6400000,104,8.4966,7.0,1277,1991-02-01,en,Released
1612,32519,740000,1918497,86,1.5916,5.016,31,1997-07-18,en,Released
1613,108401,0,0,86,2.3078,5.5,22,1997-07-23,en,Released
1614,10806,35000000,63900000,90,6.8885,6.454,778,1997-09-10,en,Released
1615,9433,30000000,43300000,117,10.2489,6.872,1367,1997-09-06,en,Released
1616,6623,50000000,110463140,124,12.6355,6.055,1160,1997-09-26,en,Released
1617,2118,35000000,126216940,138,16.5025,7.808,5740,1997-09-19,en,Released
1619,978,70000000,131457682,136,14.4818,7.165,3207,1997-09-12,en,Released
1620,9437,27000000,60527873,115,14.9123,6.544,1960,1997-09-29,en,Released
1621,29461,0,0,114,3.458,6.319,94,1997-09-26,en,Released
1623,10351,5000000,15738769,90,6.7482,6.132,736,1997-09-19,en,Released
1624,66588,28000000,7936780,105,3.1189,5.7,84,1997-09-19,en,Released
1625,2649,50000000,109423648,129,18.9259,7.576,7586,1997-09-12,en,Released
1626,14289,60000000,16228448,104,6.693,5.746,406,1997-09-05,en,Released
1627,10155,19000000,6682098,125,4.8758,6.594,844,1997-10-03,en,Released
1629,20457,7000000,6000000,97,2.4971,6.127,52,1997-10-03,en,Released
1631,18355,0,0,119,3.5488,6.346,166,1997-09-28,en,Released
1633,55306,0,0,112,2.081,6.495,84,1997-06-13,en,Released
1635,68924,18000000,16000000,113,10.1134,6.883,768,1997-09-27,en,Released
1639,2255,250000,12021272,114,6.6954,6.746,1602,1997-04-04,en,Released
1641,9427,3500000,257850122,91,7.3671,7.002,1854,1997-08-13,en,Released
1642,172545,0,0,98,2.03,5.5,14,1996-11-08,en,Released
1643,17589,0,0,105,3.7683,6.766,192,1997-07-18,en,Released
1644,3597,17000000,125586134,102,13.6589,5.998,3376,1997-10-17,en,Released
1645,1813,57000000,153000000,144,21.7172,7.48,7051,1997-10-17,en,Released
1646,36797,16000000,15448043,95,4.6171,5.227,152,1997-10-10,en,Released
1647,12628,12000000,4166918,94,4.7294,5.554,129,1997-10-17,en,Released
1648,33344,1500000,626057,85,3.0415,6.2,119,1997-10-10,en,Released
1649,25099,0,878960,83,1.5801,6.802,48,1997-10-03,en,Released
1650,45019,0,1851761,115,2.9151,6.186,51,1997-10-10,en,Released
1652,62422,0,0,106,2.1338,6.417,24,1997-10-08,en,Released
1653,782,36000000,12532777,107,14.9313,7.6,7154,1997-07-09,en,Released
1654,29911,0,14059077,99,3.6023,6.4,126,1997-10-24,en,Released
1655,9827,14000000,5624282,96,4.3436,5.583,420,1998-01-23,en,Released
1656,1959,0,0,113,3.2164,6.404,78,1998-01-23,en,Released
1658,8067,12000000,14633270,103,5.5418,6.166,514,1997-10-24,en,Released
1659,125052,0,0,86,1.1016,5.25,22,1997-01-21,en,Released
1660,45153,6000000,14842388,108,3.4437,6.475,162,1997-11-07,en,Released
1661,10871,37000000,6482195,118,5.0154,6.013,262,1997-10-31,en,Released
1662,14398,0,0,111,5.8718,6.364,184,1997-10-08,en,Released
1663,10890,10000000,85297000,106,9.2505,6.568,1074,1981-06-26,en,Released
1665,1281,18000000,251212670,89,9.5873,6.48,2669,1997-07-03,en,Released
1667,9770,50000000,10500000,114,4.0645,6.255,375,1997-10-10,en,Released
1670,14905,9000000,334319,103,3.4111,6.5,128,1997-05-09,en,Released
1671,14583,0,0,106,3.3799,5.972,143,1997-08-31,en,Released
1672,11975,40000000,45916769,135,10.7218,7.021,1546,1997-11-18,en,Released
1673,4995,15000000,43101594,156,14.9978,7.6,3707,1997-10-07,en,Released
1674,9281,12000000,116107459,112,7.3678,7.088,1961,1985-02-08,en,Released
1675,45928,0,0,108,2.0138,5.754,69,1997-11-14,en,Released
1676,563,105000000,121214377,129,18.9803,7.117,5715,1997-11-07,en,Released
1677,61337,12000000,271000,107,3.4122,6.283,46,1997-10-31,en,Released
1678,19931,11000000,32861136,139,4.0404,7.2,170,1993-09-08,en,Released
1679,31535,0,0,95,2.5516,3.596,73,1998-03-13,en,Released
1680,10215,6000000,58809149,99,6.6122,6.55,1450,1998-04-23,en,Released
1681,9823,30000000,51376861,95,9.3538,4.565,1403,1997-11-11,en,Released
1682,37165,60000000,264118712,103,31.7387,8.159,20874,1998-06-04,en,Released
1683,45609,0,13692648,102,4.1401,6.605,129,1997-09-04,en,Released
1684,38904,0,3309421,97,2.0683,5.7,76,1997-09-01,en,Released
1685,45565,0,0,88,2.1967,5.257,37,1996-08-28,en,Released
1686,9407,48000000,22420000,122,8.0237,6.329,419,1997-10-30,en,Released
1687,4824,60000000,159300000,124,15.446,6.404,2215,1997-11-14,en,Released
1688,9444,53000000,139804348,94,11.8321,7.601,5703,1997-11-20,en,Released
1689,9414,20000000,13801755,94,4.3456,6.35,604,1997-11-14,en,Released
1690,8078,70000000,162000000,109,19.1865,6.173,5763,1997-11-12,en,Released
1693,11831,36000000,44229441,155,1.6861,7.0,1460,1997-12-10,en,Released
1694,2895,5000000,19868354,134,3.6032,6.282,163,1997-12-19,en,Released
1695,39177,0,0,98,1.759,6.064,47,1997-09-10,fr,Released
1696,19601,0,496059,105,3.2326,6.851,161,1997-11-26,en,Released
1699,22797,0,5000000,110,2.4307,6.8,130,1998-02-20,en,Released
1701,2639,20000000,10686841,96,6.1227,7.246,1072,1997-12-12,en,Released
1702,9574,80000000,178000000,93,10.487,5.673,2642,1997-11-26,en,Released
1703,10371,35000000,31611225,115,4.7146,6.024,267,1997-12-11,en,Released
1704,489,10000000,225933435,127,27.4444,8.2,14327,1997-12-05,en,Released
1707,9714,32000000,79082515,102,16.6129,5.3,3370,1997-12-12,en,Released
1711,8197,35000000,25100000,155,6.277,6.352,649,1997-11-21,en,Released
1713,6283,38000000,122417389,98,8.6166,6.552,1416,1997-12-19,en,Released
1717,4233,24000000,172363301,120,17.319,6.523,4898,1997-12-12,en,Released
1718,191874,0,0,94,1.6534,6.8,5,1997-01-01,en,Released
1719,10217,5000000,7951247,112,4.2067,6.884,443,1997-09-25,en,Released
1721,597,200000000,2264162353,194,46.6998,7.9,27770,1997-12-18,en,Released
1722,714,110000000,333011068,119,17.4799,6.391,3555,1997-12-11,en,Released
1726,9922,80000000,17626234,178,8.8792,6.268,1236,1997-12-25,en,Released
1727,547,60000000,186883563,169,9.1987,6.9,1217,1998-02-01,en,Released
1729,184,12000000,74727492,154,14.3465,7.358,7127,1997-12-25,en,Released
1730,9746,28000000,5684789,134,3.4687,6.787,513,1997-12-25,en,Released
1731,9438,30000000,75000000,87,3.4355,4.485,432,1997-12-25,en,Released
1732,115,15000000,47010480,117,22.4368,7.835,12501,1998-03-06,en,Released
1733,26941,0,2465960,114,2.1254,5.905,42,1997-12-26,en,Released
1734,27103,3200000,7100000,88,2.8008,6.874,115,1997-05-28,fr,Released
1735,9410,25000000,55494066,111,6.2209,6.653,717,1998-01-30,en,Released
1739,32302,0,375805,93,3.0637,4.885,222,1998-03-26,en,Released
1746,12538,0,13035599,93,4.3415,6.212,417,1998-02-20,en,Released
1747,586,15000000,64256513,97,6.3092,6.937,1095,1997-12-25,en,Released
1748,2666,27000000,27200000,101,14.5156,7.333,3344,1998-02-27,en,Released
1752,11258,70000000,19900000,97,7.3788,5.875,829,1998-01-16,en,Released
1753,9490,8000000,17460020,82,5.6792,6.311,673,1998-01-16,en,Released
1754,9411,46000000,25232289,124,12.7832,6.819,1690,1998-01-16,en,Released
1755,25719,3000000,302204,109,2.4202,6.331,87,1997-08-22,en,Released
1757,11220,0,0,98,10.0842,7.691,1377,1995-09-06,cn,Released
1759,21253,0,310724,110,3.1384,7.5,144,1997-10-01,pt,Released
1760,6116,25000000,100000000,92,5.457,4.9,517,1997-12-18,en,Released
1762,9457,45000000,11203026,106,7.8298,6.182,855,1998-01-30,en,Released
1767,39424,0,118475,104,4.072,5.588,74,1998-04-24,en,Released
1769,11702,30000000,19200000,87,7.4079,6.296,605,1998-02-06,en,Released
1770,2923,0,50832,94,1.5195,5.8,91,1999-07-15,en,Released
1771,12238,1000000,125397,93,3.2349,6.0,273,1997-04-30,en,Released
1772,11568,28000000,14051384,123,6.7614,5.3,759,1998-02-06,en,Released
1777,11003,18000000,123306987,97,8.2066,6.775,1985,1998-02-13,en,Released
1779,10153,80000000,37020277,134,10.5975,6.132,1911,1998-02-13,en,Released
1783,30949,0,5878911,114,3.2435,5.963,148,1998-02-20,en,Released
1784,2898,50000000,314178011,139,12.4748,7.4,4249,1997-12-19,en,Released
1785,9558,5300000,2554712,103,7.2746,6.765,824,1990-07-18,en,Released
1791,26269,37000000,15055091,94,3.8926,6.1,231,1998-03-06,en,Released
1792,11808,60000000,102367405,131,10.9691,6.553,1870,1998-03-06,en,Released
1793,6970,0,0,106,2.2268,5.771,35,1998-08-13,en,Released
1794,47452,0,0,93,2.3228,6.308,60,1998-03-06,en,Released
1797,21736,0,127990128,44,2.2248,6.652,82,1998-03-06,en,Released
1798,17941,21000000,13583690,95,4.8249,5.717,331,1998-03-06,en,Released
1799,10668,0,0,106,3.7952,6.59,340,1997-09-06,en,Released
1801,9313,35000000,183000000,132,12.6791,6.652,4235,1998-03-12,en,Released
1804,42807,27000000,10452012,122,3.0165,6.1,207,1998-03-26,en,Released
1805,617,20000000,67200000,108,12.3714,6.387,2064,1998-03-20,en,Released
1806,36568,23000000,26875268,91,5.7384,7.02,557,1998-04-17,en,Released
1807,37272,0,0,97,2.8085,5.859,39,1998-04-03,en,Released
1809,5910,0,0,103,6.7648,7.667,807,1997-10-30,ja,Released
1810,9440,65000000,52090187,143,6.5639,6.237,358,1998-03-20,en,Released
1812,32911,6000000,0,88,2.6346,5.51,98,1998-03-20,en,Released
1816,32456,1000000,2057193,84,2.3651,5.209,111,1998-04-24,en,Released
1821,17127,15000000,46900000,111,5.2116,5.825,342,1998-04-17,en,Released
1824,17133,0,271375,102,3.1749,5.5,66,1998-04-17,en,Released
1825,19848,4500000,23261485,104,3.3902,6.4,95,1998-04-08,en,Released
1826,17644,0,0,76,2.2968,5.0,61,1998-04-03,en,Released
1827,1774,0,720074,91,1.7095,6.707,88,1997-09-06,en,Released
1829,30265,0,0,99,3.7044,5.8,57,1997-11-14,en,Released
1831,2157,80000000,136159423,130,10.1645,5.444,1376,1998-04-03,en,Released
1833,8838,60000000,93100000,111,11.057,6.293,1724,1998-04-03,en,Released
1834,29193,10000000,13835130,110,3.8498,6.814,325,1997-12-03,en,Released
1835,795,55000000,198685114,114,12.6408,6.829,2454,1998-04-10,en,Released
1836,16980,8000000,3020601,113,4.0462,6.287,223,1998-05-29,en,Released
1837,27472,0,18912328,97,4.339,6.297,158,1998-04-09,en,Released
1839,47881,0,7985929,103,2.1887,5.372,111,1998-04-10,en,Released
1840,9469,25000000,21567853,136,5.8289,6.755,826,1998-05-01,en,Released
1841,12488,25000000,1700000,114,3.67,5.566,182,1998-01-23,en,Released
1844,267,1000000,4686844,103,6.0484,7.015,766,1997-10-10,es,Released
1845,16148,5000000,1980338,116,3.508,6.3,203,1998-01-30,en,Released
1848,9449,29000000,22619699,87,6.6799,6.055,543,1997-12-05,en,Released
1855,31220,0,0,94,3.5685,4.6,95,1998-02-27,en,Released
1856,13907,0,890324,95,1.1736,6.016,129,1998-02-27,en,Released
1857,29825,0,83488,105,3.2196,5.333,69,1998-02-27,en,Released
1858,10622,12700000,18800000,95,5.6317,6.559,784,1997-01-31,cn,Released
1859,30020,120000,10923,99,4.8851,7.703,735,1997-09-28,fa,Released
1860,17139,4500000,0,122,2.25,7.318,121,1997-04-17,nl,Released
1862,10216,35000000,19200000,93,8.7735,5.2,853,1998-04-10,en,Released
1863,9771,18000000,3572443,100,4.6409,4.967,122,1998-04-17,en,Released
1866,9448,13000000,27007143,91,6.1918,5.99,496,1998-04-24,en,Released
1867,38618,20000000,2172941,83,2.8135,4.286,49,1998-04-24,en,Released
1870,78373,0,565592,97,2.3241,7.0,15,1998-05-01,en,Released
1873,4415,14000000,14096321,134,6.9836,7.224,709,1998-05-01,en,Released
1875,55561,0,537948,96,3.1178,6.221,77,1997-06-12,en,Released
1876,8656,75000000,349464664,122,18.1045,6.26,3471,1998-05-08,en,Released
1881,18937,40000000,38210798,86,8.4334,6.8,872,1998-05-15,en,Released
1882,929,130000000,379014294,138,14.5959,5.658,4361,1998-05-20,en,Released
1883,9452,30000000,29202884,108,4.4964,6.303,275,1998-05-15,en,Released
1884,1878,18500000,10700000,118,14.2481,7.201,5189,1998-05-22,en,Released
1885,9844,5000000,5879254,106,4.3791,6.155,226,1998-05-22,en,Released
1887,14342,30000000,6100000,90,3.9102,5.482,228,1998-05-29,en,Released
1888,9715,30000000,81471882,114,7.862,6.437,515,1998-05-29,en,Released
1889,26610,0,227569,96,2.939,7.0,335,1997-03-14,no,Released
1891,40961,0,0,93,1.3902,6.053,57,1997-08-26,fr,Released
1892,1965,60000000,128038368,107,11.4556,6.55,1607,1998-06-05,en,Released
1893,312,0,0,109,1.9701,6.9,80,1996-12-18,de,Released
1894,6068,70000000,164839294,102,10.6152,6.108,1677,1998-06-12,en,Released
1895,15037,10000000,25605015,100,7.2461,6.247,615,1998-06-12,en,Released
1897,37636,0,1929168,101,3.7492,6.2,154,1998-06-12,en,Released
1900,21334,180000,925402,88,4.2447,7.883,750,1997-08-01,fa,Released
1902,32284,0,0,87,2.3575,5.093,43,1996-04-18,en,Released
1904,37410,900000,1334786,137,2.0239,6.553,113,1998-06-19,en,Released
1906,53765,0,301796,105,4.0392,5.865,48,1998-06-05,en,Released
1907,10674,90000000,304320254,88,23.5252,7.902,10687,1998-06-18,en,Released
1909,846,66000000,189198313,121,12.2606,6.916,1898,1998-06-19,en,Released
1910,12655,0,0,107,2.5903,6.0,29,1997-10-03,en,Released
1911,3050,71000000,294500000,85,10.8334,5.728,3385,1998-06-26,en,Released
1912,1389,48000000,77745966,123,8.3514,6.68,1454,1998-06-26,en,Released
1913,11020,460000,5125000,107,4.7687,7.239,914,1975-09-02,en,Released
1914,20862,0,0,89,2.3105,6.8,118,1998-06-26,en,Released
1916,9464,1500000,2375097,110,6.521,7.129,1090,1998-01-20,en,Released
1917,95,140000000,553799566,151,18.2001,6.833,8845,1998-07-01,en,Released
1918,944,140000000,285444603,127,13.9477,6.607,3071,1998-07-10,en,Released
1919,35680,20000000,29967750,89,2.6892,6.22,243,1998-07-10,en,Released
1920,11551,40000000,54682547,110,12.6622,6.568,2414,1998-07-10,en,Released
1921,473,60000,3221152,84,6.6381,7.117,2594,1998-07-10,en,Released
1922,102304,0,0,112,1.1214,5.833,9,1998-07-10,en,Released
1923,544,23000000,369900000,120,14.5752,6.636,5514,1998-07-15,en,Released
1924,10513,60000,0,78,3.8878,4.216,629,1957-03-15,en,Released
1926,65203,379000,4358000,101,2.583,5.129,178,1929-02-08,en,Released
1927,143,1448864,3270000,133,9.7631,7.757,972,1930-04-29,en,Released
1928,42861,1433000,1383000,123,2.6787,5.525,157,1931-01-26,en,Released
1929,33680,0,0,112,3.8045,6.961,363,1932-09-11,en,Released
1931,12311,1950000,4460000,132,5.1317,7.373,407,1935-11-22,en,Released
1932,43277,2183000,4673000,185,2.9528,6.274,148,1936-04-08,en,Released
1933,43278,0,0,116,3.2358,6.725,160,1937-09-09,en,Released
1934,34106,1640000,7433101,126,4.7843,7.484,466,1938-09-01,en,Released
1936,27367,1344000,13500000,134,4.9376,7.079,298,1942-07-03,en,Released
1937,17661,0,16300000,126,2.9864,6.696,199,1944-01-01,en,Released
1938,28580,1250000,11000000,101,5.1373,7.612,685,1945-11-29,en,Released
1939,887,2100000,23650000,171,5.8464,7.737,766,1946-11-22,en,Released
1940,33667,2000000,7800000,118,2.4333,6.961,285,1947-11-11,en,Released
1941,23383,750000,0,153,3.1146,7.428,300,1948-12-10,en,Released
1942,25430,0,0,109,4.6315,6.978,247,1949-11-16,en,Released
1944,11426,1650000,30500000,118,6.3807,7.26,733,1953-08-28,en,Released
1945,654,910000,9600631,108,8.9805,7.849,1844,1954-06-22,en,Released
1946,15919,343000,3000000,90,4.0273,7.454,472,1955-04-11,en,Released
1947,1725,6000000,43700000,153,8.741,7.2,2097,1961-12-13,en,Released
1948,5769,0,0,128,4.2188,5.916,250,1963-08-24,en,Released
1949,874,3900000,28350000,120,7.66,7.3,515,1966-12-13,en,Released
1950,10633,2000000,27379978,109,8.0522,7.681,1298,1967-08-02,en,Released
1951,17917,10000000,37400000,153,4.7856,7.023,508,1968-09-26,en,Released
1952,3116,3600000,44785053,113,9.6932,7.535,1682,1969-05-25,en,Released
1953,1051,1800000,41200000,104,8.1874,7.491,2211,1971-10-09,en,Released
1954,1366,1000000,117253345,120,18.1205,7.799,8906,1976-12-03,en,Released
1955,12102,8000000,106260000,105,9.5626,7.563,2542,1979-12-07,en,Released
1956,16619,6000000,54766923,124,9.8238,7.444,724,1980-09-19,en,Released
1957,9443,5500000,58972904,123,8.057,6.784,1076,1981-05-15,en,Released
1958,11050,8000000,108423749,132,6.5355,7.112,859,1983-11-20,en,Released
1959,606,31000000,227514205,161,9.5042,7.149,1584,1985-12-20,en,Released
1960,746,23800000,44000000,163,12.4376,7.59,1985,1987-10-04,en,Released
1961,380,25000000,354825435,134,15.1065,7.749,7334,1988-12-12,en,Released
1962,403,7500000,145793296,99,7.9323,7.225,1861,1989-12-13,en,Released
1963,11485,1530000,6080000,85,3.9365,7.129,808,1969-08-18,en,Released
1964,466,2500000,12512637,114,5.146,6.8,538,1971-06-23,en,Released
1965,13820,1500000,2300000,92,6.2276,6.644,709,1984-03-02,en,Released
1966,15389,225000,2900000,99,1.7769,7.016,192,1990-08-03,en,Released
1967,13597,25000000,12729917,101,14.9952,7.3,2859,1986-06-27,en,Released
1968,2108,1000000,51530442,98,12.075,7.716,8735,1985-02-15,en,Released
1969,10014,3000000,30000121,87,9.8036,5.794,2185,1985-11-01,en,Released
1970,10072,4450000,44793222,96,4.9987,6.722,2114,1987-02-27,en,Released
1971,10131,6500000,49369899,93,7.9993,5.884,1684,1988-08-19,en,Released
1972,10160,8000000,22168359,89,7.7903,5.4,1482,1989-08-11,en,Released
1973,11284,10000000,34872033,89,8.7964,5.3,1521,1991-09-05,en,Released
1974,4488,550000,39925100,95,12.121,6.402,3460,1980-05-09,en,Released
1975,9725,1250000,21724205,86,10.554,6.2,1976,1981-05-01,en,Released
1976,9728,2300000,36697702,95,8.3422,5.88,1657,1982-08-13,en,Released
1977,9730,2600000,32984636,91,10.3817,6.1,1564,1984-04-13,en,Released
1978,9731,2200000,21930715,92,9.4317,5.257,1341,1985-03-22,en,Released
1979,10225,3000000,19476736,86,12.7497,6.289,1406,1986-08-01,en,Released
1980,10281,2800000,19170001,88,6.981,5.479,1257,1988-05-13,en,Released
1981,10283,5000000,14343976,100,8.9684,4.94,1253,1989-07-28,en,Released
1982,948,325000,70260597,91,38.3542,7.557,6367,1978-10-24,en,Released
1983,11281,2500000,25533818,92,12.1391,6.592,2315,1981-10-30,en,Released
1984,10676,2500000,14402425,98,8.9145,5.251,1594,1982-10-22,en,Released
1985,11357,5000000,17768757,88,8.7046,6.17,2105,1988-10-21,en,Released
1986,11361,3000000,11642254,98,9.034,5.309,1379,1989-10-12,en,Released
1987,36599,1500000,14796236,93,5.9788,5.711,510,1980-07-18,en,Released
1990,41769,0,0,93,2.5219,4.762,84,1992-02-14,en,Released
1991,10585,9000000,44196684,87,16.9937,6.767,3475,1988-11-09,en,Released
1992,11186,13000000,35763605,84,11.334,6.376,2095,1990-11-09,en,Released
1993,11187,13000000,20560255,90,11.2893,5.906,1801,1991-08-30,en,Released
1994,609,10700000,121733131,114,11.5885,7.164,3460,1982-06-04,en,Released
1995,11133,19000000,40996665,91,6.6206,6.002,796,1986-05-23,en,Released
1996,10306,10500000,14144000,98,6.8443,5.221,578,1988-06-10,en,Released
1997,9552,11000000,430872776,122,24.1342,7.747,8879,1973-12-26,en,Released
1998,11586,14000000,30749142,118,6.7353,4.531,819,1977-06-17,en,Released
1999,11587,11000000,39024251,110,9.0069,6.299,892,1990-08-17,en,Released
2000,941,15000000,120207127,110,23.2783,7.304,5218,1987-03-06,en,Released
2001,942,25000000,227853986,114,17.1161,7.047,3879,1989-07-07,en,Released
2002,943,35000000,321731527,118,17.0705,6.726,3369,1992-05-15,en,Released
2003,927,11000000,153083102,106,18.1795,7.145,7159,1984-06-08,en,Released
2004,928,50000000,41482207,106,12.6972,6.525,3001,1990-06-15,en,Released
2005,9340,19000000,69649283,114,18.3873,7.514,6417,1985-06-07,en,Released
2006,9342,95000000,250288523,138,17.1239,6.581,4453,1998-07-16,en,Released
2007,38509,0,0,105,2.0201,5.071,45,1998-01-16,en,Released
2008,60033,0,51618,100,3.0261,5.25,32,1997-07-11,en,Released
2009,12101,0,3600000,97,8.0695,6.917,1490,1973-04-18,en,Released
2010,19,5300000,1350322,148,10.2455,8.083,3206,1927-01-10,de,Released
2011,165,40000000,332000000,108,31.977,7.783,14297,1989-11-22,en,Released
2012,196,40000000,244527583,119,17.8987,7.5,11836,1990-05-25,en,Released
2013,551,5000000,84563118,117,7.6833,7.164,1060,1972-12-01,en,Released
2014,16084,0,25942000,95,5.6532,6.119,319,1976-12-17,en,Released
2015,17984,2000000,0,96,3.5532,6.543,208,1961-01-20,en,Released
2016,22328,5450000,20931111,88,2.6602,6.418,79,1979-06-27,en,Released
2017,32611,0,0,106,3.2609,5.873,110,1961-12-14,en,Released
2018,3170,858000,267447150,70,13.8657,7.015,6138,1942-08-14,en,Released
2019,346,2000000,105000000,207,19.6658,8.5,4376,1954-04-26,ja,Released
2020,859,14000000,34670720,119,7.9243,7.206,1310,1988-12-21,en,Released
2021,841,40000000,31502434,136,19.5523,6.196,3550,1984-12-14,en,Released
2022,11051,7000000,33773585,164,8.2376,7.225,1241,1988-05-28,en,Released
2023,242,54000000,136766062,162,39.2513,7.416,7062,1990-12-25,en,Released
2024,1411,3000000,1277404,100,3.1107,5.729,94,1991-10-04,en,Released
2025,9769,62000000,1100000,137,17.5773,7.099,2040,1997-09-27,en,Released
2026,9424,15000000,17514980,84,4.5374,5.834,432,1998-07-24,en,Released
2027,9835,10000000,19889299,84,4.4774,5.507,227,1998-07-24,en,Released
2028,857,70000000,481840909,169,35.1628,8.233,17798,1998-07-24,en,Released
2032,20173,0,0,96,2.7164,5.561,49,1971-03-17,en,Released
2033,10957,25000000,21300000,80,12.6217,6.437,1474,1985-07-24,en,Released
2034,9570,20000000,35841901,98,7.7935,5.837,572,1979-12-19,en,Released
2035,16249,0,0,106,4.9342,6.727,165,1968-02-08,en,Released
2036,13962,13000000,30600000,93,6.8199,5.971,558,1994-02-11,en,Released
2037,14612,0,0,101,2.5843,6.858,124,1977-12-16,en,Released
2038,19378,4000000,0,104,4.6651,5.955,156,1978-06-09,en,Released
2040,29228,0,0,91,4.7304,6.024,168,1969-12-29,en,Released
2041,19379,0,0,90,2.4449,5.5,145,1981-07-02,en,Released
2042,11164,0,45610410,106,6.5858,6.232,676,1994-03-25,en,Released
2043,18887,0,0,91,4.3347,6.672,177,1959-06-24,en,Released
2044,40866,0,16000000,96,3.3195,5.817,41,1981-03-06,en,Released
2046,10122,9000000,18564613,90,6.5529,6.969,983,1986-07-30,en,Released
2048,9994,14000000,38600000,74,12.8222,7.048,1844,1986-07-02,en,Released
2050,12129,0,18000000,93,4.0135,5.387,262,1980-06-25,en,Released
2051,14140,0,29000000,105,5.9608,5.927,363,1977-06-24,en,Released
2052,10439,28000000,51663767,96,16.9925,7.035,3389,1993-07-16,en,Released
2053,11158,40000000,58662452,89,6.3608,5.285,1312,1992-07-16,en,Released
2054,9354,18000000,222724172,93,12.5433,6.334,3435,1989-06-23,en,Released
2055,28736,0,0,90,3.1773,5.9,36,1978-07-05,en,Released
2056,34774,0,0,98,2.1459,6.483,86,1962-12-01,en,Released
2057,37969,0,0,80,3.1307,6.659,123,1963-11-20,en,Released
2058,9631,50000000,44547681,140,15.452,7.113,2492,1998-07-29,en,Released
2059,9820,15000000,92108518,128,26.9347,7.216,4657,1998-07-28,en,Released
2060,14013,25000000,7027290,103,5.5197,6.141,678,1998-07-28,en,Released
2064,1779,160000,6706368,91,2.6552,7.097,326,1989-09-01,en,Released
2065,10849,15000000,10631333,82,5.6919,7.379,1176,1985-03-01,en,Released
2066,678,0,0,97,7.6438,7.66,663,1947-11-25,en,Released
2067,907,11000000,111858363,200,8.0869,7.551,1315,1965-12-22,en,Released
2068,5961,6000000,6800000,188,6.8857,7.765,917,1982-12-17,sv,Released
2069,47908,0,7218340,108,2.9615,7.164,58,1985-12-20,en,Released
2070,42121,4500000,8400000,92,4.1113,6.784,160,1983-03-04,en,Released
2071,2887,0,0,140,4.5209,6.4,114,1993-09-11,en,Released
2072,11974,18000000,49101993,102,9.2917,6.755,1425,1989-02-17,en,Released
2073,20348,7000000,91666,91,3.5724,6.687,198,1985-01-25,en,Released
2074,26648,0,0,118,5.6734,6.716,398,1974-04-03,it,Released
2075,11911,0,0,145,3.2648,7.301,156,1981-02-11,de,Released
2076,793,6000000,8636706,120,14.5009,7.609,3959,1986-09-19,en,Released
2077,35144,0,9708373,101,5.2477,6.807,179,1985-09-27,en,Released
2078,9325,4000000,378000000,78,18.9427,7.288,6783,1967-10-18,en,Released
2080,10340,4000000,36359037,76,18.1247,7.129,5751,1955-06-22,en,Released
2081,10144,40000000,211343479,83,29.1038,7.353,8570,1989-11-17,en,Released
2082,10414,10000000,50752337,101,7.3309,6.609,1012,1992-10-02,en,Released
2083,10437,12000000,34524312,86,7.3546,7.451,1210,1992-12-11,en,Released
2084,15300,15000000,2819485,121,4.7324,6.7,309,1992-04-10,en,Released
2085,12230,3600000,303000000,79,19.3857,7.177,6778,1961-01-25,en,Released
2087,10693,4000000,87400000,77,17.027,7.191,5842,1953-02-05,en,Released
2088,11335,20000000,49823037,114,6.8508,5.583,740,1980-12-12,en,Released
2089,11135,38000000,47431461,77,3.1326,6.6,1434,1990-11-16,en,Released
2090,11319,7500000,169015869,78,16.6091,6.793,2732,1977-06-22,en,Released
2091,14822,0,6393000,95,5.0188,5.865,245,1978-03-10,en,Released
2092,15969,3500000,0,69,13.2298,6.233,3490,1994-12-15,en,Released
2093,13155,25000000,11137801,109,6.5559,6.708,1093,1985-06-21,en,Released
2094,10249,42000000,46704056,108,8.1563,6.493,1087,1991-06-21,en,Released
2095,15943,0,0,91,4.0623,5.75,88,1976-12-17,en,Released
2096,10882,6000000,51600000,75,26.2782,6.946,5579,1959-02-17,en,Released
2097,24808,20000000,8400000,95,3.8396,6.505,219,1983-04-29,en,Released
2098,19762,0,22129412,100,2.5526,6.056,71,1963-01-16,en,Released
2099,13850,2125000,65000000,94,5.335,6.467,316,1946-11-20,en,Released
2100,2619,8000000,69800000,110,8.417,6.263,1538,1984-03-09,en,Released
2102,53565,4986,0,8,4.5086,7.298,625,1928-05-15,en,Released
2103,41841,32000000,0,98,3.613,6.209,91,1995-03-24,en,Released
2104,27332,5000000,7400000,103,2.2611,6.067,60,1982-07-30,en,Released
2105,97,17000000,33002371,96,11.6542,6.624,2870,1982-07-09,en,Released
2106,10419,0,5600000,112,4.3952,6.691,256,1993-03-05,en,Released
2107,11675,17000000,75041738,86,10.1958,6.049,1861,1998-08-05,en,Released
2108,2107,0,28900000,95,4.4216,6.508,396,1991-02-08,en,Released
2109,6471,4000000,100000000,94,5.6529,6.884,934,1979-12-14,en,Released
2110,9442,9000000,18196170,89,4.8284,6.642,466,1982-05-21,en,Released
2111,11591,10100000,10000000,93,5.3459,6.214,502,1983-06-10,en,Released
2112,13697,0,40991329,134,2.9216,6.413,218,1991-12-25,en,Released
2114,227,10000000,33697647,91,12.0043,7.168,1615,1983-03-25,en,Released
2115,87,28000000,333000000,118,27.0753,7.309,10387,1984-05-23,en,Released
2116,123,4000000,30477175,132,8.8692,6.586,1092,1978-11-15,en,Released
2117,9314,7430072,8430492,113,9.9899,6.787,1713,1984-11-09,en,Released
2118,11336,10000000,20766616,103,9.6794,7.009,1906,1983-10-21,en,Released
2119,9980,10000000,7400000,98,7.7041,5.837,892,1986-07-13,en,Released
2120,10657,0,15185672,121,9.2973,6.268,632,1993-08-27,en,Released
2121,10489,5000000,21200000,93,6.6785,6.179,1170,1983-08-10,en,Released
2122,10823,800000,14568989,92,7.6564,5.724,1173,1984-03-09,en,Released
2123,11497,13800000,27100027,84,10.137,6.8,1179,1989-11-17,en,Released
2124,2907,30000000,191502426,100,15.4623,7.081,5199,1991-11-22,en,Released
2125,9454,26000000,98005666,121,10.1803,7.455,1622,1998-07-31,en,Released
2126,8688,73000000,103900000,98,6.8383,6.205,1569,1998-08-07,en,Released
2130,23954,7200000,12729675,104,4.3343,6.794,308,1980-09-03,en,Released
2131,12761,0,0,93,6.7018,8.0,730,1978-10-08,sv,Released
2132,396,7500000,33736689,131,6.988,7.7,942,1966-06-22,en,Released
2133,14367,7000000,34368475,102,6.5025,6.872,795,1987-07-01,en,Released
2134,11814,7500000,38934048,93,9.5712,6.533,1604,1985-08-01,en,Released
2135,16081,18000000,9000000,151,5.2617,6.214,206,1967-12-05,en,Released
2136,18331,0,0,107,5.2064,6.494,486,1963-06-04,en,Released
2137,15171,0,5232000,94,3.9929,6.905,431,1973-03-01,en,Released
2138,11837,1000000,3713768,92,6.6596,7.199,734,1978-10-14,en,Released
2139,11704,7000000,14665733,83,8.2455,7.439,986,1982-06-17,en,Released
2140,11639,15000000,44626631,93,8.1014,7.161,1311,1982-12-17,en,Released
2141,4978,9000000,84542002,80,9.4588,6.759,1494,1986-11-21,en,Released
2142,10380,0,40766041,75,8.6801,6.32,815,1991-11-21,en,Released
2143,11976,24500000,15502112,94,13.7934,6.266,1444,1985-08-28,en,Released
2144,15144,6500000,23686027,93,8.1536,6.75,2263,1984-05-04,en,Released
2145,11522,9000000,40471663,97,6.3432,6.673,1251,1986-02-28,en,Released
2146,11557,10000000,37803872,108,6.489,6.125,616,1985-06-28,en,Released
2147,13853,15000000,1953732,98,4.0615,5.288,137,1986-01-17,en,Released
2148,11415,3000000,19444631,92,6.428,6.173,639,1985-12-06,en,Released
2149,37530,3000000,10000000,88,4.1259,5.572,284,1987-05-14,en,Released
2150,8393,5000000,200000000,109,12.4733,7.28,1372,1980-09-10,en,Released
2151,11937,7500000,9600000,98,8.0671,7.056,579,1989-07-01,en,Released
2152,21661,11000000,10224116,90,4.3783,5.136,199,1998-08-14,en,Released
2153,9320,60000000,48600000,89,7.2652,4.447,813,1998-08-13,en,Released
2154,33644,20000000,37672350,124,5.2438,5.813,134,1998-08-14,en,Released
2155,14662,5000000,5502773,91,3.6518,6.3,261,1998-08-14,en,Released
2156,125124,0,0,101,1.4208,7.412,17,1997-10-28,it,Released
2159,10692,111000,609939,83,4.0567,6.72,805,1986-09-24,en,Released
2160,805,3200000,33395426,138,12.5672,7.8,4501,1968-06-12,en,Released
2161,34584,27000000,20158808,101,14.2889,7.225,4506,1984-04-06,de,Released
2162,34636,32000000,16283667,90,7.0038,5.786,911,1990-10-25,de,Released
2163,2182,100420,567000,87,3.6825,5.114,352,1978-10-04,en,Released
2164,28070,20000,0,81,2.5223,3.903,129,1987-07-03,en,Released
2165,77469,5000000,4710749,107,3.8626,5.821,84,1998-08-19,en,Released
2166,10278,0,0,109,4.2496,6.472,318,1998-08-10,en,Released
2167,36647,45000000,131183530,121,20.3338,6.854,6977,1998-08-21,en,Released
2169,14557,14000000,15100000,96,4.245,5.509,168,1998-08-21,en,Released
2170,9417,3000000,9623329,87,6.9319,5.999,540,1998-07-23,en,Released
2171,41469,0,3395581,96,1.9654,5.964,97,1998-08-21,en,Released
2172,19381,5000000,913834,97,3.3068,6.4,136,1998-08-21,en,Released
2174,4011,15000000,84554197,92,18.1024,7.367,8686,1988-03-30,en,Released
2175,161795,0,0,117,1.4412,5.8,14,1998-04-22,en,Released
2176,1580,1500000,2200000,81,8.8684,7.93,3088,1948-02-01,en,Released
2177,5854,4500000,13200000,120,5.8821,6.761,522,1976-04-09,en,Released
2178,573,2000000,12600000,116,6.844,7.092,1057,1972-05-25,en,Released
2179,2370,4000000,6000000,127,5.5612,6.006,434,1969-12-17,en,Released
2180,5780,3000000,13000615,127,5.6864,6.6,683,1966-07-14,en,Released
2181,506,2135000,7000000,130,6.3734,7.099,1258,1964-07-17,en,Released
2182,22527,1200000,2000000,105,5.8298,7.133,630,1956-12-22,en,Released
2183,574,1200000,11300000,121,9.5207,7.43,1607,1956-05-16,en,Released
2184,11219,1200000,7000000,99,6.0658,6.972,929,1955-10-03,en,Released
2185,30159,0,0,95,6.4739,7.074,499,1953-02-12,en,Released
2186,845,1200000,7000000,101,10.2677,7.654,1939,1951-06-27,en,Released
2187,1978,1450000,1900000,110,5.645,6.82,378,1950-02-23,en,Released
2188,3682,13000000,16757163,93,7.0267,5.862,556,1998-08-28,en,Released
2190,46702,0,12413650,116,3.0637,6.435,54,1998-08-28,en,Released
2193,847,35000000,57300000,126,10.4802,7.014,2263,1988-05-20,en,Released
2194,117,25000000,76270454,119,19.935,7.8,6331,1987-06-03,en,Released
2195,14577,13000000,0,82,6.1937,6.228,318,1998-06-12,en,Released
2196,37498,35000000,44000000,91,4.1552,5.369,413,1998-09-04,en,Released
2201,31667,4258000,2100000,114,4.4546,6.247,271,1947-12-29,en,Released
2202,13321,1590000,1000000,96,4.3083,7.359,499,1944-01-28,en,Released
2203,21734,0,0,108,7.5869,7.494,1191,1943-01-15,en,Released
2204,31997,780000,1250000,109,4.9906,6.853,563,1942-04-22,en,Released
2205,24197,743000,1400000,95,3.3704,5.878,262,1941-01-31,en,Released
2206,11462,1103000,4500000,99,5.8062,7.111,924,1941-11-14,en,Released
2207,31995,200436,0,100,3.8136,6.14,258,1939-05-11,en,Released
2208,940,0,0,96,5.3117,7.428,1061,1938-10-07,en,Released
2210,12684,0,0,77,3.7772,6.699,381,1936-12-02,en,Released
2211,2761,0,0,86,2.1123,6.088,176,1936-05-11,en,Released
2212,8208,180000,0,76,4.3614,6.494,468,1934-12-09,en,Released
2226,36056,0,0,116,2.263,5.9,118,1927-09-28,en,Released
2227,2760,14670,83568,91,3.6456,7.16,356,1927-02-14,en,Released
2231,10220,12000000,22912409,121,9.0711,7.014,1993,1998-09-11,en,Released
2232,431,257899,8969065,90,10.236,6.826,5384,1998-07-11,en,Released
2236,22796,20000000,18253415,114,4.4428,6.856,278,1998-09-11,en,Released
2239,37916,0,12014430,110,4.1232,7.375,344,1974-12-18,it,Released
2240,21873,0,22482952,96,4.29,6.414,134,1980-07-11,en,Released
2241,21500,7000000,21600000,98,3.5976,5.967,213,1983-07-22,en,Released
2243,12626,20000000,67330500,133,4.7421,6.782,483,1987-12-16,en,Released
2244,37818,0,0,95,2.302,4.651,43,1987-05-01,en,Released
2245,3525,28000000,103173635,114,9.3196,6.605,1097,1988-12-20,en,Released
2247,2321,10000000,21486757,104,6.9951,6.006,343,1988-08-19,en,Released
2248,2028,16000000,20036737,100,8.8397,7.006,1167,1989-04-14,en,Released
2249,16384,6,23,97,3.8252,6.09,279,1990-08-17,en,Released
2252,10699,42000000,0,117,6.588,6.301,544,1992-10-02,en,Released
2253,11597,50000000,23278931,122,5.7046,5.334,613,1992-12-18,en,Released
2255,47947,7500000,30688860,95,4.5074,5.306,70,1982-07-16,en,Released
2256,48311,800000,7000000,85,4.0879,4.881,88,1982-03-12,en,Released
2257,44772,0,0,102,2.5039,5.467,61,1984-11-09,en,Released
2259,14347,9000000,18644570,100,5.6499,5.758,209,1984-02-17,en,Released
2260,41090,6500000,5715174,109,1.7622,6.091,55,1986-12-31,en,Released
2261,18282,9000000,13000000,93,4.6428,6.023,221,1986-08-08,en,Released
2262,18169,8500000,38702310,113,5.4748,6.058,241,1986-07-02,en,Released
2263,11082,0,18875011,97,7.283,6.003,395,1988-04-01,en,Released
2264,5971,20000000,0,106,6.2984,6.167,564,1989-06-02,en,Released
2265,11933,40000000,8500000,94,6.5276,5.292,416,1991-02-15,en,Released
2266,20096,0,9689816,107,5.0269,5.7,185,1991-10-25,en,Released
2267,30815,8000000,18800000,104,5.1117,5.672,207,1991-04-19,en,Released
2268,881,40000000,243240178,138,16.3308,7.56,4328,1992-12-11,en,Released
2269,4478,38000000,266614059,117,14.7464,6.409,1670,1993-04-07,en,Released
2271,22318,0,1166199,88,3.361,5.869,130,1998-09-16,en,Released
2272,53113,0,0,127,3.677,6.5,140,1998-09-18,en,Released
2273,2109,33000000,244721064,97,21.7259,7.085,5917,1998-09-18,en,Released
2275,24746,2000000,124494,91,1.7323,6.238,157,1998-09-18,en,Released
2278,8195,55000000,70692101,122,8.3872,6.968,2786,1998-09-25,en,Released
2279,9877,14000000,72527595,100,7.1133,5.739,1516,1998-09-25,en,Released
2280,26618,8000000,1800000,104,3.655,6.2,143,1998-09-25,en,Released
2281,21132,0,0,93,2.3559,5.769,32,1998-09-25,en,Released
2282,11855,6000000,2281761,86,3.7707,6.065,216,1998-09-25,en,Released
2283,24016,25000000,2075084,138,3.4003,6.507,307,1990-10-25,en,Released
2286,3486,0,10700000,108,2.7481,4.9,39,1980-08-08,en,Released
2287,11071,23000000,0,94,5.307,6.831,485,1954-06-16,en,Released
2288,1091,15000000,19629760,109,23.2788,8.073,8267,1982-06-25,en,Released
2289,10403,8000000,21706101,124,8.002,7.193,987,1992-05-08,en,Released
2290,11337,10000000,10389003,89,4.1432,6.9,474,1980-09-26,en,Released
2291,162,20000000,86024005,105,23.6691,7.72,14045,1990-12-07,en,Released
2292,25723,12000000,0,87,2.9797,5.59,105,1998-04-07,en,Released
2294,8916,60000000,171757863,83,12.9645,6.19,4855,1998-10-02,en,Released
2295,28134,0,2198044,101,3.8139,5.958,72,1998-10-02,en,Released
2296,9429,17000000,30331165,82,7.4377,6.55,1042,1998-10-01,en,Released
2297,12159,85000000,71485043,113,12.0038,7.252,2615,1998-10-02,en,Released
2298,27791,1100000,631221,86,2.2668,5.044,148,1998-10-02,en,Released
2300,30197,947000,0,89,6.339,7.059,935,1968-03-18,en,Released
2301,10156,10000000,31672907,92,3.8198,6.747,951,1981-06-12,en,Released
2302,10377,11000000,64088552,119,10.9185,7.505,1978,1992-03-13,en,Released
2303,3121,2200000,9995555,160,6.2194,7.254,477,1975-06-11,en,Released
2304,4975,0,0,92,2.5122,6.054,74,1998-09-16,en,Released
2306,9713,60000000,12069719,114,3.7463,5.234,471,1998-10-08,en,Released
2307,134368,0,0,90,1.9365,4.4,10,1998-10-09,en,Released
2310,9821,0,2652246,100,3.6851,7.24,302,1998-06-01,en,Released
2311,4437,28000000,40400000,116,8.9044,6.657,1121,1984-12-06,en,Released
2312,1890,0,31853080,119,4.8609,6.919,353,1986-09-13,en,Released
2313,1955,5000000,26000000,124,13.21,8.051,4059,1980-10-09,en,Released
2314,39437,80000000,22900000,172,3.2297,5.826,112,1998-10-16,en,Released
2315,11932,25000000,50688658,89,13.3036,6.139,2165,1998-10-15,en,Released
2316,6435,75000000,94400000,104,70.1179,6.809,1957,1998-10-16,en,Released
2318,10683,3000000,2800000,140,5.134,7.436,986,1998-10-11,en,Released
2320,9445,14000000,8863193,107,5.3806,6.532,760,1998-10-23,en,Released
2321,2657,60000000,49800000,124,8.3743,7.271,1965,1998-09-17,en,Released
2322,9425,75000000,14594226,99,9.5885,6.4,995,1998-10-23,en,Released
2323,32326,0,0,76,0.9512,7.034,29,1998-10-23,en,Released
2324,637,20000000,230098753,116,26.5492,8.4,14255,1997-12-20,it,Released
2325,8675,1000000,602302,94,5.0075,6.094,508,1998-07-02,en,Released
2327,20701,3500000,16324573,93,6.4524,6.192,440,1990-05-03,en,Released
2328,9945,20000000,20308772,108,7.2546,6.312,1406,1998-10-30,en,Released
2329,73,20000000,23900000,119,22.4685,8.323,12932,1998-07-01,en,Released
2330,18603,0,0,98,1.4201,7.541,37,1997-06-01,en,Released
2331,46889,12000000,12902790,100,2.107,6.036,55,1998-10-30,en,Released
2332,12888,3000000,9600000,96,4.5823,6.352,192,1998-11-04,en,Released
2333,3033,10000000,6451628,105,5.3331,6.915,406,1998-09-12,en,Released
2334,9882,70000000,116700000,116,10.3841,6.294,1552,1998-11-06,en,Released
2335,10663,23000000,185991646,90,9.5216,6.062,2102,1998-11-06,en,Released
2336,4518,30000000,82150642,123,7.3572,7.161,1533,1998-09-13,en,Released
2337,1808,9000000,4300000,123,4.5975,6.888,557,1998-08-28,en,Released
2338,3600,24000000,84002112,100,12.2232,5.364,1793,1998-11-13,en,Released
2339,17037,30000000,0,86,5.9488,5.958,366,1998-11-13,en,Released
2340,297,90000000,142940100,178,21.1643,7.37,5952,1998-11-12,en,Released
2342,21589,0,0,92,2.143,6.586,35,1996-10-11,en,Released
2344,11893,9000000,7936012,111,8.4644,6.955,685,1985-11-15,en,Released
2346,12223,500000,8700000,117,3.7737,6.705,385,1975-02-12,en,Released
2347,32081,8000000,6836201,121,4.3532,6.347,167,1984-06-22,en,Released
2348,14924,4000000,2826523,114,6.0203,6.739,590,1986-09-12,en,Released
2349,10002,0,5794184,105,4.3149,6.897,306,1986-06-13,en,Released
2350,41817,10000000,4134992,100,3.9476,5.667,111,1990-02-02,en,Released
2351,19426,0,752045,110,6.2661,7.966,882,1957-10-03,it,Released
2352,12560,8000000,56342711,105,6.1,6.825,668,1983-09-30,en,Released
2353,9798,90000000,250649836,132,15.5006,7.079,4429,1998-11-20,en,Released
2354,14444,30000000,100491683,80,7.1878,6.271,661,1998-11-20,en,Released
2355,9487,80000000,363258859,95,25.9605,6.983,9926,1998-11-25,en,Released
2356,9466,12000000,5078660,113,6.2979,6.0,520,1998-09-25,en,Released
2357,666,2900000,5596708,111,5.8253,8.12,1074,1998-04-03,pt,Released
2358,2042,10000000,0,103,4.0296,7.111,194,1998-06-01,en,Released
2359,10162,3000000,43515982,91,3.6609,7.041,357,1998-11-20,en,Released
2360,309,1300000,0,101,5.3603,7.692,1320,1998-06-19,da,Released
2361,692,12000,6000000,93,7.5083,6.124,590,1972-03-17,en,Released
2362,24018,20000,10158,71,1.9625,4.696,161,1953-04-01,en,Released
2363,1678,60000,2250000,96,7.9413,7.629,1168,1954-11-03,ja,Released
2364,39256,200000,4116395,87,3.7371,6.814,202,1985-08-23,ja,Released
2365,1680,0,12550000,97,3.6281,6.873,355,1962-08-11,ja,Released
2366,244,672000,10001781,100,7.4095,7.585,1666,1933-04-07,en,Released
2367,10730,23000000,90614445,134,7.5517,6.3,950,1976-12-15,en,Released
2368,31947,10000000,4711220,105,6.4445,5.223,273,1986-12-16,en,Released
2369,8130,4500000,27399597,104,5.5234,6.075,538,1985-03-29,en,Released
2370,11532,0,24467000,114,3.8219,6.593,284,1985-06-22,en,Released
2371,9749,8000000,59612888,98,5.5282,6.756,799,1985-05-31,en,Released
2372,14628,8000000,35150960,95,4.2556,6.011,349,1989-03-17,en,Released
2373,9626,17900000,6948633,89,9.1241,5.375,987,1985-04-09,en,Released
2374,13698,13000000,36611610,111,3.9969,6.086,221,1986-03-14,en,Released
2375,10466,10000000,54999651,91,9.3732,6.518,1283,1986-03-26,en,Released
2376,707,30000000,152427960,131,15.1274,6.256,2278,1985-05-24,en,Released
2377,11954,25000000,11603545,102,8.1187,6.2,769,1985-06-21,en,Released
2378,9336,4500000,81198894,97,14.9572,6.722,3100,1984-03-22,en,Released
2379,10157,7600000,55600000,87,9.0828,6.098,1784,1985-03-28,en,Released
2380,12118,12000000,107600000,84,9.003,5.82,1416,1986-03-20,en,Released
2381,10587,17000000,76800000,88,9.1014,5.517,1318,1987-04-02,en,Released
2382,11825,14000000,19510371,90,6.5225,5.233,1048,1988-03-17,en,Released
2383,11895,15000000,33200000,84,8.4602,5.142,980,1989-03-09,en,Released
2384,9447,90000000,69100000,96,9.5476,5.684,1364,1998-11-25,en,Released
2385,12257,15000000,10443316,93,3.2253,5.1,109,1998-11-25,en,Released
2387,10029,30000000,9898412,100,6.4197,6.279,714,1998-09-11,en,Released
2388,27104,0,384793,94,2.7654,6.6,154,1997-05-09,it,Released
2389,11252,25000000,37100000,104,6.4894,5.124,1074,1998-12-04,en,Released
2390,8545,0,0,97,2.4131,6.446,202,1998-11-05,en,Released
2391,10223,17000000,16316273,121,6.5598,7.2,1142,1998-12-11,en,Released
2392,9745,27000000,34562925,101,6.2042,6.029,1250,1998-11-15,en,Released
2393,200,70000000,112587658,103,8.3414,6.457,1407,1998-12-11,en,Released
2394,9837,70000000,218613188,99,19.6682,7.324,4435,1998-12-16,en,Released
2395,11545,9000000,17096053,93,7.8208,7.392,2815,1998-12-11,en,Released
2396,1934,25000000,289317794,124,10.4568,6.8,3280,1998-12-11,en,Released
2398,11881,630000,2700000,96,6.4237,7.369,871,1947-06-04,en,Released
2399,13764,50000000,23717291,108,3.3671,6.3,295,1985-10-29,en,Released
2400,24951,0,0,99,3.2177,6.123,114,1989-11-17,en,Released
2401,8879,6900000,41400000,115,8.086,7.171,1251,1985-06-28,en,Released
2402,1369,44000000,300400432,96,19.137,6.669,4474,1985-05-22,en,Released
2403,1368,15000000,125212904,93,28.0486,7.518,7106,1982-10-22,en,Released
2404,1370,63000000,189015611,102,14.0769,6.208,3593,1988-05-24,en,Released
2405,10303,25000000,96800000,106,7.9666,6.21,1328,1985-08-01,en,Released
2406,9326,10000000,86572238,106,9.9794,6.772,2122,1984-03-30,en,Released
2407,10328,17500000,85300000,117,6.3316,6.643,1456,1985-06-21,en,Released
2408,11285,17500000,25000000,116,6.0952,6.46,1040,1988-09-13,en,Released
2409,1367,7000000,200182160,119,12.9614,7.296,4972,1979-06-15,en,Released
2410,1371,17000000,125052898,100,12.4853,6.908,4649,1982-05-28,en,Released
2411,1374,31000000,300473716,91,14.5904,7.091,4977,1985-11-21,en,Released
2412,1375,42000000,119946358,104,10.388,5.773,3576,1990-11-16,en,Released
2413,15196,15000000,14647963,94,10.7565,7.215,2065,1985-12-13,en,Released
2414,11904,18000000,63700000,109,4.4407,6.762,735,1985-12-04,en,Released
2415,215875,0,0,88,1.8417,4.739,23,1986-04-04,en,Released
2416,15596,11000000,91258000,96,6.5141,6.334,518,1986-06-13,en,Released
2417,13818,15000000,52600000,108,5.3933,6.002,223,1986-07-25,en,Released
2418,29968,12000000,32324557,118,3.5338,5.869,137,1986-07-29,en,Released
2419,44326,0,13418091,89,3.3232,6.2,102,1986-08-22,en,Released
2420,1885,8000000,91138075,127,16.8779,7.229,4878,1984-06-22,en,Released
2421,8856,13000000,115103979,113,11.1375,6.348,2571,1986-06-18,en,Released
2422,10495,12500000,38956288,112,9.6813,5.919,1904,1989-06-16,en,Released
2423,5825,27000000,74542088,97,14.2093,7.232,2798,1989-11-30,en,Released
2424,9489,65000000,250800000,119,30.1144,6.71,3753,1998-12-18,en,Released
2425,16885,0,1214198,124,2.9822,6.704,137,1998-05-01,en,Released
2427,8741,52000000,98126565,171,18.8147,7.438,3428,1998-12-23,en,Released
2428,9276,15000000,40283321,104,13.3715,6.575,2367,1998-12-25,en,Released
2429,9822,90000000,0,114,9.9184,6.319,904,1998-12-25,en,Released
2430,39314,1800000,1950000,94,4.2562,6.416,125,1949-07-13,en,Released
2431,10312,50000000,202292902,115,10.0253,7.315,3529,1998-12-25,en,Released
2432,9441,50000000,159710793,125,11.3403,7.157,1581,1998-12-25,en,Released
2433,9422,70000000,56709981,115,6.3113,6.5,514,1998-12-25,en,Released
2435,24525,4000000,1808004,122,2.3612,5.5,108,1998-12-25,en,Released
2436,10368,12000000,21001563,117,3.4229,6.438,161,1999-03-25,en,Released
2439,31662,6000000,6330054,114,3.4125,6.326,336,1998-02-12,en,Released
2442,46992,0,0,121,3.6959,6.593,118,1998-12-30,en,Released
2443,825,20000000,3970078,121,5.8755,6.646,257,1998-12-30,en,Released
2445,15556,0,0,128,4.6222,6.013,267,1999-01-15,en,Released
2446,28902,30000000,12017369,100,3.9311,5.463,205,1999-01-15,en,Released
2447,14709,0,0,106,6.0,6.166,486,1999-01-15,en,Released
2448,9423,75000000,30700000,100,4.7891,5.401,715,1999-01-14,en,Released
2450,10658,37000000,38000000,110,8.1787,5.5,1178,1986-08-01,en,Released
2451,6917,2500000,13539458,86,4.256,6.1,435,1987-04-21,en,Released
2453,24086,0,7177431,114,12.8107,6.289,152,1986-08-15,en,Released
2454,11815,700000,3000000,94,5.2019,7.0,627,1958-07-16,en,Released
2455,9426,15000000,60629159,96,33.5947,7.445,5148,1986-08-15,en,Released
2456,10344,16500000,38900000,105,7.3923,5.762,755,1989-02-10,en,Released
2457,15698,0,38500726,107,5.4529,6.101,259,1986-06-27,en,Released
2458,2620,12000000,15945534,88,3.9028,5.672,221,1986-08-15,en,Released
2459,30497,140000,30926225,83,17.8916,7.293,3963,1974-10-11,en,Released
2460,16337,4500000,8027706,100,14.1416,5.662,1060,1986-08-22,en,Released
2462,16780,600000,185898,95,6.3626,4.569,777,1995-09-22,en,Released
2463,12151,11000000,71600000,94,4.9809,6.572,464,1986-06-26,en,Released
2465,33278,0,8988731,91,4.0611,6.2,274,1986-10-10,en,Released
2467,192,18000000,77200000,130,12.6099,7.497,3404,1986-09-24,en,Released
2468,10945,18000000,29844101,105,4.7638,6.071,401,1986-10-09,en,Released
2469,10013,18000000,41382841,103,6.3718,6.1,682,1986-10-10,en,Released
2470,9671,5000000,328203506,97,9.2689,6.442,2211,1986-09-26,en,Released
2471,9396,14000000,239606210,111,8.2626,5.866,1274,1988-05-19,en,Released
2472,11038,10000000,21458229,104,3.4029,6.006,155,1986-10-03,en,Released
2473,12278,4500000,35000000,104,4.5876,5.253,172,1986-10-24,en,Released
2474,11873,13800000,52293982,119,9.0806,6.853,1585,1986-10-17,en,Released
2475,18588,0,5186646,110,4.2759,6.057,158,1986-11-07,en,Released
2476,10015,15000000,42700000,130,7.3049,6.905,1165,1986-12-05,en,Released
2477,12715,8000000,11949484,104,5.0678,5.333,222,1986-11-21,en,Released
2478,8388,25000000,39200000,103,7.4925,6.341,1210,1986-12-12,en,Released
2481,8129,0,354952,105,2.4523,7.258,217,1998-05-15,en,Released
2482,1618,0,524864,95,3.094,6.9,126,1998-10-30,en,Released
2483,10722,0,4367497,104,4.6591,7.252,638,1995-10-20,es,Released
2485,10314,10000000,103166989,95,10.5155,6.343,2324,1999-01-29,en,Released
2488,11167,150000,83957,101,7.0036,7.448,932,1960-04-07,en,Released
2490,2112,90000000,161626121,100,11.1639,6.835,2087,1999-02-05,en,Released
2491,16172,6000000,4398989,95,6.0283,5.5,270,1999-02-05,en,Released
2492,111794,0,0,87,2.2082,5.333,9,1998-01-01,en,Released
2493,9524,0,244523,126,1.9658,6.7,69,1997-12-25,de,Released
2494,20595,0,421432,87,2.568,7.419,105,1998-10-23,en,Released
2495,16306,0,0,72,4.8589,7.633,1149,1973-12-01,fr,Released
2496,11622,35000000,40263020,112,11.628,6.8,1271,1999-02-12,en,Released
2497,10207,80000000,118880016,131,7.0605,6.251,856,1999-02-22,en,Released
2498,9849,65000000,36850101,94,6.107,5.687,367,1999-02-11,en,Released
2500,18892,3000000,3100000,87,7.4763,6.4,614,1999-01-30,en,Released
2501,13466,25000000,34698685,107,8.4811,7.682,1497,1999-02-19,en,Released
2502,1542,10000000,12800000,90,11.0386,7.386,3530,1999-02-19,en,Released
2503,43978,0,0,82,1.1924,6.4,60,1998-05-27,fa,Released
2504,15256,6000000,6852450,101,5.0384,5.803,185,1999-02-26,en,Released
2505,8224,40000000,96618699,123,9.7901,6.509,2382,1999-02-26,en,Released
2506,18417,35000000,0,130,3.4984,6.426,182,1999-02-26,en,Released
2511,1847,1700000,959000,112,6.9934,7.41,812,1973-03-08,en,Released
2512,42113,0,0,130,5.2667,7.5,211,1983-04-29,ja,Released
2513,8913,11500000,57500000,103,13.0146,6.651,2465,1989-04-21,en,Released
2514,10906,8000000,17092453,100,9.4254,5.492,621,1992-08-28,en,Released
2515,25748,900000,6980986,92,4.4751,4.802,288,1992-01-29,en,Released
2516,25749,0,0,90,5.2509,4.8,234,1995-09-12,en,Released
2517,8769,9700000,21200000,110,9.2982,6.875,2330,1983-12-09,en,Released
2518,14742,8100000,21095683,106,4.1657,6.1,245,1982-07-30,en,Released
2520,10671,10000000,100489151,137,5.7277,6.471,467,1970-03-25,en,Released
2521,27932,3000000,102985152,107,4.63,5.784,305,1974-10-18,en,Released
2522,7227,6000000,91100000,114,4.405,5.604,342,1977-03-11,en,Released
2523,10670,9000000,8200000,119,2.9423,6.006,161,1977-06-10,en,Released
2524,5919,14000000,116000000,165,8.8584,7.005,1079,1974-12-14,en,Released
2525,33518,1500000,0,91,5.6909,6.046,401,1980-11-14,en,Released
2526,40160,16000000,12600000,107,4.2186,5.181,182,1979-10-19,en,Released
2527,2362,1200000,10000000,89,8.4629,6.776,1522,1973-08-15,en,Released
2528,10803,9000000,25000000,118,8.4168,6.616,1083,1976-06-23,en,Released
2529,871,5800000,32589624,112,16.2458,7.655,4114,1968-02-07,en,Released
2530,1685,3000000,18999718,95,9.8634,6.151,1522,1970-04-23,en,Released
2531,1705,1700000,8844595,93,8.7948,5.683,1099,1973-06-15,en,Released
2532,1688,1700000,9700000,88,9.3855,6.159,1124,1972-06-29,en,Released
2533,1687,2500000,12348905,98,7.8594,6.397,1274,1971-05-20,en,Released
2534,166680,6500000,0,94,2.6954,3.571,77,1978-09-29,en,Released
2535,11123,7000000,79666653,123,4.9252,6.15,383,1974-11-15,en,Released
2537,31638,0,0,114,4.5903,5.048,146,1979-05-18,en,Released
2538,113286,0,0,98,1.205,5.0,7,1998-12-01,en,Released
2539,9535,80000000,176885658,103,9.944,6.515,2210,1999-03-05,en,Released
2540,9455,25000000,15156200,110,6.4062,6.114,325,1999-03-12,en,Released
2541,796,10500000,76347426,97,12.1494,6.823,3690,1999-03-05,en,Released
2542,100,1350000,28356188,105,9.054,8.093,7403,1998-08-28,en,Released
2544,77936,0,0,110,2.1039,5.423,26,1998-11-18,fr,Released
2546,30943,38000000,28121100,106,6.0165,6.563,553,1999-03-12,en,Released
2548,7341,21000000,17762705,105,6.2281,5.7,486,1999-03-12,en,Released
2549,10350,30000000,11578022,100,5.6606,4.846,296,1999-03-11,en,Released
2550,11772,1050000,1020000,112,5.0049,7.098,735,1963-03-28,en,Released
2551,9540,13000000,8038508,115,6.6627,7.125,1049,1988-09-23,en,Released
2552,31503,0,3335984,85,3.8796,5.737,95,1993-08-06,en,Released
2553,11773,200000,2175000,77,3.788,7.171,520,1960-06-16,en,Released
2554,30202,0,2000000,90,2.696,6.138,112,1964-01-10,en,Released
2555,22345,12000000,36450736,95,5.883,4.089,428,1999-03-12,en,Released
2557,1567,0,6955,89,4.1736,7.387,608,1999-02-17,fr,Released
2558,1641,75000000,93888180,105,4.5284,5.464,612,1999-03-12,en,Released
2559,47288,25000000,12000000,87,4.7878,5.429,120,1999-03-19,en,Released
2560,10212,12000000,2062405,101,7.128,6.842,726,1999-03-16,en,Released
2561,10354,55000000,16700000,127,7.2992,6.514,885,1999-03-19,en,Released
2563,8583,0,4553271,111,8.389,7.008,300,1998-02-20,en,Released
2565,16520,4550000,21300000,133,4.9846,7.086,419,1956-06-29,en,Released
2566,16508,0,0,76,4.5199,5.575,106,1999-03-26,en,Released
2567,11374,80000000,35242897,123,4.2554,5.955,722,1999-03-26,en,Released
2568,16379,50000000,13260050,92,3.2825,4.425,140,1999-03-26,en,Released
2570,28029,14000000,0,107,5.3451,6.071,119,1999-01-29,en,Released
2571,603,63000000,463517383,136,52.9117,8.259,28772,1999-03-31,en,Released
2572,4951,16000000,53478166,97,22.0223,7.597,9153,1999-03-30,en,Released
2573,65749,0,0,115,2.1545,6.625,40,1998-08-06,es,Released
2574,8970,75000000,29000000,90,6.6295,5.794,267,1999-04-02,en,Released
2575,9840,500000,0,113,2.4386,6.86,118,1998-10-16,fr,Released
2577,30950,0,0,105,1.5305,5.791,58,1998-08-21,en,Released
2579,11660,6000,126052,69,7.0433,7.115,1971,1999-04-02,en,Released
2580,9430,6500000,28451622,102,6.1194,6.973,860,1999-04-09,en,Released
2581,11355,25000000,84565230,107,8.781,6.163,1625,1999-04-09,en,Released
2582,18764,0,46861333,104,7.4346,6.9,471,1992-01-15,cn,Released
2583,9465,10000000,10920544,118,3.4348,6.364,198,1999-03-24,en,Released
2585,1414,0,0,112,2.9028,7.313,280,1998-09-04,es,Released
2586,49981,20000000,0,102,2.4785,5.639,79,1999-04-16,en,Released
2587,6522,80000000,73500000,108,6.9938,6.676,908,1999-04-16,en,Released
2589,114719,0,94633,103,3.3296,4.9,32,1999-04-16,en,Released
2590,10209,12000000,1263279,98,2.8333,5.95,101,1999-02-04,en,Released
2593,22826,0,0,112,3.8792,6.942,669,1994-10-22,it,Released
2594,1902,2900000,370720,117,7.0637,7.455,1245,1997-12-19,es,Released
2596,6396,600000,299200,97,3.8734,7.131,458,1998-09-24,en,Released
2597,39964,30000000,6552255,95,3.2104,5.054,102,1999-04-23,en,Released
2598,12596,33000000,8408835,124,5.2176,5.873,450,1999-04-23,en,Released
2599,9451,25000000,14902041,103,5.1575,6.87,1239,1999-04-23,en,Released
2600,1946,15000000,2856712,97,8.9602,6.79,2284,1999-04-14,en,Released
2605,1844,66000000,212404400,112,12.3076,6.237,2309,1999-04-29,en,Released
2606,6552,25000000,4152230,92,10.779,6.2,776,1999-04-30,en,Released
2607,24584,1200000,1200000,111,2.2417,6.99,194,1998-08-16,en,Released
2609,25471,0,1,102,1.3789,7.4,65,1995-06-09,zh,Released
2611,28519,0,0,104,2.2782,6.784,81,1999-03-18,en,Released
2612,3309,1453000,5638000,111,4.0276,7.615,464,1945-10-20,en,Released
2613,18462,3000000,14418922,95,4.7076,6.2,463,1984-11-16,en,Released
2614,28941,800000,0,77,4.0169,5.803,416,1986-11-14,en,Released
2615,18252,10000000,4122748,94,2.9734,6.271,170,1985-08-09,en,Released
2616,8592,47000000,103738726,105,6.9054,6.161,1089,1990-06-15,en,Released
2617,564,80000000,415885488,124,33.3173,6.993,10398,1999-04-16,en,Released
2618,13852,800000,861789,85,2.986,7.062,243,1997-04-10,en,Released
2620,25232,0,1083975,119,2.3404,5.8,13,1999-05-07,en,Released
2622,10210,11000000,16071990,116,5.6373,6.4,433,1999-05-20,en,Released
2623,53862,0,9016377,94,2.1918,5.333,18,1999-05-12,en,Released
2624,17962,0,0,118,3.0356,7.227,297,1999-04-17,ja,Released
2625,9460,8000000,60004461,99,3.9389,6.242,300,1996-11-07,cn,Released
2628,1893,115000000,1046515409,136,21.4749,6.583,16227,1999-05-19,en,Released
2629,31342,0,0,88,2.8706,5.2,73,1999-05-21,en,Released
2630,44297,0,0,93,1.4479,6.664,67,1998-02-05,it,Released
2632,8785,0,0,183,2.743,7.741,166,1966-02-27,pl,Released
2633,15849,196000,1408,73,6.07,6.742,728,1932-12-22,en,Released
2634,18990,0,0,88,2.7014,6.699,274,1959-08-01,en,Released
2639,15660,5000000,19032261,129,4.644,6.4,248,1981-09-16,en,Released
2640,1924,55000000,300478449,144,18.46,7.2,4429,1978-12-14,en,Released
2641,8536,54000000,216385706,127,12.7214,6.753,2618,1980-12-04,en,Released
2642,9531,39000000,80250623,125,9.0885,5.507,1948,1983-06-17,en,Released
2643,11411,17000000,36700000,90,9.7159,4.597,1457,1987-07-24,en,Released
2644,138,355000,700000,74,7.4826,7.2,1413,1931-02-12,en,Released
2648,3035,291000,12000000,70,5.5849,7.468,1853,1931-11-21,en,Released
2651,3076,1200000,0,74,4.0116,6.207,229,1943-03-12,en,Released
2652,3079,270000,8000000,83,4.5369,6.782,357,1957-05-20,en,Released
2654,13666,180000,0,70,4.2499,7.043,698,1941-12-09,en,Released
2655,29794,2000000,0,91,4.7537,4.917,242,1985-08-28,en,Released
2656,9077,0,0,80,3.0478,6.487,313,1955-10-29,en,Released
2657,36685,1400000,171181400,100,13.6451,7.4,3244,1975-08-14,en,Released
2659,30168,5000000,2091037,80,2.2365,5.293,29,1982-10-29,en,Released
2660,10785,1300000,1950000,87,4.3927,6.7,712,1951-04-05,en,Released
2661,19483,800000,1600000,80,3.09,6.3,257,1953-06-05,en,Released
2662,8974,2000000,2000000,85,7.1405,6.806,733,1953-04-03,en,Released
2664,11549,416911,3000000,80,6.219,7.456,1237,1956-02-05,en,Released
2665,18158,0,0,83,3.5494,6.1,188,1956-06-13,en,Released
2668,17918,3000000,0,91,4.9317,5.418,491,1982-02-19,en,Released
2669,37305,0,0,98,2.9648,6.692,79,1959-05-29,en,Released
2670,18784,0,0,93,4.7716,6.954,196,1958-03-27,en,Released
2671,509,42000000,363889678,124,15.5875,7.3,6893,1999-05-21,en,Released
2672,1090,16000000,18564088,100,8.5666,7.074,1621,1999-04-16,en,Released
2674,15059,4000000,0,106,2.2863,5.635,31,1999-04-29,en,Released
2676,12117,80000000,34105207,124,6.113,6.498,681,1999-06-04,en,Released
2677,11779,0,0,105,3.5317,7.484,386,1999-06-04,en,Released
2681,13533,0,0,113,1.898,5.744,39,1998-06-04,en,Released
2682,62676,8000000,1997807,126,2.4824,6.617,77,1999-06-04,en,Released
2683,817,33000000,312016928,95,14.9096,6.323,3803,1999-06-08,en,Released
2686,14283,18000000,9495408,130,5.0219,7.3,461,1998-11-13,fr,Released
2687,37135,130000000,448200000,88,20.558,7.407,7502,1999-06-17,en,Released
2688,2275,60000000,149700000,116,7.9262,6.413,1076,1999-06-18,en,Released
2690,24137,14000000,18500000,97,4.5786,6.469,228,1999-01-14,en,Released
2691,10376,9000000,21057208,170,8.7332,8.233,2496,1998-10-28,it,Released
2692,104,1530000,7660911,80,11.3472,7.305,2670,1998-08-20,de,Released
2693,15800,375000,0,86,2.4027,6.346,68,1997-10-18,en,Released
2694,9032,34200000,234801895,93,10.0286,6.488,3659,1999-06-25,en,Released
2695,13821,0,0,86,1.8072,6.706,34,1998-05-07,en,Released
2696,9421,12500000,78599508,80,5.7584,7.766,2108,1998-04-15,fr,Released
2697,55955,0,408339,88,1.9282,5.0,18,1997-10-21,en,Released
2698,67067,0,0,95,1.0741,5.571,14,1996-05-04,en,Released
2699,6488,31000000,53200000,109,5.9989,6.5,1580,1990-07-20,en,Released
2700,9473,21000000,83137864,81,10.3791,7.291,3046,1999-06-24,en,Released
2701,8487,170000000,222104681,106,10.2081,5.318,3691,1999-06-30,en,Released
2702,10279,22000000,19288130,142,4.6908,6.508,550,1999-06-28,en,Released
2706,2105,11000000,235483004,95,20.4291,6.617,8565,1999-07-09,en,Released
2707,1073,31000000,41100000,117,8.3048,7.039,1310,1999-03-19,en,Released
2708,10239,0,0,112,3.109,7.083,144,1998-09-07,fr,Released
2709,10208,24000000,22323612,88,4.73,6.132,379,1999-07-14,en,Released
2710,2667,60000,248639099,81,13.3086,6.37,5665,1999-07-14,en,Released
2712,345,65000000,162517900,159,27.4522,7.486,7320,1999-07-16,en,Released
2713,9825,27000000,56870414,82,9.0034,5.963,1306,1999-07-15,en,Released
2716,620,30000000,296640120,105,24.3856,7.497,10004,1984-06-08,en,Released
2717,2978,37000000,215394738,108,17.2744,6.603,4997,1989-06-16,en,Released
2718,10490,10000000,10571408,98,6.3864,6.461,462,1999-07-16,en,Released
2719,11618,80000000,177311151,113,10.2355,5.515,1588,1999-07-23,en,Released
2720,332,75000000,134403112,78,8.7163,4.531,1367,1999-07-23,en,Released
2722,8914,60000000,164648231,105,14.8102,6.0,2742,1999-07-28,en,Released
2723,9824,68000000,29762011,121,6.7161,5.883,951,1999-08-06,en,Released
2724,4806,70000000,309500000,116,13.3623,6.095,2219,1999-07-30,en,Released
2725,33430,0,0,111,1.8229,6.908,49,1999-07-30,en,Released
2726,247,320000,0,85,8.1813,7.644,1768,1956-06-06,en,Released
2727,10056,75000,0,68,4.0468,6.339,620,1955-10-01,en,Released
2728,967,12000000,60000000,197,12.4769,7.535,2456,1960-10-13,en,Released
2729,802,2000000,9250000,154,10.0256,7.296,2304,1962-06-13,en,Released
2730,3175,11000000,31500000,188,12.3014,8.0,3292,1975-12-16,en,Released
2731,147,0,0,99,12.8418,7.994,2391,1959-06-03,fr,Released
2732,1628,0,0,106,5.7756,7.529,1073,1962-01-23,fr,Released
2733,21185,1884000,1883811,99,3.9672,5.644,87,1988-08-05,en,Released
2734,11120,25000000,14302779,119,4.6651,6.345,550,1986-11-26,en,Released
2735,10136,25000000,79817939,94,8.8756,5.936,1223,1986-12-12,en,Released
2736,32060,0,0,108,2.4959,6.6,54,1986-12-26,en,Released
2737,48686,5000000,6075793,88,2.6837,5.7,105,1987-01-09,en,Released
2738,48259,20000000,22905522,105,3.1408,6.1,73,1986-12-12,en,Released
2739,873,15000000,146300000,154,7.9462,7.724,2034,1985-12-18,en,Released
2740,48660,0,0,93,3.2649,6.1,81,1987-01-09,en,Released
2741,26789,14000000,12303904,106,4.6843,5.793,208,1986-12-19,en,Released
2742,3934,0,0,84,2.7654,6.632,257,1986-04-23,fr,Released
2743,108312,2000000,1301121,111,1.808,5.2,14,1986-12-24,en,Released
2744,198469,0,0,118,1.6241,6.2,11,1986-09-04,fr,Released
2745,11416,24500000,17200000,125,8.9541,7.396,1601,1986-09-06,en,Released
2746,10776,25000000,53964308,94,9.9453,6.99,1701,1986-12-19,en,Released
2747,24452,31000,25066,73,4.885,6.271,484,1960-05-04,en,Released
2748,9710,0,3751285,99,3.7874,4.846,324,1986-12-17,en,Released
2749,31924,0,25147055,102,2.9545,5.959,141,1986-12-25,en,Released
2750,30890,16000000,14792779,89,4.602,7.042,674,1987-01-30,en,Released
2751,24081,9000000,9518342,111,2.0168,5.904,47,1987-02-06,en,Released
2752,20242,0,0,100,2.6057,6.038,131,1987-01-30,en,Released
2754,66194,0,2750741,93,1.7422,4.9,76,1986-04-13,en,Released
2757,3526,8000000,5000000,140,3.3213,6.895,128,1982-12-03,en,Released
2759,16406,13000000,27500000,94,3.9973,6.0,307,1999-08-04,en,Released
2761,10386,50000000,23300000,86,17.961,7.964,6374,1999-08-06,en,Released
2762,745,40000000,672800000,107,31.0151,7.954,13328,1999-08-06,en,Released
2763,913,48000000,124305181,113,10.214,6.755,1436,1999-08-06,en,Released
2764,912,4300000,14000000,102,6.0444,6.79,605,1968-06-26,en,Released
2765,12229,900000,142783,107,2.0775,6.233,144,1998-12-31,en,Released
2766,67323,0,100841,99,2.3395,5.263,19,1998-09-11,en,Released
2769,19457,24000000,889352,115,6.4264,6.255,547,2000-04-27,en,Released
2770,11353,55000000,98625775,97,6.2879,6.188,974,1999-08-12,en,Released
2771,17707,25000000,10115013,100,5.0093,6.45,417,1999-08-13,en,Released
2772,9781,6500000,4217115,95,4.1458,6.762,469,1999-08-13,en,Released
2774,18212,0,0,101,2.3945,6.0,109,1999-07-08,en,Released
2775,13817,0,378667,104,1.8078,6.239,67,1998-08-13,en,Released
2779,12185,15000000,98800000,101,5.2804,6.664,458,1978-06-28,en,Released
2782,28501,200000,2000000,80,3.9578,6.843,397,1961-08-12,en,Released
2784,25319,1000000,0,90,3.7038,6.651,378,1964-09-16,en,Released
2786,24103,13000000,8000000,82,3.418,5.426,176,1986-07-25,en,Released
2787,10552,7000000,13100000,94,5.9524,6.743,764,1985-04-12,en,Released
2788,9267,100000,7000,88,5.0451,7.208,607,1971-09-28,en,Released
2789,10766,6800000,26518355,107,8.0575,6.4,857,1978-06-09,en,Released
2790,10768,5000000,20471382,108,6.2203,5.806,671,1981-03-20,en,Released
2791,813,3500000,83453539,88,19.9399,7.302,5264,1980-06-27,en,Released
2792,2665,15000000,27150534,84,9.7318,6.078,1311,1982-12-10,en,Released
2793,9406,22000000,26570463,98,5.3765,5.9,795,1997-05-29,en,Released
2794,11418,17000000,49364621,95,7.9861,6.17,1050,1985-07-25,en,Released
2795,11153,15000000,61418063,99,12.7641,7.11,1812,1983-07-29,en,Released
2796,14170,19000000,25537221,101,5.0355,6.178,307,1988-06-03,en,Released
2797,2280,18000000,151927281,104,14.7729,7.194,4176,1988-06-03,en,Released
2798,11077,10000000,72000000,81,7.6197,6.205,952,1990-07-27,en,Released
2799,28597,15000000,32704700,90,7.5388,5.953,704,1991-07-03,en,Released
2800,22611,0,0,95,5.6757,6.868,185,1989-07-15,ja,Released
2801,39780,16000000,1897404,132,2.5206,6.377,80,1997-12-31,en,Released
2802,10396,23000000,105900000,115,6.5547,6.061,607,1988-12-02,en,Released
2803,9944,45000000,195268056,141,13.8337,6.594,1833,1993-09-17,en,Released
2804,850,3300000,20700000,93,6.6099,7.239,1470,1983-11-18,en,Released
2805,10154,75000000,54264342,102,5.1188,5.7,613,1999-08-16,en,Released
2806,10342,13000000,8946237,96,4.9435,5.532,374,1999-08-11,en,Released
2807,10366,33500000,10667893,82,8.9196,5.884,1372,1999-08-05,en,Released
2808,9349,23000000,119200000,103,12.4431,6.349,1999,1992-07-10,en,Released
2810,10494,830442,2743097,81,22.4258,8.305,3366,1998-02-28,ja,Released
2812,22314,7000000,14011454,95,3.6087,6.402,122,1999-08-25,en,Released
2813,51679,0,360895,88,2.6784,5.594,16,1999-01-23,en,Released
2815,11037,18000000,24159872,117,5.2727,5.599,354,1986-01-17,en,Released
2816,11955,0,0,105,4.1185,4.49,103,1988-11-11,en,Released
2817,2038,0,0,98,3.4641,4.11,73,1992-01-09,en,Released
2818,28737,0,0,96,3.4139,3.865,49,1995-12-01,en,Released
2819,11963,7800000,41509797,117,9.1391,7.3,1422,1975-09-24,en,Released
2820,141489,0,0,191,2.3774,6.9,6,1964-09-23,en,Released
2822,9096,40000000,45500797,106,5.0723,5.979,432,1992-02-07,en,Released
2824,113273,0,0,94,1.1853,7.0,5,1999-01-01,en,Released
2826,1911,120000000,61698899,103,14.174,6.713,2137,1999-08-13,en,Released
2827,2900,75000000,19598588,109,7.1388,5.595,1017,1999-08-27,en,Released
2828,17709,70000000,10000000,77,3.7198,4.151,209,1999-08-27,en,Released
2829,37718,0,0,97,3.6648,5.227,157,1999-08-27,en,Released
2835,2162,34000000,11263966,101,2.9135,4.905,153,1999-09-01,en,Released
2836,14578,7000000,7292175,96,3.0652,5.922,109,1999-09-01,en,Released
2837,40694,0,0,96,2.6318,6.038,52,1998-08-01,en,Released
2839,49184,0,0,105,1.651,7.029,51,1998-10-30,ar,Released
2840,10307,29000000,50041732,103,5.4463,6.307,1301,1999-09-02,en,Released
2841,11601,12000000,21142914,99,8.3335,6.706,1406,1999-09-10,en,Released
2843,1075,0,353734,127,5.9062,7.636,850,1998-06-01,sr,Released
2844,21719,0,370668,111,3.9824,5.486,111,1999-09-24,en,Released
2846,47951,7520000,13299749,75,2.6152,6.531,229,1986-06-27,ja,Released
2847,43832,0,0,121,4.3535,7.296,289,1939-05-15,en,Released
2848,47697,0,0,93,3.6765,7.393,220,1951-11-28,en,Released
2852,26522,6000000,21821347,101,3.4344,6.779,210,1984-09-14,en,Released
2856,28295,0,0,82,2.6617,6.215,72,1965-07-21,en,Released
2857,12105,250000,1273261,90,4.4755,7.201,570,1968-07-17,en,Released
2858,14,15000000,356296601,122,21.0578,7.997,13369,1999-09-15,en,Released
2859,24128,1200000,12471520,88,7.5066,8.3,392,1984-10-19,en,Released
2860,11001,65000000,117758500,93,13.1526,6.53,1709,1999-09-17,en,Released
2861,10390,50000000,46112640,138,6.9301,6.389,485,1999-09-17,en,Released
2862,9453,17500000,23400000,156,11.48,6.0,1017,1979-08-14,it,Released
2863,704,560000,11000000,88,5.6603,7.301,765,1964-07-07,en,Released
2865,142132,0,0,92,1.7562,4.6,13,1999-09-17,en,Released
2866,24153,1200000,14363400,114,3.3522,7.149,134,1978-05-18,en,Released
2867,11797,9000000,24922237,107,8.8779,7.046,1603,1985-08-02,en,Released
2868,18086,0,2983784,104,7.1058,6.4,467,1988-04-07,en,Released
2870,17887,2000000,30000000,106,4.7031,7.144,632,1967-05-25,en,Released
2871,10669,2000000,46122355,109,9.1238,7.315,1882,1972-08-18,en,Released
2872,11527,11000000,35000000,141,10.3707,6.96,1198,1981-04-10,en,Released
2874,40867,0,0,103,2.1413,6.239,71,1957-08-29,en,Released
2875,1049,30000000,140081992,109,5.2773,6.359,437,1993-02-05,en,Released
2876,28032,28000000,11373501,87,13.7343,6.5,554,1994-03-30,en,Released
2877,11326,5000000,34300000,111,4.8082,6.456,388,1975-03-19,en,Released
2878,28377,0,0,101,3.1604,5.545,202,1981-08-28,en,Released
2879,10975,15000000,24119223,107,8.1932,7.343,670,1991-02-07,cn,Released
2880,10974,0,16300000,97,10.7379,7.049,682,1986-08-16,cn,Released
2881,10398,70000000,177841558,105,13.6099,6.637,1554,1999-09-24,en,Released
2882,2290,45000000,4956701,120,4.6588,6.674,416,1999-09-16,en,Released
2883,24071,0,0,112,2.486,6.5,113,1999-09-24,en,Released
2884,62994,0,250147,91,1.9262,5.5,24,1998-09-14,en,Released
2885,60994,2600000,614202,104,2.5258,5.7,40,1999-09-12,en,Released
2886,16112,26000000,11700000,73,5.4858,6.2,97,1999-10-01,en,Released
2887,32305,10000000,292151,85,2.9165,2.851,77,1999-09-24,en,Released
2888,14429,8000000,22593409,91,4.5646,6.606,447,1999-10-01,en,Released
2889,15198,28000000,8891623,119,5.2604,6.304,294,1999-10-01,en,Released
2890,6415,75000000,108000000,114,10.996,6.644,2376,1999-09-27,en,Released
2891,24066,1700000,1943649,98,2.7769,5.678,129,1999-12-03,en,Released
2892,21430,0,21521,93,3.5065,5.29,157,1999-03-19,en,Released
2893,10381,0,474900,93,4.4979,6.171,158,1999-01-22,en,Released
2894,171982,0,0,27,1.6009,6.0,1,2012-10-09,en,Released
2896,60285,0,0,106,3.3615,6.2,62,1966-10-06,en,Released
2897,5622,0,0,129,3.9698,7.172,169,1983-10-07,it,Released
2898,10349,15000000,10611160,122,4.4474,5.975,485,1993-04-23,en,Released
2899,42518,700000,0,76,3.8826,6.2,148,1939-11-10,en,Released
2900,29787,7000000,5344577,113,4.6599,6.307,375,1988-07-29,en,Released
2901,9638,300000,11988469,89,4.4312,6.493,812,1979-03-28,en,Released
2902,10576,5000000,34725000,113,7.0111,6.505,765,1983-06-03,en,Released
2903,12662,8400000,14481606,93,4.8902,5.667,448,1986-04-02,en,Released
2905,11712,0,0,96,4.2687,7.929,747,1962-01-01,ja,Released
2906,12618,64000000,74608570,133,9.9874,5.583,434,1999-10-08,en,Released
2907,13824,14000000,30636478,82,3.0546,5.309,329,1999-10-08,en,Released
2908,226,2000000,11540607,118,7.296,7.408,1506,1999-09-02,en,Released
2912,10388,10000000,3204663,89,6.5068,6.535,513,1999-10-08,en,Released
2915,9346,6200000,63541777,98,9.2847,6.582,1525,1983-08-05,en,Released
2916,861,65000000,261317921,113,21.9944,7.328,6696,1990-06-01,en,Released
2917,14412,9000000,24058838,113,8.2999,6.99,717,1981-08-28,en,Released
2918,9377,6000000,70100000,103,14.2598,7.56,5575,1986-06-11,en,Released
2919,11541,6000000,13200000,114,4.7063,6.667,375,1982-12-17,en,Released
2921,11901,5500000,15700000,106,9.9695,7.329,1391,1973-04-19,en,Released
2922,4929,1800000,6800000,115,7.9804,6.867,887,1968-04-12,en,Released
2924,11230,0,16483650,111,10.4008,7.394,1174,1978-10-05,cn,Released
2925,8416,750000,233493,108,6.4044,7.643,786,1971-01-29,it,Released
2926,11054,2000000,6671108,92,6.8166,6.809,465,1988-02-26,en,Released
2927,851,1200000,0,86,5.2333,7.701,732,1945-11-24,en,Released
2928,24453,13000000,6551987,129,3.5643,6.433,89,1984-10-19,en,Released
2929,18254,35000000,40382659,195,4.6125,6.875,385,1981-12-25,en,Released
2930,56235,1000000,0,101,1.2873,7.136,11,1999-06-11,en,Released
2931,20123,0,0,142,3.2762,7.621,456,1988-12-21,sh,Released
2932,16642,3000000,3700000,94,7.4467,7.479,1212,1978-09-13,en,Released
2935,3086,660000,0,97,3.7028,7.257,413,1941-02-25,en,Released
2936,16305,700000,1200000,91,3.4766,7.39,525,1941-11-30,en,Released
2937,32255,0,0,88,3.25,6.995,213,1942-08-28,en,Released
2939,19997,1250000,8500000,92,4.8526,6.8,458,1953-01-29,en,Released
2940,3767,2000000,6000000,110,5.0632,7.471,678,1946-04-25,en,Released
2941,17352,6000000,36800000,157,3.0979,6.124,121,1958-03-19,en,Released
2942,535,7000000,201521203,95,8.3766,6.491,1662,1983-04-14,en,Released
2943,2731,0,29600000,159,6.4423,6.992,242,1992-04-15,fr,Released
2944,1654,5400000,45300000,149,10.0189,7.601,1372,1967-06-15,en,Released
2946,14831,1500000,0,92,3.0997,6.852,359,1965-07-29,en,Released
2947,658,3000000,124900000,110,14.7355,7.36,4089,1964-09-20,en,Released
2948,657,2000000,78900000,115,16.0062,7.065,3465,1963-10-10,en,Released
2949,646,1000000,59000000,110,15.9989,6.989,4177,1962-10-07,en,Released
2950,5689,4500000,58853106,104,13.9677,6.135,2091,1980-07-05,en,Released
2951,391,200000,14500000,99,14.832,7.822,4867,1964-09-12,it,Released
2952,8052,3000000,222559,102,4.9982,6.837,1023,1997-02-28,en,Released
2953,772,18000000,358994850,120,29.3188,6.793,10907,1992-11-15,en,Released
2956,31650,17000000,10278549,103,4.555,5.857,227,1987-10-09,en,Released
2959,550,63000000,100853753,139,52.3302,8.4,32897,1999-10-15,en,Released
2961,12220,50000000,58900031,96,7.3182,6.132,382,1999-10-14,en,Released
2962,1610,0,0,102,4.482,6.443,270,1997-04-04,en,Released
2964,42881,1300000,80226,100,2.0331,6.949,127,1999-10-15,en,Released
2965,29064,7200000,12614346,100,2.1667,4.517,60,1999-10-15,en,Released
2966,404,10000000,6418028,112,9.5987,7.736,1883,1999-10-15,en,Released
2967,42196,1000000,0,129,4.5148,7.13,276,1956-09-12,en,Released
2968,36819,5000000,42365581,116,8.0701,6.633,1203,1981-07-13,en,Released
2969,42726,0,0,102,5.3134,7.349,317,1966-05-27,fr,Released
2970,9343,7362000,0,157,6.2628,7.589,925,1982-03-02,de,Released
2971,16858,12000000,37823676,123,6.5304,7.52,628,1979-12-16,en,Released
2972,42006,0,0,91,2.7926,7.184,256,1988-10-10,zh,Released
2973,11562,19000000,18254702,104,5.1553,7.421,973,1989-10-13,en,Released
2974,10496,5250000,10200000,91,4.4735,4.6,223,1999-10-22,en,Released
2975,16162,9000000,34573780,120,3.9852,6.643,161,1999-10-22,en,Released
2976,8649,32000000,16797191,121,8.6869,6.603,1280,1999-10-22,en,Released
2977,31306,0,0,112,2.5375,6.04,113,1999-10-22,en,Released
2978,10563,20000000,0,98,3.4477,5.675,289,1999-10-22,en,Released
2979,14484,0,239894,106,3.039,4.902,97,1999-10-07,en,Released
2982,32043,0,17037887,92,3.5851,5.676,222,1990-04-27,en,Released
2983,15247,0,0,109,4.6585,6.801,362,1965-03-18,en,Released
2984,29251,0,0,96,1.1374,6.907,27,1971-07-28,en,Released
2985,5548,13000000,53424681,102,16.0035,7.366,5961,1987-07-17,en,Released
2986,5549,35000000,45681173,117,9.7261,6.04,2209,1990-06-22,en,Released
2987,856,50600000,351500000,104,15.3988,7.5,6351,1988-06-22,en,Released
2988,38772,0,0,95,2.3751,6.475,79,1980-09-19,en,Released
2989,699,28000000,195300000,128,13.8732,6.552,2158,1981-06-24,en,Released
2990,709,32000000,156167015,133,16.4112,6.438,2248,1989-06-13,en,Released
2991,253,7000000,126400000,121,14.2316,6.505,2371,1973-06-27,en,Released
2992,13511,0,0,89,3.7546,5.228,149,1986-10-01,en,Released
2993,660,9000000,141200000,130,14.1552,6.671,2724,1965-12-11,en,Released
2995,11377,37000000,40846082,93,6.1441,5.6,983,1999-10-29,en,Released
2996,26149,27000000,14859394,124,3.1841,6.716,232,1999-10-29,en,Released
2997,492,13000000,22863596,113,14.552,7.4,4964,1999-10-29,en,Released
3000,128,23500000,176506186,134,26.2154,8.321,9306,1997-07-12,ja,Released
3002,8672,0,95612,99,3.7532,7.349,225,1999-05-17,de,Released
3003,8056,154790,3311162,103,3.2884,7.343,303,1998-09-16,fr,Released
3004,2020,51000000,36911617,101,6.045,5.145,334,1999-11-05,en,Released
3005,9481,73000000,151493655,118,14.0101,6.794,4002,1999-11-04,en,Released
3006,9008,90000000,60300000,158,9.2813,7.467,2154,1999-10-28,en,Released
3007,14242,0,1165795,104,3.5222,7.55,290,1999-11-05,en,Released
3008,16129,2300000,591165,94,2.1087,6.666,172,1998-10-23,en,Released
3010,11489,0,266665,95,2.8566,7.154,350,1999-09-29,fr,Released
3011,28145,0,0,120,5.156,7.587,385,1969-12-10,en,Released
3013,18111,2500000,1215,96,3.974,6.441,514,1990-09-01,en,Released
3014,31361,11000000,31300000,94,2.3382,6.2,55,1981-05-22,en,Released
3015,11223,4500000,0,113,5.785,6.758,473,1978-01-06,en,Released
3016,16281,8000000,21028755,120,6.2509,6.902,1193,1982-11-10,en,Released
3017,16288,3500000,14000000,92,4.8716,6.2,673,1987-05-01,en,Released
3018,1694,900000,2027771,86,8.2558,7.05,1729,1985-10-18,en,Released
3019,476,2500000,4700000,102,5.6431,7.082,638,1989-10-20,en,Released
3020,37094,25000000,40903593,113,14.5813,7.399,4259,1993-02-26,en,Released
3021,13555,2000000,7886999,95,3.1725,5.857,434,1981-03-13,en,Released
3022,961,750000,1000000,79,7.9439,7.912,1462,1926-12-25,en,Released
3024,24831,660000,16000000,94,5.7273,5.958,780,1978-08-03,en,Released
3028,25560,4000000,8000000,117,4.689,6.931,188,1967-03-08,en,Released
3029,21610,5000000,19905359,99,6.1772,6.367,512,1981-03-17,en,Released
3030,11878,0,0,110,7.5214,8.077,1752,1961-04-25,ja,Released
3031,11510,0,1382462,84,4.2385,5.295,390,1990-09-14,en,Released
3032,11234,0,8720000,98,5.4774,6.18,638,1971-08-01,en,Released
3033,957,22700000,38120460,96,30.5481,6.891,3555,1987-06-24,en,Released
3034,11886,5000000,33000000,83,12.7512,7.31,4749,1973-11-08,en,Released
3035,37853,0,0,123,4.1422,7.03,186,1955-07-10,en,Released
3036,62204,12000000,55260558,100,8.0854,7.033,599,1981-12-16,fr,Released
3037,11040,15000000,31559552,139,4.9445,7.441,743,1970-12-23,en,Released
3038,21849,0,0,125,3.094,7.623,280,1957-05-29,en,Released
3039,1621,15000000,90404800,116,15.5807,7.229,3776,1983-06-07,en,Released
3040,14035,1207520,0,92,6.2265,5.846,374,1979-06-28,en,Released
3041,40771,0,5410972,87,2.8109,4.0,69,1984-07-27,en,Released
3042,40772,0,0,96,2.9709,4.1,48,1986-10-27,en,Released
3043,40773,0,0,84,2.7863,4.4,44,1992-03-06,en,Released
3044,11498,15000000,38016380,107,5.4365,6.429,442,1991-08-23,en,Released
3045,11790,0,0,101,3.1168,6.598,225,1992-09-18,en,Released
3046,29371,0,0,94,3.3098,6.3,98,1995-06-16,en,Released
3048,47941,20000000,2297493,98,2.0079,5.1,44,1981-07-31,en,Released
3051,21349,23000000,18653615,114,5.1721,6.081,307,1999-11-12,en,Released
3052,1832,10000000,33535478,130,10.7265,6.939,2974,1999-10-04,en,Released
3053,10047,85000000,66976317,158,10.8024,6.424,1649,1999-10-27,en,Released
3054,10228,30000000,163644940,96,8.9113,7.0,1632,1998-07-18,ja,Released
3055,47692,0,0,116,2.1745,6.312,117,1999-10-08,en,Released
3056,18561,0,3088,92,2.5123,6.087,98,1999-11-12,en,Released
3057,144953,0,0,101,2.1027,5.455,11,1998-10-01,en,Released
3060,11663,12000000,14919570,118,5.3112,7.248,630,1991-08-14,en,Released
3061,13485,0,3750000,101,3.5209,7.059,230,1942-07-10,en,Released
3062,9289,10000000,50100000,178,12.0107,7.606,1058,1962-09-25,en,Released
3063,9264,3000000,1829804,92,4.4235,5.4,416,1992-05-08,en,Released
3064,18222,0,0,94,4.5223,4.8,123,1997-07-01,en,Released
3066,11165,25485000,37150000,144,9.0426,7.184,623,1970-01-26,en,Released
3067,4203,700000,14979298,88,4.8603,7.389,1033,1988-03-25,es,Released
3068,24226,16000000,53977250,129,6.4138,7.467,767,1982-12-08,en,Released
3070,11379,17000000,6254148,103,6.8702,5.959,519,1984-08-10,en,Released
3071,29154,1600000,13994920,103,5.9868,7.8,485,1988-03-11,en,Released
3072,2039,15000000,122100000,102,9.1913,6.842,1142,1987-12-16,en,Released
3073,77915,0,6161000,117,3.5675,6.4,56,1965-06-23,en,Released
3074,11943,3100000,44700000,108,4.5114,7.314,725,1972-09-10,en,Released
3075,11481,300000,3100000,105,6.6461,7.367,1139,1965-06-01,en,Released
3076,2690,5000000,25200000,147,5.1933,7.384,491,1963-01-30,en,Released
3077,20565,0,300880,133,2.7934,7.563,56,1999-11-17,en,Released
3078,27141,0,0,127,2.4368,6.66,81,1999-11-17,en,Released
3079,10399,11000000,4775847,112,3.5834,6.695,347,1999-11-12,en,Released
3081,2668,100000000,206071526,105,20.424,7.2,7588,1999-11-19,en,Released
3082,36643,135000000,361832400,128,15.9919,6.289,3375,1999-11-17,en,Released
3083,99,5000000,67958231,101,8.8248,7.605,2112,1999-04-16,es,Released
3086,25898,0,0,78,3.1414,6.308,164,1934-12-14,en,Released
3087,9647,32000000,60300000,101,8.3945,6.789,1759,1988-11-22,en,Released
3088,11787,0,0,104,4.4013,7.684,703,1950-12-04,en,Released
3089,5156,133000,450159,89,10.8817,8.161,2752,1948-07-21,it,Released
3090,24276,4000000,1680358,132,3.3548,7.367,143,1987-08-28,en,Released
3091,11953,6000000,4000000,180,6.8571,7.811,767,1980-04-26,ja,Released
3093,29005,0,0,120,5.2905,7.147,470,1971-07-08,en,Released
3094,26371,2600000,2438304,140,5.884,7.611,633,1987-09-18,en,Released
3095,596,800000,1591000,129,7.5294,7.8,1146,1940-03-15,en,Released
3096,52470,0,0,92,1.9201,6.5,26,1957-10-11,en,Released
3097,20334,500000,0,99,5.9439,8.059,867,1940-01-12,en,Released
3098,11393,28000000,48000000,137,7.8024,6.938,696,1984-05-11,en,Released
3099,31121,4000000,60000000,110,3.7094,6.05,248,1975-02-11,en,Released
3100,293,12000000,43440294,123,10.4914,6.997,1239,1992-10-09,en,Released
3101,10998,14000000,320145693,119,12.0861,6.834,1752,1987-09-18,en,Released
3102,12235,15000000,40491165,108,6.604,6.243,301,1985-10-04,en,Released
3103,36094,23000000,5820015,104,3.6532,6.503,182,1990-02-09,en,Released
3104,9013,30000000,38413606,126,8.2156,7.187,1343,1988-07-20,en,Released
3105,11005,31000000,52096475,120,12.3911,7.786,2961,1990-12-04,en,Released
3106,59820,0,0,133,3.5874,6.233,60,1990-08-17,en,Released
3107,2924,75000000,152368585,137,10.7066,6.661,1630,1991-05-24,en,Released
3108,177,24000000,41895491,138,10.3765,7.309,1524,1991-09-20,en,Released
3109,38557,18000000,11500000,122,4.1157,6.377,142,1984-12-01,en,Released
3111,13681,9500000,34901614,111,5.8807,7.167,203,1984-09-11,en,Released
3112,34760,0,442000,96,3.1164,7.36,43,1986-09-12,en,Released
3113,9946,100000000,212000000,122,13.6119,6.098,2146,1999-11-24,en,Released
3114,863,90000000,497375404,92,55.5229,7.622,15380,1999-10-30,en,Released
3115,31582,15000000,4488529,112,5.198,6.132,317,1999-11-26,en,Released
3117,22267,35000000,635096,138,5.6372,6.336,217,1999-11-24,en,Released
3120,10411,50000000,46666502,112,5.2933,6.01,339,1992-12-04,en,Released
3125,20024,23000000,10827816,102,5.2466,6.572,284,1999-12-03,en,Released
3127,13787,15000000,1765545,115,4.8171,5.69,231,1999-09-04,en,Released
3129,9684,29750000,4525794,95,5.7685,6.8,575,1999-12-03,en,Released
3130,9586,47000000,15691192,125,6.1197,5.612,556,1990-12-21,en,Released
3132,70801,0,4900000,85,1.122,6.684,19,1919-05-11,en,Released
3134,777,0,172885,114,5.8762,7.862,804,1937-06-18,fr,Released
3135,21887,4000000,4700000,115,2.2423,6.76,77,1979-10-26,en,Released
3138,32331,0,7467504,98,3.7013,6.311,61,1988-08-26,en,Released
3141,32669,19000000,10005969,137,4.9967,5.969,292,1990-08-10,en,Released
3142,18161,0,8600823,98,2.257,7.144,80,1988-11-03,en,Released
3143,31681,4150000,3230000,103,3.0956,7.013,193,1968-12-19,en,Released
3145,32274,36000000,2900000,132,4.7247,6.505,102,1999-12-10,en,Released
3146,10402,17000000,92938755,88,10.3251,5.972,1597,1999-12-10,en,Released
3147,497,60000000,286801374,189,41.9132,8.506,19836,1999-12-10,en,Released
3148,1715,24000000,88500000,126,11.6773,7.087,1333,1999-12-17,en,Released
3150,42739,0,0,98,4.0294,6.77,200,1999-06-11,en,Released
3152,25188,1300000,29133000,119,6.6066,7.613,803,1971-10-03,en,Released
3153,15515,650000,0,88,5.1918,6.9,330,1958-12-05,en,Released
3155,1439,75000000,113996937,148,8.2129,6.795,840,1999-12-16,en,Released
3156,2277,100000000,87423861,131,13.1378,7.275,4059,1999-12-17,en,Released
3157,10137,133000000,300135367,84,13.4202,6.085,4764,1999-12-17,en,Released
3158,10387,0,0,162,2.3949,6.9,87,1998-10-08,zh,Released
3159,49948,80000000,60655420,74,9.6285,6.973,1394,2000-01-01,en,Released
3160,334,37000000,48451803,189,14.1197,7.7,4161,1999-12-17,en,Released
3161,30237,14000000,206128,104,3.6104,6.099,121,1999-12-22,en,Released
3162,50116,10000000,929606,106,2.477,4.872,43,1999-09-15,en,Released
3163,46435,10500000,7804439,160,3.7374,6.583,168,1999-12-15,en,Released
3165,22213,9000000,10058318,92,4.4452,4.938,136,1993-04-16,en,Released
3167,36492,5000000,28623900,98,5.6696,6.594,240,1971-06-30,en,Released
3168,624,400000,60000000,96,10.4356,7.047,2230,1969-06-26,en,Released
3169,26578,12000000,17130087,132,3.8909,6.432,184,1985-01-25,en,Released
3171,43103,0,0,115,3.9548,6.912,147,1958-12-29,en,Released
3173,9563,55000000,100230832,163,8.5591,6.823,1882,1999-12-22,en,Released
3174,1850,82000000,47434430,118,9.7263,7.219,2051,1999-12-22,en,Released
3175,926,45000000,90683916,102,12.4247,7.1,2645,1999-12-25,en,Released
3176,1213,40000000,128798265,140,14.2192,7.195,4297,1999-12-25,en,Released
3177,10471,11000000,59827328,98,5.8592,6.527,679,2000-01-12,en,Released
3178,10400,50000000,73956241,146,8.1248,7.44,1571,1999-09-17,en,Released
3179,10397,50000000,13042112,145,4.9272,7.327,362,1999-12-25,en,Released
3181,12524,18000000,2259680,162,4.2883,6.413,294,1999-12-25,en,Released
3182,28216,0,507941,91,1.2883,7.0,72,1999-12-29,en,Released
3183,36773,0,0,119,2.8858,5.9,54,1999-11-18,en,Released
3185,10219,35000000,0,127,4.295,6.089,157,1999-12-22,en,Released
3186,3558,40000000,48350205,127,12.422,7.556,4283,1999-12-21,en,Released
3189,17908,6000000,35547761,95,6.023,6.714,294,2000-01-12,en,Released
3190,10384,90000000,14828081,91,3.8884,4.989,451,2000-01-14,en,Released
3192,48233,24554,140021,95,0.8607,6.9,19,1998-09-12,ta,Released
3194,10236,5000000,50000000,118,8.1794,6.981,531,1973-10-17,en,Released
3196,632,1661530,10000000,120,3.4398,7.672,687,1953-05-29,en,Released
3197,11851,0,20324096,97,5.0718,5.814,384,1988-06-10,en,Released
3198,5924,12000000,53267000,151,9.4087,7.826,2188,1973-12-16,en,Released
3200,14886,2300000,10000000,104,3.941,7.029,432,1973-12-11,en,Released
3201,26617,1600000,18099091,98,5.3594,7.076,619,1970-09-12,en,Released
3203,10493,10400000,7825000,96,6.9301,6.556,858,1989-04-07,en,Released
3204,16241,12000000,19000000,125,4.6438,6.718,466,1978-10-05,en,Released
3206,22160,0,0,121,5.8497,5.686,253,1984-03-02,en,Released
3208,9644,13000000,27979966,84,7.993,6.067,842,1993-02-04,en,Released
3210,13342,4500000,27100000,90,8.7333,6.792,1416,1982-08-13,en,Released
3211,35119,15000000,6908797,120,3.9391,6.766,229,1988-11-03,en,Released
3213,14919,6000000,5617391,76,9.6374,7.507,1297,1993-12-25,en,Released
3214,14040,0,1400000,113,3.8069,6.202,136,1985-08-16,en,Released
3217,22692,1200000,2370000,111,3.6868,7.178,244,1937-04-20,en,Released
3219,2990,18000000,55000000,102,6.0878,6.288,434,1990-09-28,en,Released
3221,10831,370800,2256246,108,2.6955,7.082,275,1982-11-12,en,Released
3223,33078,650000,0,116,3.0134,7.019,184,1985-10-04,en,Released
3224,16672,0,0,147,6.8649,8.2,543,1964-02-15,ja,Released
3225,10472,9000000,0,91,6.2867,5.2,271,2000-01-21,en,Released
3230,21489,0,0,130,4.5813,6.626,206,1974-10-17,en,Released
3235,13005,0,6659377,99,2.819,5.932,192,1980-04-25,en,Released
3238,18681,15000000,17589705,109,5.173,4.949,177,1999-11-24,en,Released
3240,20468,0,0,87,2.4469,5.9,25,1999-11-26,en,Released
3241,14521,0,0,93,1.2307,6.552,48,1999-10-28,bo,Released
3243,10406,7000000,40700000,88,6.2478,5.812,743,1992-05-22,en,Released
3244,14741,0,102000000,111,5.0285,6.958,189,1977-11-27,en,Released
3246,1883,34000000,48169908,202,8.627,7.553,1994,1992-11-18,en,Released
3247,2005,31000000,231605150,100,15.5084,6.836,3537,1992-05-28,en,Released
3248,6279,38000000,57319029,107,12.3592,6.373,2012,1993-12-09,en,Released
3249,11087,11700000,88036683,110,12.5744,6.898,1054,1992-01-10,en,Released
3250,7305,32000000,36700000,127,8.7073,6.891,1639,1993-01-15,en,Released
3251,24735,0,0,98,4.4385,6.331,145,1985-09-13,en,Released
3252,9475,31000000,134100000,156,17.0819,7.8,4092,1992-12-23,en,Released
3253,8872,20000000,183097323,94,8.2842,6.683,2550,1992-02-14,en,Released
3254,8873,40000000,48198019,95,7.2977,6.095,1206,1993-12-10,en,Released
3255,11287,40000000,132440069,128,10.7905,7.208,1599,1992-07-01,en,Released
3256,9869,45000000,178051587,117,12.6775,6.677,1890,1992-06-04,en,Released
3257,619,25000000,411006740,129,12.7326,6.705,3352,1992-11-25,en,Released
3258,9374,55000000,149000000,104,17.3387,6.795,3097,1992-07-30,en,Released
3259,11259,60000000,137783840,140,13.289,6.764,1351,1992-05-22,en,Released
3260,8293,8000000,26126837,142,5.3719,7.001,610,1992-03-13,en,Released
3261,11068,0,18472850,99,11.7507,6.402,449,1992-09-18,en,Released
3262,1923,10000000,4237427,135,12.7977,7.4,2361,1992-06-03,en,Released
3263,10158,31000000,90753806,115,6.9026,6.664,1585,1992-03-27,en,Released
3264,10206,7000000,16624456,85,5.8381,5.616,945,1992-07-24,en,Released
3265,11782,4500000,2592782,126,9.8681,7.518,988,1992-04-16,cn,Released
3266,10086,33000,205569,96,5.1496,7.23,1036,1992-08-20,fr,Released
3267,9367,7225,2040920,81,4.9766,6.739,1337,1993-02-22,es,Released
3268,9876,0,70611210,87,7.86,5.363,1168,1992-02-21,en,Released
3269,10326,20000000,128000000,102,7.6687,6.502,1004,1992-12-16,en,Released
3270,16562,0,25105517,102,4.0481,7.287,438,1992-03-27,en,Released
3271,9609,0,5500000,111,5.9562,7.241,740,1992-09-16,en,Released
3272,12143,1000000,2019469,96,7.5807,7.0,991,1992-11-20,en,Released
3273,4234,40000000,161838076,116,12.9672,6.007,4179,2000-02-04,en,Released
3274,9605,16000000,48017402,108,5.3014,6.308,725,1992-08-14,en,Released
3275,8374,6000000,38256,108,11.9746,7.24,2808,1999-01-22,en,Released
3276,29076,10000000,1600000,101,5.7242,5.24,152,2000-02-04,en,Released
3280,28156,0,0,84,2.4951,5.9,95,1973-03-01,en,Released
3281,113096,0,0,89,0.6846,6.4,20,1998-09-23,en,Released
3283,24349,0,0,115,2.6485,6.64,107,1971-12-22,en,Released
3284,27841,0,0,98,4.2015,6.892,60,1971-06-09,en,Released
3285,1907,40000000,144056873,119,11.0274,6.485,4822,2000-02-03,en,Released
3286,15489,13000000,62464731,89,3.4354,5.1,229,2000-02-11,en,Released
3287,15655,30000000,45554533,77,10.7466,6.688,666,2000-02-11,en,Released
3289,36210,0,0,106,2.4545,7.525,200,1999-10-30,zh,Released
3294,30062,520000,0,91,4.1295,5.5,206,1976-12-25,en,Released
3295,62463,0,89388,90,2.2145,6.9,146,1993-09-09,en,Released
3296,25934,625000,42432803,105,7.2874,7.4,361,1967-06-14,en,Released
3298,14181,7000000,28780255,119,6.7848,6.708,763,2000-02-18,en,Released
3299,10385,60000000,51880044,94,5.0254,5.282,190,2000-02-16,en,Released
3300,2787,23000000,53187659,108,8.0597,6.872,4963,2000-02-18,en,Released
3301,2069,41300000,106371651,98,10.5452,6.47,2136,2000-02-18,en,Released
3302,61416,0,0,107,1.5459,6.196,23,1999-09-16,en,Released
3303,79515,0,0,75,0.9521,6.865,26,2000-03-17,en,Released
3306,28978,9000000,0,72,5.6515,7.9,919,1928-01-06,en,Released
3307,901,1500000,4250000,87,7.1368,8.246,2547,1931-02-06,en,Released
3308,25010,0,0,100,2.8069,5.989,91,1984-12-21,en,Released
3310,10098,250000,5450000,68,8.5624,8.136,2445,1921-01-21,en,Released
3313,33374,0,0,84,2.3122,5.0,45,1982-10-29,en,Released
3315,127602,0,0,97,1.765,6.1,12,1951-03-06,en,Released
3316,2155,42000000,32168970,104,8.2878,5.699,752,2000-02-25,en,Released
3317,11004,35000000,33426588,107,4.7892,6.83,690,2000-02-22,en,Released
3323,20682,20000000,0,96,2.751,5.793,87,2001-03-03,en,Released
3324,25166,6000000,15427192,96,3.7277,5.469,195,2000-03-03,en,Released
3325,1831,25000000,24362772,108,4.8259,5.24,206,2000-03-03,en,Released
3326,10416,60000000,14100000,105,5.0925,5.417,174,2000-03-03,en,Released
3327,14271,500000,2053648,102,2.9913,7.297,96,1999-10-22,en,Released
3328,4816,2000000,9392768,117,9.2881,7.349,1472,1999-10-06,en,Released
3329,19958,0,0,105,1.9843,7.092,38,1987-10-15,en,Released
3330,28569,0,0,124,4.9444,7.462,316,1961-10-10,en,Released
3331,2193,0,22587834,97,3.3062,5.118,85,1983-03-04,en,Released
3334,11016,0,0,100,4.1459,7.468,601,1948-07-16,en,Released
3338,20423,0,770132,80,2.4543,7.78,164,1989-11-01,en,Released
3341,24481,0,0,103,3.5152,7.267,189,1950-12-26,en,Released
3342,11296,12000000,1400000,120,5.7617,7.117,597,1984-12-14,en,Released
3344,28172,24500,4000000,67,2.4992,4.77,204,1963-07-06,en,Released
3345,57855,0,0,75,1.7402,6.0,20,1967-10-18,en,Released
3347,14280,11000000,0,105,2.689,7.0,153,1983-10-07,en,Released
3350,29478,1500000,0,128,2.9214,7.7,152,1961-05-28,en,Released
3353,73642,0,0,93,2.1857,5.7,13,2000-12-27,en,Released
3354,2067,90000000,110983407,114,8.2151,6.038,1648,2000-03-10,en,Released
3355,622,38000000,58401898,133,15.4802,6.497,3466,1999-08-25,en,Released
3357,28463,11500000,6032000,121,2.5916,6.447,75,1999-09-01,fr,Released
3358,12186,20000000,16371596,111,4.0766,6.91,329,1991-03-22,en,Released
3359,20283,2300000,20000000,101,3.9875,7.2,307,1979-05-24,en,Released
3360,5693,9000000,28600000,114,5.3851,7.049,615,1986-11-14,en,Released
3361,287,7000000,50888000,108,7.6261,6.632,706,1988-06-15,en,Released
3362,968,1800000,56665856,124,12.0762,7.856,3510,1975-09-21,en,Released
3363,838,777000,140000000,112,7.7544,7.051,1640,1973-08-11,en,Released
3364,16958,1232000,0,113,4.0711,7.497,548,1950-05-12,en,Released
3365,3114,3750000,0,119,9.9507,7.677,1631,1956-05-16,en,Released
3368,12501,0,3500000,167,6.6468,7.583,429,1958-08-13,en,Released
3370,31618,19000000,0,127,3.7331,6.066,145,1988-08-26,en,Released
3372,15873,0,0,117,4.5194,6.731,193,1969-06-25,en,Released
3374,68427,800000,1642436,112,2.7768,6.284,58,1991-01-24,en,Released
3378,48213,0,50935,113,2.586,6.4,49,1996-09-12,de,Released
3379,35412,2900000,2200000,134,4.2785,6.711,251,1959-12-17,en,Released
3384,8333,0,0,105,5.5411,7.459,655,1974-10-02,en,Released
3385,19259,10000000,19875740,107,4.1362,5.543,187,1985-08-16,en,Released
3386,820,40000000,205405498,189,9.9108,7.591,2497,1991-12-20,en,Released
3387,11718,0,11000000,94,4.5805,5.966,370,1989-02-03,en,Released
3388,8989,10000000,49998613,110,6.6316,6.118,770,1987-06-05,en,Released
3389,32031,0,0,102,3.0021,6.2,48,1986-10-31,en,Released
3390,58048,17000000,2315683,97,3.7643,4.264,106,1986-08-29,en,Released
3391,26827,18500000,7305209,93,44.0101,5.531,262,1987-08-07,en,Released
3392,11157,20000000,15400000,99,5.0477,5.967,441,1989-12-08,en,Released
3393,28370,8000000,1988962,105,4.5924,6.754,113,1987-11-20,en,Released
3394,918,18000000,39321715,95,4.3874,6.004,558,1987-03-27,en,Released
3395,61178,12000000,5669831,83,1.9325,5.423,97,1987-08-07,en,Released
3396,11176,8000000,76462692,97,9.7278,7.222,724,1979-06-22,en,Released
3397,14900,14000000,31206251,97,4.4193,6.942,356,1981-06-26,en,Released
3398,11899,8000000,25535829,94,4.8421,6.618,436,1984-06-27,en,Released
3400,18890,0,9317021,71,5.5922,6.092,459,1993-11-24,en,Released
3401,19736,0,0,95,4.0816,5.219,78,1985-03-29,en,Released
3402,123047,0,0,97,1.6994,6.267,15,1985-12-06,en,Released
3403,24575,36000000,7000000,115,4.5344,5.4,120,1980-08-01,en,Released
3404,16535,1805000,4905000,98,4.4197,6.616,160,1953-04-11,en,Released
3405,10971,1680000,0,123,5.6952,7.642,302,1958-07-03,en,Released
3406,23928,0,0,117,4.6683,6.96,149,1951-04-10,en,Released
3408,462,52000000,256271286,131,12.5319,7.426,3764,2000-03-17,en,Released
3409,9532,23000000,112880294,98,21.9443,6.64,6949,2000-03-17,en,Released
3410,117259,0,0,101,1.3365,5.0,4,1999-10-28,en,Released
3412,2383,25000000,138241022,97,5.6116,7.129,539,1988-10-21,fr,Released
3414,53879,0,0,102,3.6932,6.054,93,1955-08-18,en,Released
3415,1396,825000,124367,107,5.6538,7.9,1125,1975-03-07,ru,Released
3417,11570,1850000,0,105,3.1154,7.0,165,1952-09-27,en,Released
3418,1541,16000000,45361000,130,12.0873,7.595,4003,1991-05-24,en,Released
3420,17443,6000000,33300000,119,6.8478,7.097,619,1979-10-19,en,Released
3421,8469,2700000,141000000,109,9.8793,6.952,1731,1978-07-28,en,Released
3422,27995,175000,7137503,84,3.2521,6.632,370,1986-08-08,en,Released
3423,36739,0,0,121,4.0703,5.7,116,1988-02-12,en,Released
3424,925,6500000,37300000,120,9.3914,7.8,2084,1989-06-14,en,Released
3425,41823,10000000,16153593,129,4.7318,6.498,268,1990-08-03,en,Released
3426,1713,14000000,32482682,132,5.3384,6.396,330,1991-06-07,en,Released
3428,30547,0,30441738,121,3.1837,7.039,217,1979-07-07,en,Released
3429,54825,0,0,5,1.596,7.2,134,1989-07-15,en,Released
3430,13939,3000000,76600000,93,8.6417,6.931,988,1974-07-24,en,Released
3431,14373,8000000,45000000,92,5.4793,6.2,553,1982-02-20,en,Released
3432,24873,9000000,16116878,90,7.7345,6.232,499,1985-11-01,en,Released
3433,26263,5000000,6880310,99,6.0905,5.698,364,1987-06-11,en,Released
3434,34746,5000000,1702394,95,4.5445,5.6,327,1994-01-14,en,Released
3435,996,927262,2500000,107,7.1489,8.086,2098,1944-07-06,en,Released
3436,9079,18000000,82264675,111,5.372,6.722,499,1991-06-20,en,Released
3438,1498,13500000,201965915,93,14.1085,6.709,2029,1990-03-30,en,Released
3439,1497,25000000,78656813,88,9.4457,6.238,1289,1991-03-22,en,Released
3440,1499,21000000,42273609,95,8.7914,5.517,941,1993-03-17,en,Released
3441,1880,17000000,38400000,114,7.1431,6.285,924,1984-08-10,en,Released
3442,33762,8700000,4865912,109,3.9268,6.25,60,1986-04-11,en,Released
3444,11690,1500000,63500000,92,12.2976,7.1,2278,1988-02-26,en,Released
3445,29143,7000000,20000000,104,3.408,5.816,239,1978-08-02,en,Released
3446,35292,0,0,128,3.6839,6.609,55,1995-09-20,en,Released
3447,36652,2800000,3557000,139,2.3593,6.3,81,1937-06-02,en,Released
3448,801,13000000,123922370,121,9.2793,7.301,3104,1987-12-23,en,Released
3449,104301,14000000,4764606,104,3.0753,5.734,32,1988-11-04,en,Released
3450,11520,35100000,70172621,103,7.8125,6.682,781,1993-12-25,en,Released
3451,1879,4000000,56666667,108,6.9067,7.6,938,1967-12-11,en,Released
3452,2085,25000000,91036760,115,10.6893,6.297,1406,2000-03-22,en,Released
3453,13539,15000000,10873148,96,2.3731,5.9,198,2000-03-24,en,Released
3454,16222,15000000,9902115,94,6.3264,5.766,308,2000-03-31,en,Released
3455,109479,0,0,105,1.4542,4.857,14,2000-03-24,en,Released
3456,17078,0,0,88,1.9519,7.582,189,1999-02-08,fa,Released
3459,33516,0,916172,88,2.9973,5.743,200,1987-02-27,en,Released
3461,9960,250000,0,92,5.5086,6.7,597,1963-08-13,en,Released
3462,3082,1500000,1800000,87,13.2809,8.28,4199,1936-02-05,en,Released
3466,12187,0,16589540,104,4.4995,6.992,439,1993-08-13,en,Released
3467,24748,2500000,10000000,112,6.8531,7.249,372,1963-05-24,en,Released
3468,990,2000000,7600000,134,4.5592,7.7,1125,1961-09-25,en,Released
3469,1908,2000000,2000000,128,4.3848,7.658,490,1960-07-07,en,Released
3470,9764,4000000,0,141,3.7964,7.9,653,1975-08-02,ru,Released
3471,840,20000000,306889114,137,16.064,7.356,4854,1977-12-14,en,Released
3473,42237,0,0,116,1.5337,6.8,22,1976-12-01,fr,Released
3474,26689,0,0,91,3.7799,6.14,215,1997-02-21,en,Released
3475,25673,2300000,7000000,122,5.6069,7.3,429,1951-06-12,en,Released
3476,2291,25000000,26118851,113,10.7574,7.358,1999,1990-11-02,en,Released
3477,13531,10000000,303841,90,6.7854,6.637,849,1995-09-22,en,Released
3478,16620,6500000,54215416,108,5.9975,7.277,833,1987-07-24,en,Released
3479,526,20000000,18432000,121,6.758,7.003,1297,1985-03-27,en,Released
3480,13346,6000000,8200000,100,4.3977,6.744,273,1986-03-28,en,Released
3481,243,30000000,47100000,113,8.0974,7.131,2268,2000-03-17,en,Released
3483,10501,95000000,76400000,90,16.9239,7.303,4226,2000-03-31,en,Released
3484,11478,15000000,50802120,106,5.9241,5.798,617,2000-03-31,en,Released
3489,879,70000000,300854823,142,15.2786,6.8,5878,1991-04-10,en,Released
3492,85689,0,0,69,1.3792,6.1,34,1926-09-05,en,Released
3494,17529,0,37659900,128,8.3708,7.3,887,1969-06-11,en,Released
3496,118098,0,0,122,1.9075,6.9,22,1988-10-14,en,Released
3497,1793,0,17613720,98,2.5304,6.568,59,1983-03-25,en,Released
3498,11327,2300000,35000000,121,9.1371,7.439,1948,1978-08-31,en,Released
3499,1700,20000000,61300000,107,14.9258,7.8,5418,1990-11-30,en,Released
3500,54087,43000000,13300000,119,2.5088,5.9,63,1992-09-23,en,Released
3501,34322,13000000,30867525,107,2.6382,6.179,78,1985-12-25,en,Released
3502,41659,17500000,27484464,114,3.6812,6.672,238,1993-11-12,en,Released
3503,593,0,0,167,6.7501,7.759,1903,1972-03-20,ru,Released
3504,10774,3800000,23700000,122,10.2521,7.788,2118,1976-11-27,en,Released
3505,10083,15000000,35509515,114,7.6967,6.856,849,1987-08-14,en,Released
3506,29786,0,26079312,119,3.3367,6.654,81,1979-08-03,en,Released
3507,11356,1200000,44527234,106,4.5582,7.409,674,1968-05-16,en,Released
3508,10747,3700000,31800000,135,11.5937,7.457,1345,1976-06-30,en,Released
3510,10559,31000000,68106245,118,9.5088,7.271,2109,2000-04-28,en,Released
3511,20697,24000000,12372410,107,4.801,5.229,177,2000-04-07,en,Released
3512,2621,24000000,36600000,116,5.2497,6.678,488,2000-04-07,en,Released
3513,10479,60000000,71000000,127,6.4976,6.246,826,2000-04-07,en,Released
3514,125709,0,0,104,3.8922,6.0,21,2000-01-21,en,Released
3515,49721,0,369975,104,1.7388,5.7,31,1999-10-06,en,Released
3516,2006,0,0,106,4.0682,6.561,263,1958-12-25,en,Released
3519,17339,5000000,7230000,114,4.8069,6.2,361,1978-08-16,en,Released
3521,11305,2800000,1544973,106,5.6298,7.329,537,1989-09-06,en,Released
3524,13665,7000000,95461682,97,4.1474,6.51,486,1981-07-17,en,Released
3525,12309,6000000,38435947,105,7.216,6.323,740,1984-06-29,en,Released
3526,1552,20000000,126297830,124,6.2638,6.657,749,1989-07-31,en,Released
3527,106,15000000,98267558,107,25.7812,7.582,9521,1987-06-12,en,Released
3528,10333,30000000,135000000,132,4.5454,6.63,316,1991-12-25,en,Released
3529,11027,12000000,12376625,122,6.7076,6.503,579,1981-03-20,en,Released
3531,123757,0,0,87,1.069,5.5,26,1992-05-01,en,Released
3534,10468,43000000,62198945,103,5.9152,6.2,1115,2000-04-06,en,Released
3535,1359,7000000,34269748,102,24.5047,7.401,12744,2000-04-13,en,Released
3536,4967,30000000,59945183,127,4.9825,6.11,689,2000-04-14,en,Released
3537,31776,0,0,89,3.5953,5.937,87,2000-04-14,en,Released
3538,10557,3800000,28200000,97,2.3807,6.541,231,1999-05-14,en,Released
3539,27745,0,0,108,2.4463,6.928,83,2000-03-29,en,Released
3543,13776,5000000,14100000,110,3.3831,6.827,313,1982-03-05,en,Released
3544,26291,1400000,115103,87,2.1258,5.4,99,1991-08-28,en,Released
3545,10784,4600000,42800000,124,5.5312,7.417,1007,1972-02-13,en,Released
3546,10242,980000,0,135,7.0801,7.897,1192,1962-10-31,en,Released
3548,16347,0,0,143,3.1091,7.0,129,1958-12-04,en,Released
3549,4825,5500000,6874673,149,4.0009,6.568,264,1955-12-23,en,Released
3550,11654,10000000,10200000,97,8.5138,6.654,682,1983-04-29,en,Released
3551,10518,6500000,21709020,126,6.4834,7.173,1274,1976-10-08,en,Released
3552,11977,6000000,39846344,98,8.6434,6.583,1357,1980-07-25,en,Released
3553,18041,14000000,5108820,90,3.4939,5.844,270,2000-04-21,en,Released
3554,14736,20000000,27728118,125,2.8659,7.4,478,2000-04-21,en,Released
3555,3536,62000000,127700000,116,6.893,6.553,1415,2000-04-20,en,Released
3556,1443,6000000,10409377,97,10.0236,7.134,3707,2000-04-21,en,Released
3557,10424,20000000,11390479,124,5.6368,6.075,422,1992-11-06,en,Released
3559,28971,900000,1000000,137,4.667,7.892,616,1952-10-16,en,Released
3563,9456,10000000,0,101,5.0519,5.464,418,2000-01-23,en,Released
3564,889,83000000,59468275,91,7.362,4.84,845,2000-04-28,en,Released
3565,10564,15000000,33800000,120,7.185,7.083,765,2000-04-27,en,Released
3566,15723,7000000,3728888,90,3.1646,6.769,379,1999-11-17,en,Released
3567,19600,0,0,95,1.7633,5.5,31,2000-02-18,en,Released
3568,125537,0,0,90,1.6548,5.167,12,1999-09-16,en,Released
3569,452,2500000,7200,110,4.8837,6.467,672,1998-05-20,da,Released
3571,36234,4000000,1431406,97,2.0918,5.6,100,2000-04-28,en,Released
3572,39283,1000000,1753979,83,3.3669,4.197,119,1993-05-21,en,Released
3573,65460,0,0,83,1.8168,4.3,57,1995-02-23,en,Released
3574,55667,0,0,85,2.6633,4.043,47,1996-11-21,en,Released
3576,12476,5000000,9747988,97,5.7051,6.891,516,1987-10-30,en,Released
3577,5241,0,1547397,104,4.8899,6.067,223,1988-04-29,en,Released
3578,98,103000000,465516248,155,46.0742,8.23,21521,2000-05-04,en,Released
3580,47724,0,0,115,3.1444,5.338,37,2000-04-14,en,Released
3581,11129,600000,4000000,100,2.9977,6.815,414,1999-06-04,en,Released
3584,1058,7500000,19910002,100,3.3571,5.883,278,1983-05-13,en,Released
3586,42159,0,0,117,2.3318,5.587,23,1980-11-14,en,Released
3587,16395,3000000,0,107,3.9743,6.632,693,1980-02-07,it,Released
3590,38925,160000,4000000,86,4.3089,5.8,98,1974-05-01,en,Released
3591,13105,0,64783827,91,4.926,6.58,363,1983-07-22,en,Released
3592,22501,0,4368,80,2.9692,7.258,198,1982-03-24,fr,Released
3593,5491,44000000,29725663,117,5.7781,3.345,972,2000-05-12,en,Released
3594,10560,29000000,26400000,115,3.1945,6.9,369,2000-05-12,en,Released
3596,19419,10000000,7201701,81,2.6432,5.482,114,2000-05-12,en,Released
3597,23531,3000000,0,82,1.9422,3.881,59,2000-09-01,en,Released
3598,10688,2000000,1568749,112,2.133,5.824,145,2000-05-12,en,Released
3599,17889,2600000,7500000,143,3.7195,6.8,169,1945-08-13,en,Released
3604,39391,4000000,11076923,143,3.0373,6.346,78,1962-11-01,en,Released
3606,31516,2133000,4428000,98,2.9075,6.992,301,1949-12-08,en,Released
3608,5683,6000000,40900000,91,6.8458,6.489,880,1985-07-26,en,Released
3609,113279,0,0,72,1.0182,7.857,7,1999-07-22,en,Released
3614,12518,25000000,35208854,96,2.3862,5.664,330,1992-08-28,en,Released
3615,10567,127500000,354248063,82,14.9881,6.593,2823,2000-05-19,en,Released
3616,10642,0,0,95,4.0807,5.42,492,2000-07-21,en,Released
3617,9285,16000000,119754278,93,9.3443,6.252,2278,2000-05-19,en,Released
3618,10569,25000000,29934477,94,4.9299,6.462,771,2000-05-19,en,Released
3619,21879,2500000,10000000,91,2.3582,5.757,70,1980-05-18,en,Released
3622,24918,1500000,1806258,94,2.7897,6.24,156,1970-10-28,en,Released
3623,955,125000000,546388108,123,19.8036,6.139,7823,2000-05-24,en,Released
3624,8584,55000000,99274467,110,13.1173,6.419,2861,2000-05-26,en,Released
3625,47295,100000,0,85,0.844,5.8,9,1999-08-14,en,Released
3626,11332,6000000,437568,121,3.2632,5.507,70,1999-05-22,en,Released
3627,16093,30000,0,78,4.3937,6.948,550,1962-11-02,en,Released
3628,29372,0,0,102,2.6391,6.25,59,1942-10-08,en,Released
3629,962,923000,4000000,95,9.1598,7.962,1903,1925-07-13,en,Released
3632,30588,2000000,0,124,5.0976,7.694,492,1947-08-27,en,Released
3633,668,7000000,82000000,142,14.5852,6.563,2224,1969-12-18,en,Released
3634,23518,0,0,118,4.4856,7.364,236,1964-02-01,en,Released
3635,691,13500000,185438673,125,14.5169,6.821,2317,1977-07-07,en,Released
3637,44018,0,8100000,106,4.2032,7.378,373,1985-12-04,fr,Released
3638,698,34000000,210308099,126,12.1148,6.187,2294,1979-06-26,en,Released
3639,682,7000000,97600000,125,13.2462,6.464,2357,1974-12-04,en,Released
3640,28973,0,0,104,3.7633,6.721,242,1957-09-12,en,Released
3641,28974,0,634000,82,3.2995,6.735,204,1923-10-01,en,Released
3643,22994,1500000,0,100,2.1758,6.167,60,1944-01-27,en,Released
3646,9600,30000000,173959438,98,11.7195,5.818,2532,2000-05-31,en,Released
3648,38006,0,0,85,2.0883,6.214,119,1957-08-26,en,Released
3649,2768,5000000,52700000,117,7.0529,6.2,747,1980-02-01,en,Released
3652,24920,400000,591067,93,4.8956,6.461,460,1980-08-11,it,Released
3653,21,50000,0,91,2.5897,7.2,139,1966-06-15,en,Released
3654,10911,6000000,28900000,160,9.9573,7.295,911,1961-04-27,en,Released
3655,10102,0,0,130,8.604,7.049,561,1973-05-16,fr,Released
3658,26912,367085,750000,97,3.2894,6.7,282,1967-11-09,en,Released
3660,26953,0,0,88,5.3363,5.857,406,1989-10-12,en,Released
3661,26954,780000,0,88,2.8734,5.987,224,1990-02-07,en,Released
3662,26956,800000,0,82,3.5223,6.4,193,1992-05-01,en,Released
3663,26957,0,0,79,2.3338,5.574,149,1993-11-24,en,Released
3664,26958,0,0,82,2.8252,5.068,132,1994-09-21,en,Released
3667,80287,0,0,92,2.8608,4.698,48,1987-11-28,en,Released
3668,6003,0,38901218,138,8.639,7.4,753,1968-04-02,en,Released
3669,23939,25000000,10736401,87,4.2251,6.197,193,1992-08-14,en,Released
3671,11072,2600000,119500000,93,10.5112,7.2,2164,1974-02-07,en,Released
3672,23069,0,0,86,2.5008,6.376,174,1974-10-17,en,Released
3673,21299,0,22257624,88,3.5773,6.536,181,1987-06-05,en,Released
3674,38802,0,0,85,1.9248,5.777,56,1977-06-10,en,Released
3675,13368,0,1109388,120,4.8372,7.185,594,1954-10-14,en,Released
3676,985,100000,7100000,89,9.6653,7.335,2839,1977-09-28,en,Released
3677,14002,4000000,0,97,5.0329,8.227,720,1992-09-15,en,Released
3678,541,1000000,4350000,119,6.2579,7.125,263,1955-12-26,en,Released
3679,21137,100000,0,100,2.6086,7.2,118,1981-07-01,en,Released
3680,36724,500000,373759,93,2.7194,6.797,87,1988-06-17,en,Released
3681,938,600000,15000000,132,15.6531,8.029,4613,1965-12-18,it,Released
3682,10648,0,39768000,124,8.4802,7.124,1255,1973-12-13,en,Released
3683,11368,1500000,4229114,97,8.9911,7.241,1684,1985-01-18,en,Released
3684,10875,13000000,18428904,114,4.7072,6.605,381,1989-10-13,en,Released
3685,2075,0,26657534,124,4.5955,6.42,445,1985-06-14,en,Released
3686,1551,26000000,61489265,115,6.9769,6.514,1795,1990-08-10,en,Released
3687,22500,5500000,370698,83,3.3786,6.905,152,1987-12-11,fr,Released
3688,10246,4000000,159989673,94,4.6846,6.397,997,1981-11-13,en,Released
3689,19698,6500000,54959266,98,4.4376,5.706,374,1983-06-24,en,Released
3690,23919,9000000,20518905,92,3.6505,5.474,289,1985-03-22,en,Released
3691,18835,0,14049112,89,4.705,5.7,226,1983-06-29,en,Released
3692,26554,2000000,0,86,2.6521,5.6,201,1986-12-12,en,Released
3693,15239,500000,800000,110,4.1476,6.2,690,1984-05-15,en,Released
3694,28165,2500000,792966,95,3.049,5.4,204,1989-07-15,en,Released
3695,28169,500000,363561,102,3.2361,5.0,155,1989-11-24,en,Released
3696,15762,5000000,591366,88,4.4771,6.759,607,1986-08-21,en,Released
3697,169,35000000,57120318,108,17.1887,6.312,3995,1990-11-21,en,Released
3698,865,27000000,38122105,101,13.3471,6.541,2977,1987-11-13,en,Released
3699,9663,22000000,28744356,115,7.8614,6.926,1053,1984-12-13,en,Released
3700,26889,0,0,108,3.9678,6.672,102,1984-09-07,en,Released
3701,10128,16000000,32155047,91,4.3283,6.109,348,1988-10-07,en,Released
3702,9659,350000,100000000,91,17.168,6.7,5115,1979-04-12,en,Released
3703,8810,2000000,24600832,96,11.907,7.389,4318,1981-12-24,en,Released
3704,9355,10000000,36230219,107,13.8366,6.215,3379,1985-06-29,en,Released
3705,1727,20000000,138697012,110,9.6408,6.2,1074,1990-05-18,en,Released
3706,635,17000000,17185954,113,9.0151,7.12,1803,1987-03-06,en,Released
3707,10068,17000000,6740470,117,11.4418,6.12,1167,1986-02-09,en,Released
3708,11495,15000000,17080167,114,4.1174,6.254,794,1984-05-11,en,Released
3709,11428,15000000,30524764,89,5.9098,6.089,648,1992-04-10,en,Released
3710,10117,7000000,20256975,96,5.4533,5.512,299,1988-02-12,en,Released
3711,35936,0,8606242,117,2.4893,6.146,48,1992-09-18,en,Released
3712,25562,25000000,36489888,97,3.6617,6.29,276,1991-05-31,en,Released
3713,51763,0,0,97,4.8478,7.634,164,1990-12-21,en,Released
3714,73079,0,0,108,2.5716,5.5,58,1988-10-07,en,Released
3715,38921,12500000,16357355,103,3.1946,5.179,109,1987-03-20,en,Released
3716,35463,0,0,104,2.9967,5.6,102,1987-10-30,en,Released
3717,9679,90000000,237200000,118,14.5486,6.474,5038,2000-06-09,en,Released
3719,51333,13000000,300000,93,3.5204,5.605,81,2000-03-31,en,Released
3720,17771,26000000,7918035,181,3.4432,6.4,156,1999-09-13,en,Released
3723,10264,13500000,20700000,130,3.607,6.59,449,1990-12-19,en,Released
3724,31657,3000000,32653905,127,3.4211,7.012,207,1978-02-15,en,Released
3725,29204,1500000,6000000,96,2.507,6.873,130,1981-02-13,en,Released
3726,17814,150000,0,91,6.2082,7.254,1257,1976-10-08,en,Released
3727,11879,5000000,3400000,94,8.1122,6.8,914,1987-10-02,en,Released
3728,21128,2500000,1543112,105,3.9914,6.662,235,1992-05-08,en,Released
3729,482,1125000,12121618,100,3.9037,6.433,439,1971-06-25,en,Released
3730,592,1600000,4794457,115,11.4173,7.499,2115,1974-04-12,en,Released
3731,31593,3000000,0,109,4.1439,6.46,188,1981-03-19,en,Released
3732,12611,5500000,24000000,118,4.5911,6.281,422,1978-03-10,en,Released
3733,14328,0,0,113,2.1845,6.8,122,1973-10-16,en,Released
3735,9040,3500000,30800000,129,8.3642,7.527,2273,1973-12-18,en,Released
3736,25364,1821052,1300000,112,4.949,7.845,777,1951-06-29,en,Released
3737,43002,0,0,107,4.1069,7.368,174,1962-04-26,en,Released
3738,5121,3000000,12800000,110,3.3139,6.609,486,1974-03-31,en,Released
3739,195,0,0,83,2.6764,7.413,323,1932-10-30,en,Released
3740,6978,25000000,11102672,100,11.3962,7.211,3504,1986-05-30,en,Released
3741,3133,300000,0,94,6.2237,7.46,1391,1973-10-13,en,Released
3742,643,0,45100,75,5.265,7.571,1336,1925-12-24,ru,Released
3743,10571,16000000,20627372,94,4.127,5.977,432,2000-06-16,en,Released
3744,479,46000000,107626125,99,7.4574,6.026,1508,2000-06-15,en,Released
3745,7450,75000000,36754634,95,7.6516,6.628,1238,2000-06-16,en,Released
3746,31023,3000000,7738129,96,2.7487,7.342,250,1999-09-24,es,Released
3747,25636,2500000,1300000,107,2.8221,6.177,79,2000-06-16,en,Released
3751,7443,45000000,224834564,84,19.1289,6.852,5532,2000-06-23,en,Released
3752,2123,51000000,149270999,117,18.3835,6.631,4390,2000-06-22,en,Released
3753,2024,110000000,215294342,165,18.4776,7.211,4492,2000-06-28,en,Released
3754,17711,76000000,35100000,92,5.758,4.3,408,2000-06-30,en,Released
3755,2133,130000000,328718434,130,11.3795,6.49,2663,2000-06-29,en,Released
3756,29946,15000000,5753678,130,2.987,5.993,72,2000-05-14,en,Released
3758,28774,5000000,1919653,103,2.4365,5.4,197,1989-11-10,en,Released
3760,11598,600000,0,83,4.2513,6.196,373,1977-08-10,en,Released
3761,9702,35000000,4500000,190,13.8034,8.232,1642,1993-02-05,en,Released
3763,9873,10000000,20603715,109,4.0151,6.58,520,1986-02-07,en,Released
3764,16820,18000000,21082165,108,3.4048,6.3,307,1991-04-16,en,Released
3765,14864,0,1293976,130,11.043,6.3,313,1990-10-12,en,Released
3766,15379,2550000,22812411,101,5.7102,5.905,592,1984-11-16,en,Released
3767,12764,2410000,10755447,95,4.8359,5.827,349,1985-03-01,en,Released
3768,27352,9000000,6193901,102,4.0525,5.744,309,1988-01-22,en,Released
3769,8348,4000000,25000000,116,5.4495,6.798,672,1974-05-23,en,Released
3770,24099,0,12145169,99,3.8925,6.082,331,1984-08-15,en,Released
3771,17897,0,11000000,105,4.5387,6.724,272,1973-12-20,en,Released
3773,16094,2500000,26385628,104,5.7866,6.391,280,1990-01-20,en,Released
3774,16096,5000000,19438638,94,3.1486,5.467,121,1991-10-23,en,Released
3783,12706,0,0,94,4.4992,6.7,339,1998-06-25,en,Released
3784,4244,65000000,110317580,104,7.9521,6.792,1173,2000-07-07,en,Released
3785,4247,19000000,278023280,88,25.2517,6.429,8147,2000-07-07,en,Released
3786,20770,1200000,2600000,85,7.0118,7.092,889,2000-07-07,en,Released
3787,1050,0,0,92,2.1586,6.882,76,1999-09-13,zh,Released
3788,1052,1800000,20000000,111,7.8079,7.305,1420,1966-12-18,en,Released
3789,20540,500000,0,116,2.8936,7.1,182,1965-04-20,en,Released
3790,23655,0,0,86,2.317,6.2,50,2000-06-08,en,Released
3791,1788,8200000,80035402,107,10.4688,6.69,2271,1984-02-17,en,Released
3792,32275,6000000,20400000,144,4.365,6.4,199,1946-12-31,en,Released
3793,36657,75000000,296339527,104,1.3742,7.022,12542,2000-07-13,en,Released
3794,44490,250000,1182065,96,1.9897,6.033,75,2000-07-14,en,Released
3795,47585,0,0,106,2.2197,5.707,29,1999-05-18,en,Released
3797,36047,15000000,5280035,105,3.6913,4.653,62,2000-07-19,en,Released
3798,2655,100000000,291420351,130,12.2592,6.437,2090,2000-07-21,en,Released
3799,12599,30000000,133949270,84,7.6855,6.7,970,1999-07-17,ja,Released
3801,93,2000000,8000000,161,8.3567,7.828,1217,1959-07-01,en,Released
3802,9278,30000000,17129026,110,4.8792,5.519,368,1992-01-17,en,Released
3806,18118,7000000,0,128,7.2426,6.578,219,1969-03-18,en,Released
3807,11940,3500000,16000000,113,5.163,6.577,226,1977-05-25,en,Released
3808,24167,0,0,100,5.4549,7.815,588,1960-12-22,it,Released
3809,10276,35000000,63710000,100,5.9565,6.889,940,1991-05-17,en,Released
3810,19380,22000000,9011574,101,4.6912,5.869,183,1992-04-24,en,Released
3811,13783,1000000,8200000,107,3.6712,7.107,163,1980-06-11,en,Released
3812,11624,2000000,18016290,88,5.7039,6.517,1018,1972-08-06,en,Released
3813,15867,3100000,10432366,93,4.1085,6.845,400,1978-08-02,en,Released
3814,11686,3000000,20173742,85,3.655,7.45,992,1975-06-10,en,Released
3816,29263,0,0,112,2.6001,7.5,211,1985-04-03,es,Released
3819,11830,1500000,0,115,4.439,7.79,453,1985-11-23,ja,Released
3821,12107,84000000,123307945,107,6.5926,5.023,1449,2000-07-27,en,Released
3822,10401,0,0,90,2.2085,7.027,238,1999-03-31,fr,Released
3823,32640,0,0,108,2.8862,6.554,37,1999-05-13,en,Released
3824,10641,65000000,90726668,103,6.4657,6.125,786,2000-08-11,en,Released
3825,6282,45000000,113900000,100,10.6014,6.259,2330,2000-07-30,en,Released
3826,9383,95000000,190213455,112,13.8033,5.983,2929,2000-08-04,en,Released
3827,5551,65000000,128900000,130,8.1858,6.388,1587,2000-08-04,en,Released
3830,27723,1500000,268117,97,2.6793,5.743,111,2000-08-06,en,Released
3831,2360,10000000,26330482,93,4.0648,6.53,461,2000-01-24,en,Released
3832,28043,0,0,95,4.185,7.157,495,1963-08-17,it,Released
3833,33468,62000,0,82,2.5146,4.678,143,1962-02-25,en,Released
3834,21866,6500000,24300000,116,4.386,6.289,305,1980-06-11,en,Released
3835,33408,6000000,13609396,89,4.8079,6.679,574,1993-04-02,en,Released
3836,11589,4000000,5200000,144,8.4196,7.402,858,1970-06-22,en,Released
3837,15158,3000000,7282851,97,4.1327,6.2,412,1988-07-08,en,Released
3838,16139,2500000,0,91,3.3343,5.798,297,1994-05-06,en,Released
3839,16146,650000,0,90,2.3429,5.24,240,1998-07-31,en,Released
3840,26515,3500000,4400000,86,4.9338,6.454,570,1988-06-09,en,Released
3841,11856,35000000,57661269,112,5.9521,5.824,681,1990-08-10,en,Released
3843,13567,350000,11000000,85,6.6846,6.293,820,1983-11-18,en,Released
3844,10860,15000000,95904091,117,9.0413,7.2,768,1989-11-15,en,Released
3845,8420,300000,33000000,92,4.5302,6.1,271,1956-11-28,fr,Released
3846,18391,0,29300000,95,3.0943,6.017,150,1983-08-19,en,Released
3847,20850,0,0,97,4.1461,5.956,402,1975-10-01,en,Released
3849,27452,750000,2800000,83,2.6392,7.046,283,1946-01-26,en,Released
3851,38548,0,0,96,1.2793,7.889,18,2000-07-01,en,Released
3852,20438,0,4406030,87,1.9985,6.14,89,2000-08-04,en,Released
3855,46991,0,0,80,2.7936,6.317,82,1999-09-04,fr,Released
3857,10391,40000000,40443010,107,6.48,5.365,322,2000-08-11,en,Released
3858,14195,10000000,1961544,88,4.0216,6.432,309,2000-08-02,en,Released
3859,15665,0,0,79,1.6851,6.3,23,2000-01-25,en,Released
3861,10393,50000000,50054511,118,9.2707,6.73,1116,2000-08-11,en,Released
3862,18168,0,802951,105,2.7236,5.295,127,2001-01-19,en,Released
3863,8843,33000000,104155843,107,12.0794,6.284,1793,2000-08-18,en,Released
3864,10643,8300000,25000000,107,4.1552,6.884,322,1999-12-11,ja,Released
3865,23618,13000000,38251106,115,2.2488,6.408,71,2000-08-18,en,Released
3868,37136,12000000,152356177,86,18.8247,7.278,4675,1988-12-02,en,Released
3869,37137,23000000,192030411,85,14.7459,6.819,2879,1991-06-28,en,Released
3870,23283,0,0,90,2.0967,5.9,38,1940-05-24,en,Released
3871,3110,3100000,20000000,118,6.9634,7.326,708,1953-04-23,en,Released
3872,14698,3000000,9000000,114,4.5143,7.284,326,1959-12-22,en,Released
3873,11694,0,20666667,97,5.2924,6.377,289,1965-06-24,en,Released
3877,9651,35000000,14296438,124,9.9677,5.398,732,1984-07-01,en,Released
3879,11398,40000000,30199105,117,9.2575,5.686,576,2000-08-25,en,Released
3882,1588,28000000,90449929,99,7.2907,6.293,1919,2000-08-25,en,Released
3884,19150,0,0,88,2.9647,5.508,48,2000-08-21,en,Released
3888,41282,0,0,100,3.0724,6.1,77,2000-06-06,en,Released
3889,12211,25000000,15843608,87,5.683,4.806,480,2000-09-01,en,Released
3893,10480,24000000,29364989,108,7.0071,6.1,441,2000-08-30,en,Released
3894,80713,0,277035,101,1.1896,7.071,56,1999-03-05,es,Released
3895,10685,33000000,0,96,5.9404,5.148,564,2000-09-08,en,Released
3896,1619,8500000,19125401,119,4.8247,6.369,518,2000-09-08,en,Released
3897,786,60000000,47386287,124,15.2538,7.503,3232,2000-09-15,en,Released
3898,14805,35000000,15500000,119,6.0696,5.735,223,2000-09-15,en,Released
3899,51179,0,14693,95,2.0579,4.973,37,2000-05-05,en,Released
3900,46119,0,26394,100,3.4235,5.737,59,2000-08-25,en,Released
3901,18074,0,0,112,2.8525,5.7,164,2000-09-09,en,Released
3906,10562,25000000,1308242,110,5.6621,6.113,546,2000-08-24,en,Released
3908,12212,14000000,38574362,98,4.4062,4.9,532,2000-09-22,en,Released
3909,14629,8000000,10194274,92,4.8342,6.068,256,2000-09-22,en,Released
3910,16,12500000,40061153,140,10.4492,7.837,2073,2000-09-01,en,Released
3911,13785,0,0,91,4.8503,6.9,701,2000-09-29,en,Released
3912,34299,14000000,3200000,112,2.5239,5.8,49,2000-09-29,en,Released
3914,22597,1000000,1744858,96,4.2343,6.25,102,2000-02-01,en,Released
3915,19348,1000000,1700000,110,1.8653,6.5,198,2000-09-29,en,Released
3916,10637,30000000,136700000,113,13.5463,7.666,3075,2000-09-29,en,Released
3917,9003,1000000,14580380,93,11.4899,6.889,2993,1987-09-11,en,Released
3918,9064,3000000,12090735,97,7.5339,6.411,1298,1988-12-23,en,Released
3919,11569,5000000,12534961,93,6.8362,5.641,876,1992-09-11,en,Released
3920,10434,0,810455,147,2.9558,6.946,185,1993-09-01,de,Released
3922,39113,0,0,99,2.2944,5.583,30,1964-07-22,en,Released
3925,469,100000,2436000,90,4.8119,7.15,628,1984-10-01,en,Released
3926,2160,1580000,7000000,105,3.6521,5.673,147,1961-07-12,en,Released
3927,2161,5115000,12000000,101,5.9775,6.671,513,1966-08-24,en,Released
3928,3073,800000,4812444,83,4.2431,7.099,362,1948-06-01,en,Released
3929,911,0,0,72,2.3149,6.5,132,1940-11-29,en,Released
3930,10973,0,1300000,79,6.1753,6.8,886,1954-03-05,en,Released
3932,10787,328000,27105,71,6.7427,7.511,987,1933-10-31,en,Released
3933,43109,123000,1000000,69,1.7275,4.5,96,1959-06-25,en,Released
3937,9507,8000000,6770587,100,3.8083,5.612,298,1984-12-14,en,Released
3938,27475,220000,3600000,76,3.7897,5.6,416,1982-09-10,en,Released
3939,27764,0,0,76,3.0322,5.119,201,1987-10-16,en,Released
3940,27767,350000,1242995,87,2.5501,4.961,115,1990-09-07,en,Released
3941,40760,0,0,74,2.4057,4.609,128,1986-10-10,en,Released
3942,40446,0,0,80,2.2209,5.354,72,1990-10-05,en,Released
3943,24664,10000000,2463650,136,3.7242,6.29,164,2000-10-06,en,Released
3945,20455,5500000,16600000,89,4.9165,6.5,305,2000-10-06,en,Released
3946,10461,63600000,19412993,102,5.8342,5.212,681,2000-10-06,en,Released
3947,1485,1814462,0,112,3.4513,7.0,590,1971-02-03,en,Released
3948,1597,55000000,330444045,108,15.0044,6.698,6565,2000-10-06,en,Released
3949,641,4500000,7390108,102,11.4708,8.006,11310,2000-10-06,en,Released
3950,10687,10000000,148701,101,3.6798,6.6,646,2000-10-06,en,Released
3951,63956,0,0,104,1.7715,6.262,21,2000-01-21,en,Released
3952,6521,20000000,22428990,126,4.1276,6.699,274,2000-10-13,en,Released
3953,10763,23000000,22844291,122,5.4983,4.92,361,2000-09-13,en,Released
3955,16888,24000000,13700000,84,3.6025,5.353,156,2000-10-13,en,Released
3957,21142,800000,0,114,2.2876,6.006,79,1971-05-01,en,Released
3958,78140,0,0,155,1.7897,6.5,13,1977-04-16,en,Released
3959,2134,750000,5902,103,7.0101,7.37,950,1960-05-25,en,Released
3962,28605,0,0,90,2.4259,5.485,162,1987-07-31,en,Released
3963,42797,0,11070559,128,2.9082,5.7,47,1964-06-11,en,Released
3964,13465,0,3250000,68,7.7877,6.534,715,1949-10-05,en,Released
3965,27033,0,3250000,115,4.4967,7.072,195,1946-08-19,en,Released
3966,20367,30000,0,68,2.6595,7.219,426,1945-11-30,en,Released
3967,71,5000000,109280263,111,7.5183,7.599,4177,2000-09-28,en,Released
3968,1636,48000000,90383208,93,7.8232,6.117,2187,2000-10-19,en,Released
3969,10647,40000000,55707411,122,9.6673,7.387,2091,2000-10-20,en,Released
3971,13762,0,0,91,1.7827,6.1,50,1980-04-17,en,Released
3972,12207,10000000,34300528,102,11.5232,7.468,1136,1994-02-03,cn,Released
3973,11531,15000000,47737094,90,5.0338,4.4,958,2000-10-27,en,Released
3974,24100,35000000,27965865,95,3.9048,6.947,478,2000-10-27,en,Released
3977,4327,92000000,264105545,98,19.5519,5.852,4643,2000-11-02,en,Released
3978,4958,80000000,39459427,126,5.6533,6.605,1027,2000-11-02,en,Released
3979,9678,85000000,58292295,90,9.0682,5.836,2045,2000-11-10,en,Released
3980,11978,32000000,82300000,129,13.2539,7.501,2585,2000-09-13,en,Released
3981,8870,80000000,33463969,106,8.354,5.736,1214,2000-11-10,en,Released
3983,14295,0,11200000,111,5.0464,6.865,367,2000-03-03,en,Released
3984,681,7200000,116019547,120,12.1475,6.402,2443,1971-12-14,en,Released
3985,11372,6000000,0,135,5.9703,6.65,397,1976-12-24,en,Released
3986,8452,82000000,96085477,123,10.1171,6.0,2354,2000-11-17,en,Released
3987,10862,35000000,36779296,107,5.4,5.815,427,2000-11-15,en,Released
3988,8871,123000000,345800000,105,20.2534,6.779,8465,2000-11-17,en,Released
3989,34045,0,0,94,1.9682,7.296,81,1999-10-22,en,Released
3990,16340,30000000,103291131,79,7.4978,6.7,498,2000-11-17,en,Released
3991,10481,85000000,183611771,100,10.6092,5.5,1507,2000-10-07,en,Released
3992,10867,0,14493284,108,17.7526,7.565,2830,2000-10-27,it,Released
3993,10876,13500000,17989227,124,5.3656,7.152,749,2000-11-22,en,Released
3994,9741,75000000,248118121,106,15.1655,7.146,10153,2000-11-22,en,Released
3996,146,17000000,213978518,120,15.2475,7.436,3708,2000-07-06,zh,Released
3997,11849,35000000,15185241,107,5.7306,4.366,702,2000-12-08,en,Released
3998,11983,65000000,62761005,135,6.0103,6.156,901,2000-12-08,en,Released
3999,11678,75000000,215663859,124,8.7975,6.024,1206,2000-12-08,en,Released
4000,2669,25000000,8613462,132,7.1527,6.757,670,1984-05-04,en,Released
4002,2609,15000000,49500000,92,11.431,7.252,2317,1987-11-26,en,Released
4003,12714,20000000,16000000,106,5.5427,5.9,232,1988-02-05,en,Released
4005,708,40000000,191185897,130,14.8023,6.552,2100,1987-06-29,en,Released
4006,1857,6000000,10024103,85,17.7706,7.145,641,1986-08-08,en,Released
4007,10673,15000000,43900000,126,9.8295,7.164,2324,1987-12-10,en,Released
4008,2604,14000000,161001698,145,12.689,7.004,1949,1989-12-20,en,Released
4009,10132,4000000,3468572,109,4.249,7.047,254,1988-12-23,en,Released
4010,11064,20000000,45833132,97,5.6695,6.6,698,1985-05-22,en,Released
4011,107,100000000,83557872,103,24.1918,7.828,10294,2000-09-01,en,Released
4012,40820,15000000,21032267,123,3.5395,5.553,159,1988-10-07,en,Released
4014,392,25000000,152700626,121,9.8405,6.971,3576,2000-12-22,en,Released
4015,8859,13000000,73180723,83,10.9032,5.543,2152,2000-12-15,en,Released
4016,11688,100000000,169327687,78,26.3505,7.566,7469,2000-12-15,en,Released
4017,12509,6000000,10994533,132,3.1359,6.657,367,2000-09-06,en,Released
4018,3981,70000000,374100000,127,16.4743,6.452,4538,2000-12-15,en,Released
4019,711,43000000,80100000,136,8.8141,7.124,1262,2000-12-21,en,Released
4020,2046,10000000,12008642,112,8.172,6.489,1446,2000-12-22,en,Released
4021,5001,0,8524534,134,3.8763,6.651,317,2000-09-03,en,Released
4022,8358,90000000,429632142,143,24.2559,7.666,12565,2000-12-22,en,Released
4023,5994,60000000,124700000,125,12.1596,6.83,2280,2000-12-12,en,Released
4024,25520,10000000,5164404,140,3.7658,6.242,91,2000-10-13,en,Released
4025,1493,45000000,212000000,110,16.1671,6.535,4345,2000-12-22,en,Released
4027,134,26000000,71877090,107,13.1356,7.325,4754,2000-08-30,en,Released
4029,21991,0,9206279,106,3.9989,6.283,304,2000-08-26,en,Released
4030,10577,28000000,47053625,99,7.2804,5.245,771,2000-12-22,en,Released
4031,21355,57000000,18133495,117,5.8262,5.7,248,2000-12-11,en,Released
4032,29122,0,0,103,1.7184,5.9,10,2000-12-22,en,Released
4033,11973,80000000,34566746,145,6.9227,6.998,864,2000-12-25,en,Released
4034,1900,48000000,207515725,147,12.8693,7.089,2504,2000-12-27,en,Released
4035,44853,20000000,669258,120,4.0383,5.982,114,2000-12-29,en,Released
4036,10873,8000000,8279017,95,6.0494,6.7,704,2000-08-30,en,Released
4037,26719,0,2585639,102,3.655,6.818,369,1987-10-11,en,Released
4039,15739,35000000,57063861,127,5.5516,6.536,801,1982-05-21,en,Released
4040,15413,10000000,25196249,105,5.0166,6.15,506,1991-06-07,en,Released
4041,2623,7500000,129795554,124,8.6219,7.023,1237,1982-07-28,en,Released
4042,11209,12000000,7900000,202,6.4931,7.091,411,1960-10-23,en,Released
4043,13715,6500000,2347000,116,4.5262,6.82,319,1986-04-18,en,Released
4046,43258,3000000,8000000,137,4.7642,6.64,146,1956-10-30,en,Released
4047,10655,20000000,10769960,254,4.2601,6.994,341,1993-10-08,en,Released
4052,9989,30000000,18200000,108,4.1028,6.047,587,2001-01-11,en,Released
4053,18828,24000000,31600000,88,2.7585,5.621,120,2001-01-12,en,Released
4054,9816,13000000,131706809,113,6.778,6.554,1381,2001-01-12,en,Released
4055,20637,1000000,779137,88,2.9944,6.195,127,2000-12-01,en,Released
4056,5955,35000000,29419291,124,7.3575,6.579,1257,2001-01-19,en,Released
4061,17474,1237669,2853801,99,6.231,7.4,390,1991-09-30,en,Released
4062,11191,6000000,12793213,104,5.3005,6.292,600,1988-10-13,en,Released
4063,2613,0,22697691,105,3.9525,5.622,127,1992-07-10,en,Released
4064,22021,500000,4000000,90,3.9404,6.582,318,1973-06-13,en,Released
4065,22048,500000,0,94,4.1047,6.278,273,1974-04-05,en,Released
4066,17006,3000000,13000000,88,4.5232,6.403,222,1988-11-10,en,Released
4067,26333,0,18899204,102,4.2477,6.842,276,1993-02-12,en,Released
4068,16723,11000000,13276953,81,4.9189,6.424,309,2001-01-24,en,Released
4069,2018,35000000,94700000,103,8.8941,5.927,1865,2001-01-26,en,Released
4074,10499,0,671565,102,1.9047,6.015,34,2000-09-14,de,Released
4077,47943,0,3818452,117,2.6202,6.789,298,2000-08-15,fr,Released
4078,74340,0,4000000,114,2.1395,5.9,20,1987-05-22,en,Released
4079,5709,5000000,548696,84,4.6622,5.9,197,1987-09-18,en,Released
4080,11215,15000000,26712476,110,5.9998,6.404,426,1987-10-07,en,Released
4081,26477,0,0,92,3.568,5.9,47,1987-08-07,en,Released
4082,10937,3000000,3221568,100,4.7299,6.882,402,1987-09-02,en,Released
4083,4639,0,4278150,95,3.0881,5.954,153,1987-09-25,en,Released
4084,96,28000000,299965036,103,14.1783,6.535,2915,1987-05-18,en,Released
4085,90,14000000,316360478,105,19.3825,7.212,4744,1984-12-05,en,Released
4086,11028,8500000,17685307,102,4.7922,6.208,221,1986-11-27,en,Released
4089,19324,0,17355263,84,2.4003,5.8,121,1987-08-21,en,Released
4090,19933,2300000,2300000,90,7.1596,6.948,496,1987-07-09,en,Released
4091,12919,1800000,31623833,94,7.9112,6.884,735,1987-08-14,en,Released
4092,15785,10000000,14000,99,3.4036,5.936,287,1987-11-10,en,Released
4093,31701,7000000,1984315,110,3.7379,6.34,147,1988-02-05,en,Released
4102,17159,0,50504655,90,3.3608,7.256,386,1987-11-25,en,Released
4103,10110,35000000,66700000,153,11.6289,7.506,2205,1987-12-09,en,Released
4104,18935,3000000,23509382,92,3.3655,5.273,194,1987-05-22,en,Released
4105,764,350000,29400000,85,19.5718,7.261,4727,1983-01-16,en,Released
4109,15658,0,15151736,93,4.2647,6.288,222,1987-11-20,en,Released
4110,4918,6000000,12423831,119,4.4809,6.3,213,1987-03-20,en,Released
4111,28368,13500000,5262047,111,3.6485,6.153,131,1987-05-05,en,Released
4113,52780,3300000,895904,134,2.269,6.25,36,1987-05-27,en,Released
4115,26156,0,0,98,1.9423,5.816,49,1987-11-06,en,Released
4116,34101,100000,5228617,81,3.0642,6.51,103,1987-03-20,en,Released
4117,32054,0,0,113,4.2676,6.891,225,1987-09-03,en,Released
4121,2614,27000000,25900000,120,10.1794,6.824,1461,1987-07-01,en,Released
4123,12704,51000000,14375181,107,3.1667,4.561,171,1987-05-15,en,Released
4124,580,23000000,51881012,89,8.747,4.092,1211,1987-07-17,en,Released
4125,24828,24000000,4600000,85,2.3218,2.9,73,1987-12-18,en,Released
4126,13703,8000000,12396383,98,5.1377,6.4,312,1987-11-06,en,Released
4127,36914,10500000,34377585,96,4.6746,5.761,155,1987-10-02,en,Released
4128,1547,8500000,32222567,97,11.928,7.119,2393,1987-07-31,en,Released
4129,42010,13000000,4573000,103,3.1308,6.483,89,1987-11-06,en,Released
4130,2608,0,9868521,93,2.5099,5.5,63,1987-07-10,en,Released
4131,32058,0,0,98,3.2726,5.196,46,1987-04-03,en,Released
4132,10019,6000000,42700000,89,6.6141,6.885,851,1987-02-13,en,Released
4133,11649,22000000,17336370,106,10.743,5.915,1176,1987-08-07,en,Released
4135,13509,12000000,3769990,82,5.9238,6.716,665,1987-08-14,en,Released
4138,51521,0,0,90,2.0241,5.3,52,1987-04-24,en,Released
4139,34379,8000000,2877571,106,4.8986,5.982,114,1987-10-23,en,Released
4141,24940,14000000,13127022,87,4.6872,5.797,273,2001-02-02,en,Released
4142,37302,17400000,4224065,100,3.5154,4.201,139,2000-10-30,en,Released
4143,10984,10000000,16300000,96,6.6874,5.6,626,2001-02-02,en,Released
4144,843,3000000,15867968,99,15.9377,8.089,3379,2000-09-29,cn,Released
4146,318,8000000,105983,122,4.5467,5.895,382,2000-02-09,en,Released
4147,12806,0,0,91,2.3974,5.93,79,2000-05-18,es,Released
4148,9740,87000000,351692268,131,3.0763,6.779,5345,2001-02-08,en,Released
4149,10878,22000000,19351569,90,6.8516,5.822,653,2001-02-09,en,Released
4152,7093,0,0,125,4.37,6.142,183,2000-05-01,en,Released
4153,16300,30000000,71186502,87,6.6358,5.567,443,2001-02-16,en,Released
4154,19405,10000000,44460850,82,6.8565,6.583,381,2001-02-16,en,Released
4155,1921,40000000,65754228,119,9.5706,6.869,1493,2001-02-16,en,Released
4156,44412,16000000,146193,86,2.7424,5.1,38,2000-03-09,en,Released
4157,21620,0,0,87,1.2739,5.615,27,2001-02-14,en,Released
4158,23685,75000000,5409517,93,5.2836,5.3,385,2001-02-23,en,Released
4159,12138,62000000,18720175,125,6.7552,5.882,730,2001-02-23,en,Released
4160,48217,0,0,112,2.2612,6.611,63,2000-04-19,fr,Released
4161,6073,57000000,147845033,123,6.0902,5.954,1665,2001-03-01,en,Released
4164,25208,13500000,794481,105,4.5655,5.852,155,2001-01-19,en,Released
4166,19513,0,0,87,3.1728,6.313,80,2001-01-20,en,Released
4167,2749,60000000,56359980,120,6.8591,5.921,839,2001-03-01,en,Released
4168,10050,22000000,19900366,87,4.0725,5.589,320,2001-03-08,en,Released
4171,95682,0,50248,94,1.4421,6.5,6,2000-01-29,en,Released
4174,2302,0,0,126,2.9775,6.66,94,1990-10-05,en,Released
4175,32686,350000,29090,80,1.7096,6.476,42,1996-09-11,en,Released
4178,51802,0,0,106,2.6608,7.311,106,1939-12-24,en,Released
4180,29492,0,2510433,94,2.796,5.648,71,1986-08-22,en,Released
4181,25447,3000000,343786,93,2.8807,5.4,64,1988-10-21,en,Released
4184,19490,0,0,109,4.5985,7.09,288,1947-12-25,en,Released
4187,38805,247000,7000000,94,3.6315,7.224,234,1963-06-04,en,Released
4189,2428,20000000,15500000,199,5.704,6.387,222,1965-04-09,en,Released
4190,22013,3000000,10400000,146,3.5996,7.296,206,1960-07-07,en,Released
4191,15598,0,0,114,2.9085,6.521,240,1966-03-29,en,Released
4193,62127,10000000,49666,86,1.8933,5.5,28,2000-09-22,en,Released
4194,56137,235000,0,91,2.611,7.079,170,1945-11-16,en,Released
4195,17965,0,1827000,95,3.705,6.957,345,1971-04-01,en,Released
4197,33250,0,364642,99,2.1509,6.594,101,1979-03-02,en,Released
4198,14460,2000000,11000000,103,4.0942,5.373,233,1980-09-08,en,Released
4200,9594,15000000,30102717,110,10.0918,6.222,1256,1991-07-31,en,Released
4202,4986,0,0,93,2.3732,5.47,50,1972-07-14,en,Released
4203,2453,23000000,7434726,98,6.8227,6.299,508,1991-08-23,en,Released
4204,33676,7000000,1246141,100,3.8333,4.957,126,1983-04-08,en,Released
4205,4587,31000000,35419397,110,5.8215,6.717,623,1990-12-14,en,Released
4207,12773,,,,,,,,,
4210,11454,15000000,8620929,120,0.4192,7.008,1599,1986-08-15,en,Released
4211,38718,0,15445131,111,4.8283,6.652,364,1990-10-19,en,Released
4212,4192,7920000,14560084,140,10.7459,7.156,953,1978-09-29,en,Released
4214,14052,6000000,40900000,90,6.539,6.448,839,1984-07-20,en,Released
4215,16889,10000000,30142033,98,3.6781,5.6,314,1987-07-10,en,Released
4217,26580,0,0,102,2.1378,7.1,59,1997-07-09,en,Released
4218,21309,1900000,4600000,100,5.0992,6.566,331,1986-10-10,en,Released
4219,16263,0,0,87,4.3824,6.142,197,1985-04-12,en,Released
4220,4985,2900000,43008075,121,7.4518,6.749,338,1974-08-21,en,Released
4221,20704,0,0,108,3.5752,5.482,140,1991-09-27,en,Released
4223,853,68000000,96976270,131,15.8532,7.426,4183,2001-02-28,en,Released
4224,10877,33000000,79958599,101,9.7392,5.928,606,2001-03-16,en,Released
4225,5257,0,0,101,2.2948,6.787,244,2000-10-19,en,Released
4226,77,9000000,40060108,113,21.7394,8.2,16779,2000-10-11,en,Released
4228,10833,35000000,57800000,123,8.5052,6.145,1025,2001-03-23,en,Released
4229,20309,25000000,12320393,95,4.9164,4.761,186,2001-03-10,en,Released
4231,12658,23000000,38689940,97,6.0313,5.968,425,2001-03-30,en,Released
4232,10054,35000000,147934180,88,15.7188,5.821,3803,2001-03-18,en,Released
4233,10646,11000000,23400000,95,4.944,5.115,295,2001-03-30,en,Released
4234,2575,21000000,28000000,109,7.9356,5.996,568,2001-02-11,en,Released
4235,55,2000000,20908467,154,14.111,7.646,3009,2000-06-16,es,Released
4236,65075,0,0,93,1.0962,6.048,21,2000-04-15,en,Released
4237,44379,0,0,82,3.3733,7.7,230,2000-07-07,fr,Released
4238,2043,60000000,105200000,104,12.744,6.349,2126,2001-04-06,en,Released
4239,4133,53000000,83300000,124,10.177,7.354,4697,2001-04-04,en,Released
4240,56715,35000000,16200000,88,6.5528,4.763,737,2001-04-06,en,Released
4241,10991,16000000,68452128,73,8.3935,6.6,710,2000-07-08,ja,Released
4242,15940,0,313768,85,2.4253,5.625,80,2000-08-23,en,Released
4243,26791,1000000,852206,119,1.4449,6.457,23,2001-03-30,en,Released
4246,634,25000000,281929795,97,14.474,6.738,5634,2001-04-13,en,Released
4247,10956,17700000,30987695,92,6.5582,5.656,841,2001-04-10,en,Released
4248,19366,22000000,14866444,98,4.6497,5.8,386,2001-04-06,en,Released
4251,9519,0,236185,94,2.969,6.791,436,2000-06-21,en,Released
4252,13898,10000,756035,91,1.4515,6.967,106,2000-09-09,fa,Released
4254,9290,21150000,39438674,95,5.6201,5.197,688,2001-04-12,en,Released
4255,13166,14000000,14343028,87,5.9747,4.762,511,2001-04-20,en,Released
4256,32590,0,0,88,3.0763,5.222,90,2001-04-19,en,Released
4259,52654,1864747,0,109,2.1034,6.327,49,2000-08-21,en,Released
4260,70282,0,0,107,1.858,7.929,7,2001-04-20,en,Released
4262,111,25000000,66023329,170,34.9538,8.152,13447,1983-12-09,en,Released
4263,32488,0,0,117,3.483,7.507,216,1963-02-04,en,Released
4265,10477,94000000,54744738,116,8.3539,5.174,854,2001-04-27,en,Released
4267,2144,18000000,13500000,93,3.7103,5.861,391,2001-04-19,en,Released
4268,24113,90000000,10372291,104,2.8094,4.489,88,2001-04-27,en,Released
4270,1734,98000000,443280904,130,23.2332,6.415,7911,2001-05-04,en,Released
4273,4973,0,0,96,2.6297,6.655,197,2001-02-07,fr,Released
4275,849,27000000,16916617,121,7.5565,6.061,647,1983-07-29,en,Released
4276,27223,4000000,10179000,91,3.1022,6.9,175,1985-02-08,en,Released
4278,39266,0,0,114,5.5089,6.906,315,1935-03-28,de,Released
4280,11307,17000000,29712172,136,4.961,6.68,399,1982-07-23,en,Released
4282,11163,3000000,0,129,4.7038,6.711,370,1969-09-18,it,Released
4284,18691,0,0,87,3.3264,5.598,56,1966-03-31,en,Released
4285,3784,29000000,22773535,118,5.5698,6.773,666,1991-10-11,en,Released
4289,11936,0,0,140,3.7796,6.957,301,1980-03-28,it,Released
4290,25221,40000000,23202444,138,3.4024,6.4,85,1991-11-22,en,Released
4291,19494,10000000,103300000,110,8.8074,6.986,595,1980-12-18,en,Released
4292,40842,4500000,22228000,110,3.4888,7.172,212,1979-03-02,en,Released
4293,19357,0,24689704,87,4.6839,6.107,244,1985-08-09,en,Released
4294,33743,0,0,89,2.0423,6.212,66,1953-06-19,en,Released
4296,9062,2200000,136400000,100,4.9735,6.812,759,1970-12-16,en,Released
4297,11174,0,0,157,2.5204,7.287,167,1987-12-21,da,Released
4298,934,200000,460000,118,3.46,7.783,656,1955-04-13,fr,Released
4299,9476,65000000,117487473,133,16.7208,6.9,3508,2001-05-11,en,Released
4300,37691,5500000,706876,110,3.2304,6.301,143,2000-09-14,en,Released
4304,14268,0,0,107,1.4055,6.705,39,2001-01-21,en,Released
4305,5852,53000000,29700000,102,5.8221,6.056,505,2001-05-18,en,Released
4306,808,60000000,489676241,90,42.0077,7.78,19332,2001-05-18,en,Released
4307,49453,0,0,95,2.3134,6.25,38,2000-07-27,en,Released
4308,824,52500000,179213434,128,9.6218,7.517,4948,2001-05-18,en,Released
4310,676,140000000,449220945,183,18.5374,6.931,7185,2001-05-21,en,Released
4312,26813,0,0,108,2.3193,7.397,97,1999-09-13,fr,Released
4313,29572,20170000,1800000,96,4.4394,6.102,270,2000-08-29,en,Released
4316,50541,0,0,108,2.2708,7.355,83,1978-12-31,en,Released
4317,26255,0,754935,97,4.6554,6.199,302,1992-11-13,en,Released
4321,1406,27000000,179033791,114,8.1032,6.451,911,1991-06-07,en,Released
4322,13554,6100000,5700000,120,5.1264,6.827,292,1988-09-02,en,Released
4323,17664,0,0,115,4.7504,6.923,291,1959-06-11,en,Released
4325,41050,0,0,122,3.5989,7.927,758,1961-01-24,it,Released
4326,1632,15000000,34604000,128,11.0566,7.675,2022,1988-12-08,en,Released
4327,966,2000000,19500000,128,15.9221,7.498,2054,1960-10-12,en,Released
4329,301,1200000,5750000,141,10.5509,7.8,1297,1959-03-08,en,Released
4333,11896,14000000,57915972,88,6.7319,6.154,685,1987-12-11,en,Released
4334,25538,0,1528767,174,5.6517,7.948,706,2000-09-20,zh,Released
4337,5923,12000000,20000000,196,5.3294,7.214,294,1966-12-20,en,Released
4338,15497,0,3225000,132,4.5141,7.155,165,1949-12-21,en,Released
4339,21876,5760000,17111111,117,4.0333,7.053,253,1965-06-23,en,Released
4340,11090,22000000,84772742,83,10.6057,5.153,1416,2001-06-01,en,Released
4342,21056,0,512451,119,2.3172,6.429,56,2000-04-18,en,Released
4343,9397,80000000,98376292,102,12.0555,6.123,2594,2001-06-08,en,Released
4344,9705,102000000,147080413,99,13.3734,6.267,3061,2001-06-08,en,Released
4345,26475,0,4931888,115,2.2807,5.647,87,2001-06-09,en,Released
4347,29937,0,0,120,1.9095,7.2,60,2000-03-15,cs,Released
4349,10364,18000000,24911670,121,6.0362,6.666,370,1970-06-24,en,Released
4350,32458,650000,0,53,1.6281,7.2,128,1997-09-11,en,Released
4351,1089,24000000,83531958,122,17.9648,7.152,4141,1991-07-12,en,Released
4353,9967,11000000,30503151,105,5.8527,6.236,231,1983-12-16,en,Released
4354,17494,23000000,57138719,112,6.5808,6.255,366,1992-06-26,en,Released
4355,17465,8000000,15448384,110,4.634,6.197,252,1986-01-31,en,Released
4356,759,2300000,5300000,91,5.5332,7.3,1109,1953-07-15,en,Released
4357,10297,0,0,96,6.067,6.848,576,1953-11-10,en,Released
4359,10653,1800000,12000000,105,7.3567,7.0,1019,1955-06-03,en,Released
4361,9576,21000000,177200000,116,7.0037,7.208,1979,1982-12-17,en,Released
4366,10865,120000000,186053725,95,13.2611,7.048,5263,2001-06-02,en,Released
4367,1995,115000000,274703340,100,14.2494,5.915,6677,2001-06-15,en,Released
4368,10808,70000000,176100000,87,7.294,5.327,1797,2001-06-22,en,Released
4369,9799,38000000,207283925,106,2.4457,7.015,11144,2001-06-22,en,Released
4370,644,100000000,235926552,146,20.9808,7.068,6878,2001-06-29,en,Released
4371,16161,16000000,29381649,130,5.9263,7.106,373,2001-06-27,en,Released
4372,10691,13000000,16929123,99,4.7392,6.629,407,2001-06-29,en,Released
4373,10615,7000000,3300000,81,3.2616,5.113,173,2001-06-29,en,Released
4374,47596,0,0,90,1.7628,4.571,7,1999-10-01,en,Released
4378,11826,5000000,0,89,5.8148,7.001,946,2001-01-12,en,Released
4380,9301,0,0,135,2.4604,6.966,149,2000-10-12,de,Released
4381,11444,95130000,50104745,84,5.0396,6.436,534,2001-01-17,fr,Released
4383,60670,2365000,0,106,6.9244,6.921,1808,2000-09-27,fr,Released
4384,55551,0,0,115,1.5671,6.8,39,2000-09-27,fr,Released
4386,10992,60000000,200687492,87,9.6188,5.411,1804,2001-07-04,en,Released
4387,2140,25000000,64437847,98,11.0367,6.944,1409,2001-07-06,en,Released
4388,4248,45000000,141220678,82,21.9057,5.8,5405,2001-07-04,en,Released
4389,17612,0,0,103,3.7631,6.8,541,2001-01-21,en,Released
4390,3134,0,940944,77,10.8264,4.837,502,2000-06-28,fr,Released
4392,8217,0,7331839,102,4.204,6.343,351,1990-12-25,en,Released
4393,22478,10000000,1562749,84,3.8715,6.835,297,1988-10-13,en,Released
4394,26483,0,0,98,2.1409,5.957,35,1965-04-14,en,Released
4395,24382,0,0,106,3.8155,8.082,805,1958-07-26,it,Released
4396,11286,18000000,72179579,95,9.6138,6.154,728,1981-06-19,en,Released
4397,11950,20000000,56278073,108,7.6272,5.417,360,1984-06-29,en,Released
4399,36245,0,17754,97,3.5265,7.08,244,1964-03-04,fr,Released
4402,26573,1500000,3800000,88,2.8051,5.2,61,1965-11-06,en,Released
4403,23439,270000,1450000,79,3.1355,6.699,380,1960-07-20,en,Released
4404,10728,0,0,116,4.7951,7.894,412,1926-10-13,de,Released
4406,11697,3200000,8000000,123,9.2947,7.826,1337,1962-04-13,en,Released
4407,6106,4500000,1500000,123,3.5149,7.036,427,1986-04-23,en,Released
4408,22477,10000000,486434,83,2.6372,6.185,216,1987-12-18,en,Released
4409,19200,14000000,2735731,85,4.8866,6.724,414,1991-12-05,en,Released
4410,11300,7000000,8362969,114,6.0779,6.602,425,1986-11-07,en,Released
4412,28650,0,0,91,2.1691,5.0,48,1972-07-19,en,Released
4419,43316,0,0,89,4.4344,7.334,349,1955-08-25,en,Released
4420,34689,0,6600000,128,3.5528,6.749,285,1954-09-29,en,Released
4422,10238,400000,0,95,3.1939,7.863,803,1972-12-21,sv,Released
4424,4789,0,0,95,3.338,6.954,291,1970-12-04,it,Released
4426,18030,410000,726000,106,4.9381,7.221,420,1955-04-28,en,Released
4427,18988,4000000,22300000,134,5.5763,7.363,421,1968-08-20,en,Released
4428,11536,4000000,8200000,124,5.9109,6.958,451,1961-02-01,en,Released
4429,10339,4500000,10400000,115,6.0814,7.054,488,1956-06-27,en,Released
4432,976,3400000,2500000,97,4.3532,7.609,604,1957-07-04,en,Released
4433,69605,1300000,4300000,99,4.4811,6.957,278,1956-10-04,en,Released
4434,65632,0,0,92,3.2213,6.6,243,1965-12-02,it,Released
4436,4780,1400000,4468000,99,4.9187,6.7,333,1976-08-01,en,Released
4437,11906,0,2900000,99,10.4262,7.5,3265,1977-02-01,it,Released
4438,11713,100000,100000000,108,8.9731,7.225,1117,1972-03-22,zh,Released
4439,9589,4000000,0,131,6.5512,7.335,1477,1981-04-02,de,Released
4440,12481,100000,0,99,6.9043,7.076,870,1971-10-23,zh,Released
4441,13333,850000,50000000,101,8.4949,6.393,762,1978-03-23,cn,Released
4442,13938,10000000,25754284,109,5.1103,6.558,300,1985-03-22,en,Released
4443,10540,18000000,17374595,110,6.2075,6.417,730,1981-05-22,en,Released
4444,9462,130000,27000000,100,8.2521,7.391,1343,1972-12-30,cn,Released
4445,82623,0,0,45,1.8795,4.6,17,1998-10-23,en,Released
4446,2114,137000000,85131830,106,8.7887,6.199,1660,2001-07-02,en,Released
4447,8835,18000000,141778365,96,20.6687,6.815,4724,2001-07-13,en,Released
4448,11371,68000000,113579918,124,9.3246,6.698,1950,2001-07-13,en,Released
4449,78248,0,28,90,1.781,6.889,9,2000-08-31,fr,Released
4450,9517,2100000,480811,113,4.6897,6.7,571,2001-06-15,en,Released
4451,25985,0,0,97,1.5275,6.304,23,2001-11-09,en,Released
4452,15745,5000000,5476060,95,4.1816,5.8,215,2001-07-13,en,Released
4453,24977,0,21268532,46,2.3704,7.5,37,2000-05-05,en,Released
4454,36107,0,0,6,1.2802,7.66,184,1998-09-01,en,Released
4458,13794,0,0,40,1.7293,7.0,21,1994-03-31,en,Released
4459,13795,0,0,40,1.5587,6.833,18,1998-09-03,en,Released
4462,38965,0,2567099,100,4.0882,5.574,101,1988-04-08,en,Released
4463,47817,0,5979011,95,2.4208,5.602,65,1988-08-18,en,Released
4464,31052,0,32632093,121,3.6223,6.264,265,1988-12-23,en,Released
4465,10868,0,0,111,6.3787,7.08,704,1988-10-14,en,Released
4466,9395,7500000,18869631,99,9.0903,6.129,824,1988-04-08,en,Released
4467,14506,46630000,8083123,126,6.7011,6.978,1039,1988-12-07,en,Released
4470,2,0,0,73,4.0397,7.112,383,1988-10-21,fi,Released
4471,26044,0,14681192,113,2.9366,5.5,163,1988-07-08,en,Released
4473,14911,0,3966256,105,2.5592,6.288,226,1988-07-21,en,Released
4474,15592,20000000,57041866,123,4.7608,6.7,287,1988-12-21,en,Released
4475,15267,8000000,161004,111,5.1579,7.047,224,1988-09-14,en,Released
4476,12710,0,0,97,4.6072,6.384,311,1988-06-10,en,Released
4477,30502,20000000,15122000,86,3.4459,4.984,155,1988-07-22,en,Released
4478,19382,20000000,51684798,106,3.4483,6.268,233,1988-03-25,en,Released
4480,9599,10000000,8247943,95,9.4831,6.9,1107,1988-08-05,en,Released
4482,17170,25000000,16118077,107,3.4193,5.7,144,1988-04-01,en,Released
4483,18509,0,0,98,3.8478,4.187,222,1988-07-22,en,Released
4484,110428,3512454,115860,95,0.1312,5.894,85,2013-03-13,fr,Released
4487,7520,20000000,171504781,104,8.1127,6.109,1673,1988-07-29,en,Released
4488,10126,6000000,46616067,120,6.6408,6.519,566,1988-04-15,en,Released
4489,9602,30000000,288752301,117,16.661,6.884,4883,1988-06-29,en,Released
4490,23752,0,0,97,3.2937,5.454,120,1988-01-15,en,Released
4492,3980,2000000,13167232,86,6.9128,6.486,1144,1986-04-11,en,Released
4495,27397,0,16262415,97,3.3002,5.944,63,1988-08-17,en,Released
4496,9748,0,12706478,96,2.2558,6.294,228,1988-03-18,en,Released
4497,40095,5000000,3588626,86,4.3619,6.156,243,1988-05-06,en,Released
4498,10651,20000000,37900000,91,8.1248,6.274,983,1988-07-13,en,Released
4499,10141,6500000,42000000,110,6.9677,7.093,1089,1988-12-14,en,Released
4500,27362,1500000,424773,119,3.5153,7.035,200,1988-09-02,en,Released
4502,26386,6000000,28202109,91,2.9308,5.447,219,1988-11-11,en,Released
4504,25884,0,3527636,82,1.8873,5.8,87,1988-10-28,en,Released
4505,26355,0,17514553,98,3.2432,6.5,152,1988-01-15,en,Released
4506,10675,20000000,17637950,120,7.6656,6.709,1172,1988-02-19,en,Released
4508,10130,22000000,0,129,3.9864,7.029,680,1988-09-23,en,Released
4509,2617,24000000,43455230,91,5.0094,6.444,639,1988-06-17,en,Released
4511,21362,15000000,8500000,99,4.4016,5.8,252,1988-11-18,en,Released
4516,20443,22000000,17550399,86,5.3919,4.628,160,1988-03-22,en,Released
4517,49365,4700000,1705139,113,3.3168,6.085,141,1988-04-22,en,Released
4518,11347,2500000,1189315,93,5.0733,5.95,327,1988-09-21,en,Released
4519,12144,12500000,84704291,69,13.3445,7.164,2834,1988-11-18,en,Released
4520,13704,8000000,0,90,4.9855,6.6,429,1988-07-06,en,Released
4521,12505,15000000,1733070,98,3.5169,6.037,122,1988-03-17,en,Released
4522,41963,0,0,91,3.6225,5.671,79,1988-03-11,en,Released
4523,13482,22000000,14000000,117,3.9224,6.55,101,1988-03-18,en,Released
4524,34014,20000000,11444204,103,2.2951,5.85,90,1988-09-09,en,Released
4526,12120,20000000,13854000,108,8.26,5.826,622,1988-12-09,en,Released
4527,47818,0,6264058,93,2.8841,5.0,74,1988-02-26,en,Released
4529,3543,0,3732660,108,4.6157,7.182,450,1987-11-12,de,Released
4531,9604,29000000,34994648,104,9.6364,6.2,1677,1988-06-17,en,Released
4533,10925,4000000,14241310,91,9.0359,7.196,2361,1985-04-25,en,Released
4534,13965,6830000,10743000,110,2.8758,6.764,55,1988-03-24,en,Released
4535,24266,3500000,20659423,104,5.0346,7.006,171,1982-03-25,en,Released
4537,18197,0,2835116,116,5.1723,7.4,368,1988-09-09,en,Released
4541,11503,11000000,19595031,98,4.8225,6.412,571,1988-02-05,en,Released
4544,11966,15000000,21630088,110,6.527,6.224,687,1988-07-06,en,Released
4545,2605,10000000,40697761,98,8.6693,6.651,1681,1986-05-09,en,Released
4546,8740,0,0,106,6.5056,7.404,873,1988-10-27,nl,Released
4552,41428,55500,0,67,4.9472,6.98,739,1989-07-01,ja,Released
4553,8337,4000000,13000000,93,13.4176,7.306,3634,1988-11-04,en,Released
4557,28176,23000000,19652638,111,4.9911,6.744,447,1988-08-12,en,Released
4558,9493,15000000,216614388,107,14.335,6.056,2617,1988-12-09,en,Released
4562,12582,0,8539181,107,4.1069,6.732,271,1988-05-05,en,Released
4563,10001,24900000,5000000,91,2.4414,5.247,178,1988-12-15,en,Released
4564,11352,31000000,74100000,122,5.7885,6.2,688,1989-12-22,en,Released
4565,12500,1000000,10499694,95,5.4651,5.979,502,1985-08-30,en,Released
4568,17882,,,,,,,,,
4571,1648,10000000,40510984,90,8.6755,6.846,2190,1989-02-17,en,Released
4572,4105,30000000,134212055,125,9.7462,6.571,1291,1989-09-22,en,Released
4573,22711,0,19131000,117,2.2109,6.2,70,1989-12-15,en,Released
4574,19124,20000000,2700000,86,6.3822,6.512,520,1989-08-17,en,Released
4577,10142,22500000,18671317,113,7.0764,7.161,1047,1989-08-18,en,Released
4578,3064,16000000,16300000,108,5.5798,6.623,288,1989-03-10,en,Released
4580,10134,500000,10166459,86,8.2038,5.66,860,1989-04-07,en,Released
4581,21291,19000000,19738015,117,3.8752,6.368,114,1989-10-27,en,Released
4583,30352,0,7723506,98,2.4797,5.4,46,1989-04-14,en,Released
4584,15142,0,5552441,115,3.6961,5.8,149,1989-03-03,en,Released
4585,14550,14000000,28890240,113,4.9836,6.134,264,1989-04-07,en,Released
4587,2210,10000000,3916303,100,4.6662,5.592,419,1988-09-08,en,Released
4589,21721,0,4786789,95,2.7999,6.7,98,1983-09-23,en,Released
4591,11828,0,1932642,107,4.9497,5.931,260,1989-09-01,en,Released
4593,10551,0,12195695,110,4.6584,5.7,291,1989-12-06,en,Released
4594,20713,16000000,2420917,117,2.9001,5.994,80,1989-03-03,en,Released
4595,27461,0,0,127,3.4225,6.168,170,1989-10-20,en,Released
4597,1380,10000000,2777280,106,3.1924,6.0,147,1989-01-13,en,Released
4599,11465,17000000,13741060,108,3.8181,6.264,351,1989-06-30,en,Released
4600,17190,8500000,11604598,109,2.3181,5.672,60,1989-10-20,en,Released
4602,9085,30000000,60864870,116,7.0124,6.067,371,1989-11-17,en,Released
4603,17819,0,0,94,3.557,5.4,147,1989-02-03,en,Released
4605,14776,0,418053,95,2.707,6.263,114,1989-05-05,en,Released
4608,29185,0,20047604,113,4.8683,6.141,160,1989-10-06,en,Released
4610,32059,1,4,97,4.2693,5.027,183,1989-01-13,en,Released
4611,505,20000000,7237794,94,5.4551,6.346,302,1989-09-12,en,Released
4612,4486,0,0,119,2.9485,6.842,99,1989-05-15,fr,Released
4613,10345,17000000,78247647,101,5.6354,6.171,1087,1989-04-28,en,Released
4614,10222,1500000,50000000,98,7.8038,6.843,1630,1989-04-20,en,Released
4615,12774,0,1730005,103,3.3085,6.459,122,1989-07-26,en,Released
4616,14621,10000000,31906454,108,5.2613,7.295,358,1989-03-03,en,Released
4617,19118,18000000,4900000,90,3.6135,6.311,103,1989-08-18,en,Released
4619,15138,7000000,793775,102,4.8043,5.818,223,1989-08-25,en,Released
4621,9494,7500000,296999813,96,8.4938,6.291,2533,1989-10-12,en,Released
4622,17362,0,3960327,99,4.5614,6.066,182,1989-04-28,en,Released
4623,9942,11000000,75000000,107,7.2444,6.9,914,1989-02-16,en,Released
4624,8216,750000,80000,93,3.6371,6.347,331,1989-08-12,en,Released
4625,4296,0,5777079,105,2.3387,5.39,154,1989-08-25,en,Released
4626,24739,3700000,1145404,88,4.4967,6.859,333,1989-05-19,en,Released
4628,9686,15000000,10763469,124,4.4503,6.224,422,1989-03-10,en,Released
4629,27418,12000000,15942628,108,4.4075,5.927,259,1989-10-20,en,Released
4630,39002,8000000,16093651,93,5.3273,4.736,121,1989-06-02,en,Released
4632,31606,16000000,10647219,108,5.3372,6.131,288,1989-08-25,en,Released
4634,37146,0,0,89,2.8024,5.592,38,1989-09-22,en,Released
4635,20006,19000000,12100000,122,5.3447,5.474,269,1989-05-26,en,Released
4636,8867,9000000,0,89,8.6975,5.8,713,1989-10-05,en,Released
4638,331,93000000,368780809,92,0.9558,6.177,8071,2001-07-18,en,Released
4639,11467,64400000,138191428,102,5.7889,5.723,914,2001-07-17,en,Released
4640,327,12000000,15250000,113,5.9066,7.089,544,2000-12-13,ja,Released
4641,1548,7000000,8800000,111,5.8312,7.082,1635,2001-07-20,en,Released
4642,13403,6000000,3660081,95,3.9042,7.444,445,2001-07-20,en,Released
4643,869,100000000,362211740,120,20.7507,5.777,4553,2001-07-26,en,Released
4644,552,0,9735211,114,3.0466,7.154,315,2000-03-03,it,Released
4645,36095,20000,234821,111,7.8977,7.6,871,1997-12-27,ja,Released
4646,33379,0,1443067,91,2.5705,6.295,88,2001-07-27,en,Released
4649,2171,5000000,295206,97,5.9367,6.244,922,2001-07-27,en,Released
4653,41946,0,0,102,3.9413,6.2,162,1989-04-12,en,Released
4654,10135,15000000,30100000,114,6.5855,6.765,1594,1989-05-19,en,Released
4658,19236,787000,0,122,4.8887,7.2,525,1989-11-24,en,Released
4660,60276,0,0,95,2.428,5.4,32,1989-06-09,en,Released
4661,12150,19000000,110879513,113,7.5211,6.602,709,1989-09-15,en,Released
4662,11185,18000000,46900000,102,8.8726,6.762,1122,1989-05-12,en,Released
4663,47045,0,12065892,97,4.5371,5.248,123,1989-04-14,en,Released
4666,12478,8500000,45000000,97,3.0607,6.176,94,1989-03-03,en,Released
4670,25155,1200000,2488740,89,6.0261,6.541,390,1987-01-23,en,Released
4671,65015,0,0,100,2.732,6.1,121,1989-09-28,en,Released
4672,24077,0,0,92,2.276,5.717,83,1989-02-01,en,Released
4673,9618,55000000,63408614,104,10.8124,6.511,2222,1989-12-22,en,Released
4675,31608,15000000,40600000,96,6.5753,6.661,342,1989-01-27,en,Released
4676,22102,18000000,8500000,106,4.1438,5.7,187,1989-03-24,en,Released
4677,6951,13000000,71079915,99,6.605,6.324,1483,1989-07-28,en,Released
4678,11959,5000000,6157157,97,3.6437,6.668,431,1989-07-21,en,Released
4679,2616,15000000,79300000,100,9.2191,6.818,1407,1989-08-16,en,Released
4681,249,26000000,160188546,116,7.8821,6.9,1290,1989-12-08,en,Released
4683,183,6000000,14278900,100,5.812,6.035,362,1989-12-15,en,Released
4686,8494,7000000,12741891,97,3.258,5.11,337,1993-07-09,en,Released
4687,26535,0,35609,98,2.2989,6.8,127,1963-08-15,en,Released
4688,41784,11000000,8211952,101,3.1691,6.477,131,1991-10-04,en,Released
4689,27431,1000000,1204739,112,4.2387,6.685,463,1971-02-12,it,Released
4690,2148,58000000,25928721,130,6.0378,6.472,454,1984-12-14,en,Released
4695,31941,0,0,126,2.925,6.453,75,1978-08-02,en,Released
4697,27813,35000,0,91,2.8742,6.206,483,1982-04-02,en,Released
4699,2057,42000000,35402320,116,12.3306,6.135,924,2001-05-08,en,Released
4700,9880,37000000,165335153,115,21.6956,6.962,5369,2001-08-03,en,Released
4701,5175,90000000,347325802,90,15.8002,6.776,4776,2001-08-03,en,Released
4703,41951,0,0,104,4.9992,6.915,123,1988-05-18,fr,Released
4704,11385,0,0,157,3.9287,6.776,277,1962-06-19,en,Released
4705,4484,1100000,20424259,92,4.8049,6.827,452,1978-10-20,fr,Released
4708,44258,0,0,116,3.092,6.162,37,1967-02-22,en,Released
4709,20391,20000000,31678778,164,4.4269,6.304,289,1969-10-15,en,Released
4710,12584,0,13400000,100,5.6171,7.098,396,1976-07-21,en,Released
4711,70042,0,253311,83,1.6757,5.85,10,1995-08-24,en,Released
4713,11542,15000000,19853892,103,6.6386,6.72,802,1980-12-25,en,Released
4714,17169,15000000,70687344,115,5.2518,5.813,388,1980-12-17,en,Released
4715,39176,0,8415112,105,3.2587,5.435,92,1980-07-09,en,Released
4717,19267,6000000,21491887,95,6.023,5.9,202,1980-08-18,en,Released
4718,2770,30000000,287553595,111,15.5757,6.268,5461,2001-08-10,en,Released
4719,12610,75000000,13596911,95,7.4229,6.498,1117,2001-08-10,en,Released
4720,1933,17000000,210002906,101,19.6669,7.619,7418,2001-08-02,en,Released
4721,13496,35000000,13678913,94,4.2298,5.914,297,2001-08-17,en,Released
4722,21055,0,1051948,95,2.8858,5.85,80,2001-08-10,en,Released
4723,24936,3000000,10031529,101,3.792,6.107,164,2001-01-21,en,Released
4725,10972,1500000,1612259,100,4.4286,6.144,1069,2001-08-10,en,Released
4727,1722,57000000,62112895,131,6.098,5.945,588,2001-04-18,en,Released
4728,9896,48000000,85498534,112,7.7517,6.292,2051,2001-08-17,en,Released
4732,9683,0,5007209,84,4.1474,5.8,650,2001-08-24,en,Released
4733,2779,33000000,18914307,103,5.4498,6.609,852,2001-08-24,en,Released
4734,2294,22000000,33788161,104,8.8573,6.441,1802,2001-08-22,en,Released
4735,10016,28000000,14010832,98,8.3056,5.162,1285,2001-08-14,en,Released
4736,26602,34000000,19693891,104,4.854,5.415,227,2001-08-22,en,Released
4738,22230,0,688510,110,2.9944,6.813,148,2000-01-25,en,Released
4740,13966,0,0,104,2.6962,5.458,107,2000-06-02,en,Released
4741,742,0,0,106,2.9926,7.025,278,2000-08-25,sv,Released
4743,15104,0,4634077,103,2.879,6.393,57,2001-08-24,en,Released
4744,8922,10000000,59217789,90,14.4409,6.5,3422,2001-07-01,en,Released
4745,11065,0,16017403,95,4.0557,5.928,314,2001-08-31,en,Released
4748,16314,6500000,29000301,96,6.4944,5.755,493,1992-08-07,en,Released
4749,18885,20000000,11798854,93,5.0203,5.65,339,1994-02-25,en,Released
4750,40508,0,413479,85,4.5907,5.19,226,1995-04-07,en,Released
4754,16307,810000,885371,93,10.2049,7.328,1730,1973-12-06,en,Released
4756,11370,40000000,27053815,104,7.2745,5.265,253,2001-09-07,en,Released
4757,12508,57000000,19334145,105,5.9038,6.728,837,2001-09-04,en,Released
4759,25462,13000000,22391450,90,3.9097,6.522,97,2001-09-07,en,Released
4765,18734,700000,1667192,97,3.6456,6.76,148,2001-09-07,en,Released
4766,44321,0,0,101,2.0001,7.154,208,2000-09-20,es,Released
4769,58062,0,0,122,2.1828,7.4,35,2000-09-15,en,Released
4770,2176,30000000,23619609,107,9.1406,5.975,1138,2001-09-14,en,Released
4771,20857,32000000,40222729,106,4.8022,6.493,582,2001-09-14,en,Released
4772,22617,2000000,1075504,99,3.2828,7.042,86,2000-09-01,en,Released
4773,75386,0,251058,88,1.0286,6.455,11,2001-09-07,en,Released
4774,2185,40000000,8493890,85,6.2845,6.128,341,2002-04-05,en,Released
4775,10696,22000000,5271666,104,4.6754,4.3,173,2001-09-21,en,Released
4776,2034,45000000,104900000,122,19.1694,7.53,6843,2001-10-05,en,Released
4777,21538,0,38170,92,2.0661,6.858,62,2001-09-21,en,Released
4780,48834,0,0,90,1.5146,6.3,41,2001-01-23,en,Released
4782,31016,1000000,2402459,107,3.7981,6.069,80,2001-11-23,en,Released
4783,32567,0,2452566,97,2.5829,6.967,46,2000-09-02,en,Released
4784,12537,8000000,26890068,124,6.374,6.47,248,1981-08-28,en,Released
4785,9028,0,500000,107,4.7411,7.479,478,1968-11-22,it,Released
4786,16180,0,0,95,3.0384,6.7,291,1973-06-15,en,Released
4787,11521,10000000,25010896,99,4.4577,6.594,360,1991-09-06,en,Released
4788,21028,900000,2500000,142,4.3688,7.557,300,1980-02-11,ru,Released
4789,27327,1300000,250000,92,7.8214,7.5,780,1974-10-31,en,Released
4792,29756,0,0,85,3.09,5.793,169,1960-05-16,en,Released
4794,20115,8000000,0,107,4.9136,6.749,544,1987-12-19,it,Released
4795,30295,0,12500000,118,4.0717,7.049,206,1964-12-10,en,Released
4796,25767,0,6000000,104,3.558,6.393,148,1960-12-23,en,Released
4798,22874,0,0,100,2.264,6.635,208,1958-07-16,en,Released
4799,11576,9400000,60000000,192,7.3413,6.978,718,1963-11-07,en,Released
4800,43860,0,0,80,1.6086,5.4,28,1937-06-17,en,Released
4801,43802,0,0,117,3.6915,7.508,199,1941-08-29,en,Released
4802,9660,0,6800000,124,4.6341,7.235,430,1959-12-05,en,Released
4803,15393,725000,10600000,102,5.9602,6.582,588,1971-10-01,en,Released
4804,248,2900000,5000000,136,3.4535,7.3,189,1961-12-18,en,Released
4808,1644,0,14543394,109,5.6258,6.17,583,1993-02-05,en,Released
4809,12502,10000000,35616970,131,4.7153,6.937,367,1983-12-14,en,Released
4810,66092,3000000,0,96,2.5511,5.9,41,1977-07-14,en,Released
4811,10373,2500000,1050000,120,3.6833,7.008,301,1979-09-14,en,Released
4812,13766,18000000,9697739,107,3.2423,5.884,216,1986-06-06,en,Released
4813,16380,936000,1600000,83,2.7031,6.36,210,1951-09-14,en,Released
4814,12103,50000000,100020092,113,10.4207,6.274,1120,2001-09-28,en,Released
4815,11313,31000000,24185781,101,6.0889,6.773,645,2001-09-28,en,Released
4816,9398,28000000,60780981,89,11.6525,6.233,5097,2001-09-28,en,Released
4818,45864,0,1,93,1.7626,5.25,18,2001-09-28,en,Released
4821,10866,23000000,36642838,98,9.0345,6.5,1420,2001-10-05,en,Released
4822,34549,25000000,18634654,86,3.0375,5.87,177,2001-10-05,en,Released
4823,9778,28000000,77516304,90,13.442,6.984,2214,2001-10-05,en,Released
4825,58429,0,103215,101,2.9943,6.849,172,2001-04-12,es,Released
4826,16121,4500000,7206220,113,5.2191,6.699,356,1980-05-28,en,Released
4827,40220,300000,0,82,2.1526,4.933,126,1980-11-07,en,Released
4828,166,0,0,110,5.5167,6.598,1233,1980-12-17,fr,Released
4830,1623,9000000,37121708,131,5.3411,7.093,530,1980-06-20,en,Released
4831,40932,0,0,124,2.9342,4.9,71,1980-06-20,en,Released
4833,13550,7600000,12000000,107,7.3263,6.983,749,1980-03-28,en,Released
4835,16769,15000000,67182787,125,4.7395,7.216,290,1980-03-07,en,Released
4836,42158,0,0,123,2.0184,6.114,22,1980-12-03,en,Released
4840,1716,0,0,131,4.7411,7.209,534,1980-09-17,fr,Released
4844,3172,75000000,67631903,123,7.7084,6.294,1156,2001-10-12,en,Released
4845,17708,11000000,23978402,86,3.8445,4.455,189,2001-10-12,en,Released
4846,12780,11000000,14694904,90,3.7674,7.41,339,1993-09-03,cn,Released
4847,570,0,766000,86,5.0663,6.162,262,2001-03-07,fr,Released
4848,1018,15000000,20289986,147,22.2414,7.8,7298,2001-06-06,en,Released
4849,25641,5250000,595005,109,2.7196,6.563,72,2001-10-12,en,Released
4850,16767,0,25824,90,2.3927,6.1,115,1998-09-05,ja,Released
4852,11380,10000000,7316658,97,4.0778,4.992,183,2001-10-24,en,Released
4855,984,4000000,35976000,102,11.5921,7.453,2848,1971-12-23,en,Released
4857,14811,9000000,83304330,181,7.6594,7.736,670,1971-11-03,en,Released
4860,55727,0,4561346,105,1.8685,5.086,29,1984-05-18,en,Released
4862,9585,0,14789113,116,5.6349,6.883,372,1991-01-11,en,Released
4863,14267,25000,9118,98,2.7713,6.908,240,1976-02-15,en,Released
4864,45929,0,0,95,1.7183,6.1,10,1992-10-12,en,Released
4865,768,35000000,74558115,122,8.6946,6.686,3091,2001-02-08,en,Released
4866,2100,72000000,27642707,131,10.824,7.165,1488,2001-10-19,en,Released
4867,11091,48000000,35700000,131,7.128,6.752,493,2001-10-19,en,Released
4871,18192,0,645418,106,1.6254,6.5,33,2001-10-19,en,Released
4873,9081,2000000,3176880,101,4.5878,7.473,985,2001-10-19,en,Released
4874,167,48000000,50315140,120,10.296,7.207,2869,2001-10-26,en,Released
4876,9378,42000000,68467960,91,12.8795,6.311,2461,2001-10-25,en,Released
4877,27444,0,0,84,1.8854,5.903,38,2000-11-09,en,Released
4878,141,4500000,7500000,114,17.9194,7.761,13766,2001-01-19,en,Released
4879,10034,0,0,86,4.0681,6.088,74,2001-07-16,en,Released
4880,11457,18000000,23903791,125,5.7371,7.105,463,2001-10-25,en,Released
4881,10778,20000000,18918721,116,7.9872,7.5,1818,2001-10-26,en,Released
4883,67385,0,0,133,1.3898,6.4,26,2000-08-30,fr,Released
4885,11456,75000000,54300000,89,5.1768,5.763,481,2001-10-28,en,Released
4886,585,115000000,579700000,92,44.0988,7.857,20274,2001-11-01,en,Released
4887,10796,49000000,72689126,87,11.1329,6.137,1814,2001-11-02,en,Released
4888,23949,100000,490475,87,2.6325,6.907,256,2001-11-02,en,Released
4889,11088,35000000,28500000,107,5.2905,6.324,639,2001-11-09,en,Released
4890,9889,40000000,141069860,114,10.6234,6.183,3259,2001-11-01,en,Released
4893,45964,1500000,25000000,97,3.3316,6.2,306,1979-08-24,en,Released
4896,671,125000000,1029374615,152,58.3307,7.903,30263,2001-11-16,en,Released
4898,20794,6000000,2025238,95,3.3875,6.056,170,2001-11-23,en,Released
4899,11469,50000000,33422806,95,9.9736,5.483,1263,2001-11-21,en,Released
4900,14369,24000000,14782676,89,3.9565,5.9,197,2001-11-21,en,Released
4901,1535,115000000,143049560,126,9.9478,6.921,2446,2001-11-18,en,Released
4902,1433,4500000,6582065,108,7.3585,7.307,1422,2001-04-20,es,Released
4903,1999,1700000,44800000,131,4.8724,6.932,419,2001-11-23,en,Released
4909,12472,0,0,88,3.4753,5.4,124,1981-01-30,en,Released
4911,11834,500000,490000,105,3.8796,6.036,335,1977-03-28,en,Released
4912,16085,14100000,58707416,155,5.4412,7.147,443,1968-09-19,en,Released
4914,269,80000,0,90,8.3541,7.482,2091,1960-03-16,fr,Released
4915,16441,8000000,14056528,118,6.7855,6.3,481,1982-08-16,en,Released
4916,11422,4000000,100000000,132,9.2125,6.616,341,1976-06-18,en,Released
4917,31037,9000000,16300000,130,3.6724,6.237,97,1977-07-15,en,Released
4919,10656,2000000,0,104,3.6558,6.502,531,1985-04-10,fr,Released
4920,32847,877000,4177000,117,3.2249,7.4,238,1942-10-22,en,Released
4921,39938,424000,4140000,115,3.8799,6.815,157,1933-11-24,en,Released
4925,14584,0,0,92,2.7814,6.3,109,1978-06-23,en,Released
4926,58886,0,0,97,1.2562,5.5,36,2000-04-12,nl,Released
4927,72277,825000,2124250,106,3.2696,6.67,218,1977-12-15,en,Released
4928,5781,0,2864,103,6.0127,7.449,465,1977-08-17,fr,Released
4929,23805,28000000,47118057,102,3.5253,5.909,236,1982-12-10,en,Released
4932,11033,6500000,31899000,105,8.0057,6.949,1167,1980-07-25,en,Released
4936,3537,8500000,42000000,134,6.0515,6.436,533,1980-05-16,en,Released
4939,8738,12000000,16647800,103,7.3606,6.6,699,1980-01-31,en,Released
4941,3604,35000000,27100000,111,9.4498,6.276,1140,1980-12-05,en,Released
4942,6974,190000,0,83,2.692,5.5,83,1959-11-23,en,Released
4945,10649,9000000,46236000,96,8.211,6.726,1026,1976-12-16,en,Released
4946,42566,0,7680000,106,3.6872,5.278,126,1981-08-14,en,Released
4947,17689,5500000,26400000,109,6.6657,6.538,629,1977-12-17,en,Released
4951,10847,0,13985225,91,6.3337,6.394,664,1990-03-16,en,Released
4952,33525,0,0,90,2.4456,4.851,47,1985-03-29,en,Released
4953,27591,450000,3000000,90,3.8541,5.3,87,1977-07-06,en,Released
4954,299,0,2800000,127,6.3924,6.378,423,1960-08-10,en,Released
4956,42160,0,0,131,3.4884,6.598,174,1980-11-03,en,Released
4957,10650,22000000,150000000,117,8.8168,6.549,1041,1983-12-08,en,Released
4958,8007,40000000,91753202,106,10.1023,6.454,1717,2001-11-30,en,Released
4959,19076,30000000,1198113,118,2.9489,5.616,95,2001-11-30,en,Released
4961,50562,0,411897,80,3.3887,5.941,34,2001-01-20,en,Released
4962,13503,38000000,763740,90,2.9439,5.9,128,2001-11-30,en,Released
4963,161,85000000,450717150,116,40.5052,7.465,12906,2001-12-07,en,Released
4964,43774,0,0,90,2.0616,7.483,89,2001-01-31,fa,Released
4965,31064,0,0,84,2.3522,5.6,42,2001-09-13,en,Released
4966,31682,750000,0,81,4.0112,7.5,585,1957-02-22,en,Released
4967,8342,1012153,4858869,98,3.8573,7.505,519,2001-05-12,bs,Released
4969,4886,0,1000000,98,4.2607,7.05,428,1945-10-31,en,Released
4970,228,0,0,108,5.1112,7.297,380,1930-04-01,de,Released
4971,23111,0,25100000,115,4.5021,6.266,233,1984-04-06,en,Released
4973,194,10000000,173921954,122,23.4418,7.92,12665,2001-04-25,fr,Released
4974,11397,16000000,66468332,89,12.7486,5.821,2373,2001-12-07,en,Released
4975,1903,68000000,203388341,136,14.3034,6.828,4849,2001-12-14,en,Released
4976,11889,5500000,16153953,91,4.5842,6.389,226,2001-12-14,en,Released
4977,28171,0,0,85,1.8771,6.228,92,2001-05-11,en,Released
4978,9523,0,15747947,121,2.4934,6.654,234,2001-10-04,en,Released
4979,9428,21000000,71441250,110,11.1238,7.455,5201,2001-10-05,en,Released
4980,1649,20000000,38040268,93,6.7519,6.3,1406,1991-07-19,en,Released
4981,11938,0,1476356,96,3.4891,6.242,225,1986-03-01,en,Released
4985,24264,25000000,58000000,117,6.1155,5.6,164,1984-08-17,en,Released
4987,26978,15000000,16478265,90,4.2459,5.374,144,1983-05-20,en,Released
4988,19209,0,300859,90,3.2999,6.156,109,1987-07-10,en,Released
4989,8386,12000000,31200000,93,7.6682,6.384,1094,2001-12-21,en,Released
4990,12589,25000000,80936232,83,9.0572,6.118,1039,2001-12-14,en,Released
4991,12312,38000000,24500000,99,7.2839,5.73,228,2001-12-21,en,Released
4992,11232,48000000,76019048,118,6.8984,6.352,1522,2001-12-25,en,Released
4993,120,93000000,871368364,179,54.5919,8.445,28387,2001-12-18,en,Released
4994,11086,72000000,37317673,153,7.7752,6.761,868,2001-12-21,en,Released
4995,453,58000000,316791257,135,20.6322,7.852,11405,2001-12-14,en,Released
4998,11414,0,0,96,5.4397,7.142,337,1958-08-14,en,Released
5004,10794,1500000,2900000,99,4.2821,7.287,890,1968-04-04,en,Released
5007,5052,0,0,119,2.7856,6.469,225,1964-09-02,en,Released
5008,37257,3000000,9000000,116,11.9154,8.205,1769,1957-12-17,en,Released
5009,8489,107000000,87812729,157,7.8838,6.742,1926,2001-12-10,en,Released
5010,855,92000000,172989651,145,27.4508,7.399,6600,2001-12-28,en,Released
5011,12660,0,741394,121,2.6516,6.1,193,2001-12-28,en,Released
5012,10269,12000000,30400000,132,3.2115,6.699,271,1983-11-18,en,Released
5013,5279,19800000,87754044,137,8.2384,6.815,1289,2001-12-26,en,Released
5014,10950,22000000,92542418,132,10.2477,7.559,2584,2001-12-28,en,Released
5015,1365,4000000,44900000,113,7.103,6.783,1125,2001-12-26,en,Released
5016,6440,38000000,24690441,111,3.5957,6.394,435,2001-12-18,en,Released
5021,6037,0,32511047,94,5.2313,7.145,932,1976-06-23,en,Released
5023,61418,0,0,106,3.557,6.0,44,1992-05-13,en,Released
5025,11857,18000000,43300000,82,7.1365,6.019,521,2002-01-11,en,Released
5026,6312,29000000,70800000,151,9.2058,6.736,1799,2001-01-31,fr,Released
5027,11595,38000000,153518974,95,8.2253,6.004,1039,1990-06-08,en,Released
5028,24166,0,0,116,1.3333,7.0,123,2001-09-26,zh,Released
5033,10170,21800000,22997992,118,5.7342,6.059,340,1990-12-21,en,Released
5034,18317,0,0,106,2.3936,6.9,110,1991-05-03,en,Released
5039,848,18000000,14110013,108,4.6236,6.567,336,1981-06-26,en,Released
5040,9610,18000000,31042035,103,11.0127,6.135,1739,1984-06-29,en,Released
5041,15035,1200000,760883,82,5.8811,6.685,370,1983-03-25,en,Released
5046,4965,40000000,8694320,102,5.3136,6.127,497,2001-12-03,en,Released
5047,11891,10000000,17000000,81,5.9589,6.546,818,2002-01-25,en,Released
5048,11888,35000000,81000000,99,4.5785,5.611,803,2002-01-18,en,Released
5049,150,12000000,78868508,96,11.267,6.677,1791,1982-12-07,en,Released
5051,112,1000000,16350876,118,2.216,6.4,158,2000-12-07,da,Released
5053,20678,0,0,96,4.7328,5.364,206,1994-08-19,en,Released
5054,15050,18000000,10219460,106,3.6991,6.24,285,1983-09-30,en,Released
5055,10423,14000000,63513743,119,8.0284,6.91,822,1993-05-07,en,Released
5059,57976,0,0,77,1.6664,7.465,101,1997-12-01,en,Released
5060,651,3500000,81600000,116,8.8544,6.9,1196,1970-02-18,en,Released
5062,20620,2500000,1750000,107,4.6184,7.354,455,1966-10-05,en,Released
5063,18647,6000000,4300000,141,4.7091,6.8,262,1961-03-30,en,Released
5064,11362,35000000,75395048,131,12.1961,7.686,2114,2002-01-23,en,Released
5065,2637,32000000,55305279,119,7.985,6.227,1317,2002-01-25,en,Released
5066,10229,11800000,47494916,102,10.6312,7.745,4332,2002-01-25,en,Released
5068,12659,0,0,113,1.834,6.864,88,2001-02-17,zh,Released
5069,68149,,,,,,,,,
5071,35650,0,0,87,3.1948,6.234,199,2000-09-15,fr,Released
5072,9606,15000000,4035384,107,6.3797,7.151,583,2001-05-26,ja,Released
5073,11447,0,11767402,99,3.0768,7.085,563,2001-03-09,it,Released
5074,16550,0,1318945,87,3.3626,6.547,214,2001-11-21,en,Released
5075,13915,555000,0,84,1.2474,5.778,27,2002-01-25,en,Released
5076,34723,6500000,24103594,108,3.9769,6.182,212,1993-04-02,en,Released
5077,31674,13000000,22030000,109,3.3527,6.0,67,1989-02-10,en,Released
5080,20009,14000000,6413915,86,3.0544,5.224,225,2002-02-01,en,Released
5081,2084,13000000,16171098,93,6.8429,5.901,449,2001-09-06,en,Released
5083,74692,5000000,0,99,2.3169,5.3,30,2001-09-09,en,Released
5088,4031,0,0,117,5.8423,6.673,504,1974-03-20,fr,Released
5092,11870,15000000,52970014,88,9.0741,5.894,909,2002-02-08,en,Released
5093,9884,85000000,78382433,108,10.4396,5.771,1546,2002-02-06,en,Released
5094,11535,70000000,25852764,98,4.8324,3.887,529,2002-02-08,en,Released
5095,27593,0,0,104,2.1746,6.032,38,2001-03-15,en,Released
5096,11212,50000000,16671505,99,11.1117,6.421,1511,1994-07-01,en,Released
5099,28345,0,0,88,2.8031,6.96,124,1937-10-15,en,Released
5102,21845,31000000,56500758,103,6.1897,6.197,407,1993-07-07,en,Released
5103,11528,7000000,34348444,101,9.9823,7.563,1383,1993-04-07,en,Released
5105,931,1500000,0,110,8.4756,6.9,1223,1973-10-11,en,Released
5106,17130,12000000,61141030,93,8.8834,5.199,700,2002-02-15,en,Released
5107,10592,70000000,32287044,125,7.5045,6.371,1107,2002-02-15,en,Released
5108,8470,36000000,102244770,116,9.5995,7.16,2733,2002-02-15,en,Released
5109,16690,20000000,109862682,72,12.0939,6.472,2425,2002-02-14,en,Released
5110,39939,3000000,23182223,100,10.2609,6.55,1278,2001-02-15,en,Released
5111,9272,17000000,60613008,87,8.0315,6.776,1087,1993-09-24,en,Released
5112,14778,0,0,109,3.2052,6.0,82,2001-09-10,en,Released
5113,19137,0,0,108,1.9022,6.136,88,1966-09-08,en,Released
5114,32499,1558000,3373000,118,3.7788,7.265,310,1952-12-25,en,Released
5116,33668,0,0,118,3.1737,6.7,83,1957-05-16,en,Released
5120,993,3500000,5750000,138,4.5838,7.699,750,1972-12-10,en,Released
5121,11698,0,0,108,2.518,7.298,312,1977-05-20,de,Released
5127,10052,60000000,52322400,104,7.1869,6.574,965,2002-02-22,en,Released
5128,11979,35000000,45479110,101,9.3586,6.118,1215,2002-02-10,en,Released
5131,13791,7300000,0,107,3.0068,5.9,59,2002-02-22,en,Released
5134,9991,2750000,7310206,99,5.3053,6.252,658,2001-12-26,en,Released
5135,480,1200000,30787356,114,4.3371,6.808,226,2001-08-30,hi,Released
5136,44340,0,0,92,1.6374,4.976,105,2002-02-15,en,Released
5137,18984,0,289536,92,1.2729,7.811,37,2001-11-07,en,Released
5139,23479,9000000,42349782,102,3.3535,6.931,356,1976-04-06,en,Released
5146,15999,0,151086,103,9.4817,7.725,851,2001-04-21,ja,Released
5147,614,0,0,91,7.1136,8.069,1861,1957-08-28,sv,Released
5151,2752,17000000,95146283,94,5.9711,5.473,1264,2002-03-01,en,Released
5152,10590,75000000,114660784,138,9.5956,7.137,2366,2002-03-01,en,Released
5155,22910,0,0,96,2.7982,5.603,87,1972-07-01,en,Released
5156,42517,125000,10000000,95,4.5183,5.628,82,1971-04-30,en,Released
5159,13225,24000000,32710894,76,7.5531,6.412,663,1992-04-10,en,Released
5165,7219,497000,1925000,91,3.3967,6.75,698,1979-08-25,it,Released
5168,18646,1700000,3900000,93,3.2066,6.4,118,1951-03-08,en,Released
5170,13950,14000000,25482931,95,4.6211,5.889,194,2002-03-08,en,Released
5171,2135,80000000,123729176,96,12.4119,6.358,2669,2002-03-04,en,Released
5177,965,0,0,88,3.6673,7.331,494,1942-07-10,en,Released
5178,33135,0,0,105,1.3471,5.661,28,1994-10-12,en,Released
5181,54287,0,6000000,97,2.2249,5.2,83,1980-07-01,en,Released
5187,32030,0,0,104,3.6895,7.008,188,1980-09-26,en,Released
5189,29343,0,0,80,2.9706,5.729,282,1980-05-01,en,Released
5197,27458,0,0,94,3.5285,6.5,106,1980-03-21,en,Released
5198,14807,1000000,500000,114,5.6049,7.183,451,1980-11-01,en,Released
5202,39543,0,0,126,2.7921,7.005,216,1980-05-21,fr,Released
5205,30924,3000000,6342668,102,2.7501,5.783,274,1980-08-14,en,Released
5209,24549,,,,,,,,,
5212,24825,4000000,18971000,104,3.2773,5.06,159,1980-08-14,en,Released
5213,38147,0,0,94,2.4665,5.479,47,1980-10-03,en,Released
5214,24032,0,41687243,98,2.746,6.426,142,1977-10-07,en,Released
5218,425,59000000,383257136,81,33.8313,7.384,14646,2002-03-14,en,Released
5219,1576,33000000,102984862,100,21.486,6.672,7170,2002-03-15,en,Released
5220,5851,85000000,77885672,95,5.15,5.564,1113,2002-03-14,en,Released
5221,25014,0,0,130,2.9104,6.511,88,2000-09-23,en,Released
5222,15647,1000000,10013424,97,2.5529,6.043,258,2002-03-13,en,Released
5224,38880,0,0,106,1.3455,7.524,41,2001-07-06,en,Released
5225,1391,5000000,33600000,106,11.399,7.439,1830,2001-06-08,es,Released
5226,18172,5600000,17233166,91,6.1645,5.8,304,1983-10-21,en,Released
5231,31805,0,7600000,82,2.3511,6.9,84,1942-11-10,en,Released
5237,10627,14000000,35900000,126,5.5787,6.727,311,1981-12-20,en,Released
5238,42750,0,0,104,1.5025,6.5,65,1980-04-11,en,Released
5239,27930,0,0,133,1.4609,6.4,34,1980-07-25,en,Released
5240,259557,0,0,96,1.8428,4.889,9,1980-11-01,en,Released
5241,28124,0,43995918,102,3.1725,6.268,166,1980-12-19,en,Released
5244,15119,0,0,85,4.014,6.9,196,1980-11-11,en,Released
5246,12705,17000000,66100000,101,6.341,5.557,326,1980-08-15,en,Released
5247,11006,4300000,126700000,96,8.845,7.01,834,1977-05-27,en,Released
5248,15120,9000000,7000000,85,4.9025,4.386,185,1983-08-12,en,Released
5250,21629,10000000,101300000,111,5.1028,6.524,497,1980-12-12,en,Released
5254,36586,54000000,155010032,117,17.7361,6.572,5412,2002-03-22,en,Released
5255,6020,12000000,12517488,93,4.5775,5.772,281,2002-03-22,en,Released
5256,39541,1800000,163348,91,2.0672,6.271,35,2002-03-22,en,Released
5258,18292,42000,241816,90,2.1603,6.709,129,2000-10-27,en,Released
5264,15028,26000000,38793283,94,4.8178,5.3,362,2002-03-29,en,Released
5265,9275,55000000,8400000,109,5.7157,5.94,463,2002-03-29,en,Released
5266,4547,48000000,197100000,111,14.0261,6.8,5578,2002-03-29,en,Released
5267,14635,20000000,75597042,127,5.4497,6.804,508,2002-03-25,en,Released
5268,29135,5000000,62703,102,2.1172,6.0,69,2002-03-29,en,Released
5269,1791,6200000,6766708,131,16.4695,7.262,1344,2001-09-05,fr,Released
5272,35651,0,0,134,1.8038,6.707,94,2001-09-10,fr,Released
5275,22784,600000,0,89,4.5174,5.756,258,1972-06-14,en,Released
5278,24585,0,3333306,94,2.8782,5.217,75,1985-12-04,en,Released
5279,17990,0,0,107,3.138,6.1,68,1991-04-12,en,Released
5282,11560,42000000,63781810,115,10.3246,6.334,913,2002-04-05,en,Released
5283,11452,6000000,39241323,92,9.5851,6.042,2004,2002-03-29,en,Released
5284,18435,0,0,112,2.6159,5.683,52,2002-06-07,en,Released
5285,35944,0,0,107,2.3402,6.282,39,2001-08-24,en,Released
5288,26851,300000,22293,86,2.2373,7.329,77,1982-03-17,en,Released
5291,548,250000,117668,88,8.726,8.0,2614,1950-08-26,ja,Released
5292,11590,6000000,28000000,123,5.7102,6.778,465,1977-02-25,en,Released
5293,1537,45000000,94935764,98,8.4145,6.287,1261,2002-04-07,en,Released
5294,12149,11000000,17400000,100,8.3614,6.952,1406,2002-04-12,en,Released
5296,11812,43000000,68696770,84,7.6636,5.618,1216,2002-04-12,en,Released
5297,35080,7000000,3646994,114,4.3365,5.8,137,2002-04-12,en,Released
5298,441,6000000,1600000,96,4.0241,5.982,305,2001-09-12,en,Released
5299,8346,5000000,368744044,95,9.0009,6.494,2350,2002-04-19,en,Released
5300,14168,0,1850000,92,6.9999,7.282,438,1957-08-07,en,Released
5303,2565,25000000,39400000,102,5.2287,5.815,603,1990-03-09,en,Released
5304,307,20000,1000000,104,5.386,8.008,1002,1945-10-08,it,Released
5307,6393,14000000,20000000,108,5.0929,6.304,191,1990-08-16,en,Released
5308,12154,11000000,242780960,102,7.0225,6.17,1138,1987-11-27,en,Released
5309,11630,0,71600000,104,4.3358,5.846,596,1990-11-21,en,Released
5311,21970,9000000,5000000,83,3.32,5.914,157,1980-04-17,en,Released
5312,11892,50000000,56714147,120,7.9305,6.164,1217,2002-04-19,en,Released
5313,9334,60000000,165333180,92,15.6615,5.581,3462,2002-04-18,en,Released
5316,10491,0,15705007,119,3.1292,6.281,361,2001-01-22,en,Released
5319,18079,1300000,12413888,114,4.626,7.789,857,2000-08-31,es,Released
5321,35337,0,0,112,2.3915,6.1,21,2001-09-07,en,Released
5322,59199,0,0,103,1.9692,4.1,25,2002-04-19,en,Released
5323,11470,11000000,17077882,91,8.1619,4.864,1565,2001-11-09,en,Released
5324,16643,40000000,16872671,103,5.4916,5.707,652,2002-04-24,en,Released
5325,1282,0,0,90,2.3449,7.049,173,2002-05-10,en,Released
5328,69324,0,0,92,1.1897,5.696,23,2001-09-01,en,Released
5329,11468,18000000,1073198,103,6.5071,6.612,378,2002-02-12,en,Released
5333,26030,0,41010,103,2.8585,7.264,305,1956-08-24,fr,Released
5334,10164,0,27575086,97,4.3147,5.794,310,1990-05-18,en,Released
5337,28117,18000000,5546827,96,3.3989,5.697,175,1991-08-09,en,Released
5338,40555,0,0,95,2.8437,6.114,22,1988-11-23,en,Released
5339,28384,0,0,108,4.6511,6.988,510,1992-09-18,en,Released
5341,27094,0,0,112,3.5516,7.305,325,1974-11-10,en,Released
5345,56179,0,0,120,3.6386,6.5,63,1989-12-08,en,Released
5346,5203,7000000,11060485,105,10.4358,5.268,306,1989-12-22,en,Released
5347,13201,10000000,6282446,96,4.6622,5.5,110,2002-05-03,en,Released
5348,9689,16000000,14569236,112,5.8801,6.504,545,2002-05-03,en,Released
5349,557,139000000,821708551,121,48.6398,7.356,21453,2002-05-01,en,Released
5353,55106,0,0,109,2.2292,6.761,90,1972-07-06,en,Released
5356,39154,300000,15000000,80,2.7041,4.097,98,1975-10-16,en,Released
5357,24767,0,21006361,108,4.2707,6.727,341,1994-01-14,en,Released
5358,33796,18000000,4011793,136,4.2987,6.6,89,1990-02-16,en,Released
5361,12227,14000000,34793160,107,6.9202,6.749,681,1991-01-18,en,Released
5363,10985,13000000,31200000,88,7.8018,6.0,680,2002-05-10,en,Released
5364,2251,50000000,119137784,124,19.8291,6.726,1799,2002-05-10,en,Released
5365,2894,0,0,129,2.0659,6.4,39,2001-09-07,fr,Released
5372,14117,0,0,101,4.239,6.967,199,1953-11-04,en,Released
5373,38360,0,0,97,3.3599,7.914,472,1957-10-12,ru,Released
5375,28907,0,0,104,2.9443,6.6,55,1946-01-18,en,Released
5377,245,27000000,129000000,101,10.3358,6.696,2470,2002-04-26,en,Released
5378,1894,120000000,649398328,142,18.2228,6.597,14705,2002-05-15,en,Released
5379,4012,1500000,1309316,98,5.7237,6.87,694,2001-08-23,en,Released
5380,9026,15000000,17300000,97,4.6424,6.8,518,2002-05-17,en,Released
5382,15417,5000000,85196485,110,7.2104,6.117,531,1978-12-16,en,Released
5384,28577,0,0,120,3.25,6.955,122,1958-11-18,en,Released
5385,13963,0,321952,117,4.1353,7.659,320,1978-04-26,en,Released
5387,1957,38000000,51800000,114,9.6123,6.646,1270,2002-05-21,en,Released
5388,320,46000000,113714830,118,13.179,6.953,5541,2002-05-24,en,Released
5389,9023,80000000,122563539,83,18.7333,7.708,5024,2002-05-24,en,Released
5390,27834,7000000,499891,88,5.4878,5.9,76,2001-05-12,en,Released
5391,17734,0,0,104,3.4443,6.25,110,2001-09-02,en,Released
5397,24008,0,2000000,97,4.7549,6.682,305,1952-09-03,en,Released
5398,53229,1100000,0,95,2.9228,7.169,86,1962-10-16,en,Released
5400,4614,68000000,193921372,124,15.9339,6.375,2040,2002-05-31,en,Released
5401,12277,25000000,41604473,86,5.7307,5.938,456,2002-05-31,en,Released
5404,15677,0,2538291,100,4.1045,7.2,232,1987-02-13,en,Released
5409,13153,10000000,14356479,95,5.5639,6.442,266,1992-08-21,en,Released
5410,811,1000000,0,89,5.2049,6.383,665,1972-03-09,en,Released
5414,3132,70000000,65977295,116,7.4298,5.502,888,2002-06-07,en,Released
5415,9583,27000000,73839240,116,5.259,6.049,265,2002-06-07,en,Released
5416,18408,0,0,99,2.0646,6.047,43,2002-01-17,en,Released
5417,13245,1934000,3786801,172,2.0565,6.795,83,2002-02-01,iu,Released
5418,2501,60000000,214034224,119,20.1794,7.5,10391,2002-06-14,en,Released
5419,9637,84000000,275650703,87,12.4942,6.115,4890,2002-06-14,en,Released
5420,12100,115000000,77600000,134,8.1134,6.4,1472,2002-06-07,en,Released
5421,16857,12000000,2036599,104,3.2818,6.682,187,2002-06-14,en,Released
5422,52258,0,0,107,2.4279,6.8,45,2001-08-11,en,Released
5423,10394,0,30915,103,3.2465,6.377,248,2000-06-09,en,Released
5424,27451,0,0,99,2.5628,4.7,50,2001-08-01,en,Released
5425,15813,5000000,0,112,2.9748,6.932,95,2001-05-17,cs,Released
5427,18905,0,15965324,91,4.2596,6.692,203,1981-04-17,en,Released
5428,14774,0,0,91,2.9237,4.9,82,1984-07-27,en,Released
5433,17898,7000000,12400000,95,5.9282,6.7,725,1985-10-10,en,Released
5434,21635,0,0,89,3.508,6.775,218,1948-09-24,en,Released
5435,27945,5860000,12000000,111,4.4709,7.1,251,1967-03-21,en,Released
5437,30194,18000000,3900000,118,2.3638,6.211,121,1986-06-13,en,Released
5438,10169,9000000,16200000,99,5.2308,5.681,442,1990-08-24,en,Released
5440,13909,1600000,5400000,104,3.8855,6.918,419,1949-10-22,en,Released
5442,41805,0,0,89,3.8147,4.8,115,1991-07-26,en,Released
5443,35696,15600000,0,91,2.8786,5.146,113,2002-06-21,en,Released
5444,11544,80000000,273144151,85,26.4142,7.558,7250,2002-06-21,en,Released
5445,180,102000000,358372926,145,20.7802,7.354,9947,2002-06-20,en,Released
5446,9555,6000000,16200000,94,3.9661,7.005,403,2002-02-04,en,Released
5447,57022,0,3369654,141,2.0195,6.42,44,2002-06-21,en,Released
5448,17710,3000000,15249308,76,4.3129,6.517,382,2002-06-28,en,Released
5449,2022,50000000,171269565,97,11.5484,5.931,2602,2002-06-28,en,Released
5450,50035,250000,4186931,92,2.977,6.054,92,2002-08-02,en,Released
5451,9719,0,308108,118,2.1779,5.777,119,2002-06-28,en,Released
5452,11982,22000000,10340263,96,7.999,5.378,1128,1993-11-05,en,Released
5454,12251,17000000,40227006,97,3.0545,5.584,160,1992-07-24,en,Released
5455,88818,0,5136192,103,3.6152,5.184,49,1991-04-12,en,Released
5456,30114,0,4412297,107,3.8514,4.9,111,1994-08-16,en,Released
5458,21972,30000000,62300000,99,6.4141,6.097,581,2002-07-03,en,Released
5459,608,140000000,445135288,88,23.6484,6.391,10904,2002-07-03,en,Released
5460,59387,11000000,16426471,74,5.8478,6.8,362,2002-07-03,en,Released
5461,26290,0,0,107,2.4989,6.444,63,2001-11-01,en,Released
5462,17043,12000000,33082548,90,3.5926,5.397,116,2002-07-26,en,Released
5463,6278,60000000,82150183,101,12.298,6.2,2545,2002-07-09,en,Released
5464,4147,80000000,181001478,117,13.9177,7.362,4121,2002-07-12,en,Released
5465,16664,1250000,6776921,146,6.9955,7.5,321,2001-10-06,ja,Released
5466,14651,0,0,95,3.3676,6.101,75,2001-11-14,fr,Released
5468,15096,0,0,82,3.1648,6.3,174,1957-06-01,en,Released
5470,20324,0,0,95,2.2252,7.2,126,1952-06-02,en,Released
5471,49370,19000000,12918858,115,3.5727,5.616,207,1985-05-15,en,Released
5472,14902,6000000,2800000,141,3.6517,6.9,89,1972-11-09,en,Released
5475,2721,0,83305,122,4.3707,7.806,651,1969-02-26,fr,Released
5476,11442,13000000,37664958,89,7.3473,4.604,1450,2002-07-01,en,Released
5477,1364,0,7640680,128,9.0133,6.699,663,2001-08-24,es,Released
5478,8869,30000000,45900000,99,9.9874,5.8,1390,2002-07-17,en,Released
5479,8665,100000000,65700000,138,8.7133,6.581,1235,2002-07-19,en,Released
5480,10996,120000000,169956806,78,8.9788,5.774,2588,2002-07-19,en,Released
5481,818,63000000,296938801,94,13.6904,6.02,3548,2002-07-26,en,Released
5483,29047,40000,1434436,93,2.5486,6.632,102,2002-08-16,en,Released
5485,39141,150000,2891288,79,3.3143,5.7,108,2002-07-19,en,Released
5486,33152,9000000,253000,92,3.789,5.9,66,2001-09-12,en,Released
5489,6404,1400000,3451,107,7.1835,7.3,1124,1979-01-17,de,Released
5490,19133,0,0,88,3.9757,5.349,116,1976-06-23,en,Released
5493,24130,3775000,11000000,114,3.1004,6.2,89,1967-03-15,en,Released
5497,23728,0,0,108,3.1353,6.452,135,1966-01-16,en,Released
5498,3780,650000,1110000,185,6.7065,8.2,428,1965-03-04,ja,Released
5499,10786,5000000,0,106,3.8563,6.304,280,1976-03-11,en,Released
5500,8764,9000000,20500000,90,7.6521,7.105,1474,1984-06-22,en,Released
5501,13908,16000000,43400000,80,6.0668,4.016,345,2002-08-02,en,Released
5502,2675,72000000,408200000,106,15.1046,6.732,6555,2002-08-02,en,Released
5503,12308,0,0,115,3.312,6.36,538,2001-02-01,it,Released
5504,9488,38000000,119723358,100,13.6913,5.65,2400,2002-08-07,en,Released
5505,9962,8000000,16900000,93,6.5147,6.2,700,2002-08-07,en,Released
5506,9573,50000000,31794718,110,6.4683,6.21,925,2002-08-09,en,Released
5507,7451,70000000,277448382,124,16.1556,5.987,5029,2002-08-09,en,Released
5508,2750,0,2802899,117,4.1459,6.973,536,2002-02-13,en,Released
5512,43772,0,0,105,1.239,6.0,17,2001-09-04,fa,Released
5513,20337,3000000,19184015,113,1.9022,5.295,22,2002-08-02,en,Released
5515,34070,0,80334,99,3.1757,7.042,325,2000-10-06,sv,Released
5521,10081,11000000,19734940,109,5.558,6.45,317,1987-09-18,en,Released
5522,11484,6000000,30000000,125,5.8459,6.264,645,1975-06-25,en,Released
5523,11692,100000000,7103973,95,6.0205,4.374,558,2002-08-16,en,Released
5524,9266,25000000,51842679,104,5.4625,5.995,583,2002-08-16,en,Released
5525,3640,0,4160475,106,3.0434,6.7,116,2001-09-09,de,Released
5527,30072,25000000,10113733,102,4.6125,5.977,197,2002-08-16,en,Released
5528,9357,12000000,52223306,96,7.7596,6.668,1992,2002-08-21,en,Released
5529,12771,29000000,16930185,100,5.3308,5.367,353,2002-08-23,en,Released
5530,9296,10000000,19576023,117,4.8043,6.004,1042,2002-08-23,en,Released
5531,15070,20000000,14946150,96,10.7213,6.5,861,2002-07-17,en,Released
5532,26942,0,0,87,1.8289,5.111,18,2001-03-08,en,Released
5537,97447,0,3314254,100,1.4177,6.4,13,2002-05-16,fr,Released
5538,11243,2000000,34000000,76,3.7922,6.296,164,1985-03-23,en,Released
5539,19975,3400000,12000000,76,2.852,6.3,83,1986-03-21,en,Released
5540,10323,12000000,41092328,118,10.607,6.9,895,1981-06-12,en,Released
5541,9595,26000000,181096164,85,13.4728,6.584,2548,1991-07-31,en,Released
5543,46878,21000000,7700000,116,3.4784,5.022,209,1978-06-26,en,Released
5544,24750,0,13000000,112,5.2254,6.8,400,1979-09-28,en,Released
5548,9941,14000000,62134225,103,4.9936,5.914,290,1986-01-31,en,Released
5550,39833,1200000,9000000,89,2.973,6.165,97,1956-11-15,en,Released
5553,10859,14500000,65673233,116,3.7621,6.484,470,1987-08-05,en,Released
5556,9544,40000000,18902015,101,6.2336,3.828,425,2002-08-09,en,Released
5560,31514,0,0,95,2.2879,6.967,122,1931-12-18,fr,Released
5562,26056,0,70569,113,1.2518,5.818,17,2001-09-13,en,Released
5563,13536,40000000,22433915,108,4.7097,5.802,397,2002-09-06,en,Released
5564,20616,8500000,34411240,84,3.0689,5.259,299,2002-09-06,en,Released
5568,16806,9000000,17000000,90,3.0607,6.298,220,1984-12-21,en,Released
5569,15516,90000,0,84,5.1007,6.029,812,1972-08-30,en,Released
5570,9299,0,2647055,125,6.4863,7.493,984,1996-04-11,es,Released
5572,10611,12000000,77063924,102,6.4752,6.446,559,2002-04-01,en,Released
5573,12770,25000000,14277032,85,3.5736,4.869,153,2002-09-13,en,Released
5574,4108,21000000,43900000,92,18.9355,6.729,6004,2002-10-02,en,Released
5575,55903,0,0,103,1.8671,6.133,30,2001-09-01,fr,Released
5577,9685,9000000,4777465,97,3.5933,6.581,360,2002-09-13,en,Released
5580,16370,0,8041049,113,1.938,5.963,40,1993-01-22,en,Released
5581,18913,0,19740070,94,3.2551,5.713,54,1990-06-22,en,Released
5582,14361,24000000,22518097,100,5.0114,5.6,332,1992-09-18,en,Released
5584,18943,0,25029791,81,3.3555,5.046,183,1990-04-06,en,Released
5585,32685,0,0,91,3.0282,5.358,218,1991-10-11,en,Released
5588,12262,350000,25000000,90,5.2476,6.161,1033,1977-07-22,en,Released
5589,33506,0,0,97,2.3585,6.273,75,1993-04-23,en,Released
5590,29515,0,0,110,2.3832,6.4,67,1973-04-04,en,Released
5591,41582,0,16453258,96,4.7535,5.709,222,1994-03-18,en,Released
5596,34086,3000000,15369573,100,3.6986,4.787,89,1990-04-27,en,Released
5597,11504,11000000,8000000,88,4.3361,4.708,209,1991-10-04,en,Released
5601,19049,0,0,128,2.4667,6.672,107,1946-12-18,en,Released
5602,5506,0,0,91,4.0164,7.277,575,1955-12-08,en,Released
5603,32961,0,31288,78,3.823,7.183,298,1951-06-28,en,Released
5604,32568,0,0,85,3.5358,6.886,215,1951-08-07,en,Released
5607,19460,0,0,123,2.1316,7.488,241,2001-08-16,es,Released
5608,575,0,13782896,120,6.3765,7.425,1266,2001-03-08,de,Released
5609,10550,70000000,19924033,91,5.2024,4.351,406,2002-09-20,en,Released
5610,9034,10000000,38068353,98,2.6719,5.665,272,2002-09-20,en,Released
5611,9093,35000000,29882645,132,4.2572,6.645,612,2002-09-08,en,Released
5612,9039,30000000,13414416,106,6.1857,6.151,632,2002-09-20,en,Released
5613,1958,8000000,42400000,111,4.7618,6.898,1095,2002-02-06,fr,Released
5614,23550,0,500930,106,2.6465,7.286,605,2001-03-16,it,Released
5615,68569,0,0,133,3.4355,6.2,61,2001-12-02,en,Released
5617,11013,4000000,9300000,111,14.7696,6.799,2008,2002-09-20,en,Released
5618,129,19000000,274925095,125,44.8917,8.535,18927,2001-07-20,ja,Released
5619,54714,0,0,80,1.4714,6.914,29,2002-09-25,en,Released
5620,11529,30000000,180622424,108,8.2303,6.424,1786,2002-09-26,en,Released
5621,10771,60000000,104400000,99,16.7038,5.738,2241,2002-09-27,en,Released
5625,31005,21000000,10011050,117,3.8125,6.3,245,2002-09-09,en,Released
5628,2110,15300000,10366360,94,6.6831,6.656,1482,2001-10-31,fr,Released
5629,15173,14000000,25615231,82,2.7874,6.2,112,2002-10-04,en,Released
5630,9533,78000000,209196298,124,3.5867,7.048,4867,2002-10-02,en,Released
5632,4107,0,773228,107,4.2239,7.228,372,2002-01-25,en,Released
5633,10575,11000000,4251037,96,3.6353,6.478,299,2002-02-06,en,Released
5635,15720,6500000,2006391,106,4.5215,5.873,67,2001-09-13,en,Released
5636,9260,7000000,4402922,86,3.1093,6.071,255,2002-10-04,en,Released
5637,21828,20000000,2415396,99,2.73,6.721,86,1991-03-20,en,Released
5638,1682,0,10000000,89,4.0057,7.0,356,1964-04-29,ja,Released
5640,18983,25000,2000000,81,5.4431,6.529,290,1956-04-27,en,Released
5643,24348,2500000,589000,100,1.8097,7.233,189,1988-04-29,en,Released
5644,19140,0,0,128,2.9338,7.328,148,1942-07-14,en,Released
5646,37606,33000000,1132112,137,5.6185,6.716,310,1989-11-17,en,Released
5649,11868,104880,3500000,82,5.403,7.3,733,1958-04-21,en,Released
5650,12921,4000000,1913389,90,3.1502,6.039,230,1983-08-26,en,Released
5651,19953,0,0,99,2.9851,6.24,98,1964-03-28,en,Released
5657,12719,0,6488144,108,2.9101,6.368,106,1990-02-02,en,Released
5663,12590,40000000,2622015,105,5.709,6.0,547,2002-08-11,en,Released
5664,37964,8000000,27362712,109,4.3355,6.656,131,2002-10-05,en,Released
5665,7501,15000000,12806614,92,4.4661,6.101,411,2001-11-30,en,Released
5666,1809,4000000,11832822,110,7.2275,6.167,636,2002-10-11,en,Released
5667,13768,15000000,19158074,90,5.5122,6.7,516,2002-10-11,en,Released
5668,10994,16000000,21657770,109,5.814,7.021,432,2002-10-11,en,Released
5669,1430,4000000,35564473,120,5.1945,7.515,1746,2002-10-09,en,Released
5670,19973,0,2744253,82,2.271,6.654,94,2002-10-11,en,Released
5672,12600,0,40807089,80,5.0939,6.488,482,2001-07-07,ja,Released
5673,8051,25000000,24665649,96,11.0421,7.1,2869,2002-10-11,en,Released
5675,12779,10000000,598645,89,5.6803,4.733,323,2002-10-11,en,Released
5678,1613,27000000,12881605,93,6.3666,6.083,696,2001-12-07,en,Released
5679,565,48000000,249348933,115,16.2251,6.708,6878,2002-10-18,en,Released
5680,14112,7000000,2062066,104,3.5584,6.415,224,2002-10-18,en,Released
5682,15192,5000000,621592,108,4.7038,6.58,184,2001-09-13,en,Released
5684,21925,3000000,13000,89,2.879,6.149,161,2002-09-02,en,Released
5685,30309,3000000,7700000,86,3.1667,6.1,105,2002-10-18,en,Released
5688,20861,0,466664,106,1.3453,6.327,26,2002-11-01,en,Released
5689,12647,48000000,15565363,106,4.2796,5.787,249,1991-11-01,en,Released
5690,12477,3700000,842132,89,0.0238,8.45,6819,1988-04-16,ja,Released
5693,11009,3500000,237113184,118,8.8192,6.734,2149,1977-12-16,en,Released
5694,10805,22000000,126041474,96,5.8461,5.816,523,1983-07-11,en,Released
5696,17496,10000000,53300000,132,3.4685,6.475,278,1980-06-06,en,Released
5699,5917,0,9000000,94,2.872,6.401,138,1980-03-28,en,Released
5700,31278,0,0,97,2.2032,2.9,81,1980-02-14,it,Released
5704,44932,150000,0,89,3.8993,5.194,144,1980-09-19,en,Released
5706,30709,0,0,113,4.9132,6.075,60,1981-03-01,en,Released
5707,19429,12000000,40716963,116,3.7298,6.636,261,1981-11-19,en,Released
5710,11340,0,0,96,4.2346,6.684,519,1982-03-24,it,Released
5712,11644,18000000,12000000,108,8.8207,7.4,1752,1981-07-24,en,Released
5720,6399,0,0,102,4.6556,6.9,700,1981-12-09,it,Released
5721,25773,0,0,107,2.0395,7.138,29,1981-08-20,en,Released
5723,26560,0,15578237,103,2.3209,6.095,131,1981-09-18,en,Released
5733,31679,8500000,4500000,103,3.4744,5.6,131,1981-02-13,en,Released
5735,12237,0,0,109,3.5693,4.6,230,1978-11-10,en,Released
5736,15901,5000,0,86,2.3863,3.8,51,1985-03-10,en,Released
5741,12579,0,0,106,4.0243,7.063,349,1981-09-30,fr,Released
5742,85058,0,12480249,98,2.1951,6.155,29,1981-08-21,en,Released
5745,25113,0,50427646,107,2.9578,6.313,75,1981-05-22,en,Released
5746,28893,700000,0,81,4.7546,5.262,267,1981-10-01,en,Released
5747,11646,2600000,17400000,112,3.1812,7.052,572,1981-08-13,en,Released
5749,24634,0,0,110,3.6194,6.045,178,1981-12-18,en,Released
5752,21764,0,7710,91,2.2858,6.78,150,1980-11-29,en,Released
5755,37936,3500000,10600000,110,4.8114,5.985,241,1981-05-15,en,Released
5764,21874,0,3282232,94,3.5486,6.181,138,1981-10-30,en,Released
5767,31407,0,0,110,2.3209,7.784,102,1981-05-04,pl,Released
5768,16471,8000000,26154211,89,2.1039,5.4,98,1981-12-25,en,Released
5771,39874,2200000,5672031,90,4.2134,6.441,574,1981-02-11,en,Released
5772,25468,475000,5250000,112,3.1334,7.5,481,1981-10-11,en,Released
5773,19507,8500000,29916207,95,3.3489,5.6,161,1981-12-18,en,Released
5779,31646,145786,0,94,4.9178,4.287,324,1982-07-13,en,Released
5780,14269,300000,1120000,86,3.678,7.023,197,1981-05-29,en,Released
5782,1672,0,0,108,4.4489,7.187,613,1981-10-21,fr,Released
5784,9645,35000000,71142361,91,12.1719,6.012,2771,2002-10-25,en,Released
5785,9012,5000000,64282312,85,9.7066,6.338,1825,2002-10-25,en,Released
5786,13098,0,3100000,98,5.0654,6.887,256,2002-10-25,en,Released
5787,13440,0,0,104,5.3137,4.875,199,2002-10-25,en,Released
5788,12454,9000000,2847049,128,4.7947,7.067,180,2002-10-18,en,Released
5791,1360,12000000,56298474,123,6.4072,7.382,2219,2002-08-29,en,Released
5792,13441,0,1300000,106,2.4367,6.114,214,2002-05-09,en,Released
5796,12208,12000000,41744718,131,9.7494,5.2,860,1967-04-18,en,Released
5797,11905,2000000,4389334,95,6.8817,6.3,402,1984-09-21,en,Released
5799,1941,4000000,20000000,208,3.8393,6.659,239,1960-12-15,en,Released
5801,31918,3900000,0,126,4.0076,6.5,139,1966-05-25,en,Released
5802,19662,0,0,106,2.5981,5.9,52,1964-03-19,en,Released
5803,8427,70000000,51386477,97,7.3739,5.437,1079,2002-10-31,en,Released
5804,9021,65000000,172842355,104,8.3493,6.001,1471,2002-09-29,en,Released
5809,9280,35000000,16800000,114,8.2648,6.155,686,2002-04-30,en,Released
5810,65,41000000,242875078,111,15.5318,7.148,7989,2002-11-08,en,Released
5812,10712,13500000,29027914,107,5.7917,7.058,691,2002-11-08,en,Released
5816,672,100000000,876688482,161,48.4461,7.707,24095,2002-11-13,en,Released
5817,16351,0,0,115,3.9821,6.145,100,2002-05-20,en,Released
5818,542,1800000,0,118,3.4939,6.642,313,2002-10-01,es,Released
5820,30192,0,0,116,2.0189,6.96,50,2002-09-11,en,Released
5826,11617,0,0,105,3.7521,6.751,408,1950-11-15,en,Released
5828,81530,0,0,90,1.6588,5.5,14,1997-05-01,en,Released
5829,34341,7500000,4245870,102,1.9449,5.2,37,2002-09-20,en,Released
5833,11880,2000000,3537283,105,6.3796,6.729,1044,2002-05-10,en,Released
5836,1377,0,3500000,110,4.529,6.401,202,1958-11-19,en,Released
5838,2528,0,1942423,143,5.2857,6.247,152,1991-03-03,fr,Released
5839,12716,0,0,105,2.88,7.335,345,1990-08-29,fr,Released
5840,12717,0,0,99,3.178,7.175,309,1990-10-26,fr,Released
5841,13888,11000000,2807854,98,10.1738,6.168,1267,1991-08-02,en,Released
5843,10750,10000000,15100000,112,4.303,6.528,397,1991-04-24,en,Released
5847,25566,0,0,155,2.8223,7.023,197,1981-11-20,en,Released
5849,13386,0,0,107,1.6025,7.6,713,1981-03-05,it,Released
5853,9538,4100000,14225876,103,6.8262,6.713,1431,1981-01-14,en,Released
5856,49934,0,0,107,2.5713,7.371,93,1981-04-10,sh,Released
5863,42371,0,0,100,1.9258,5.357,21,1981-04-24,en,Released
5867,11524,5500000,11494812,123,6.8773,7.2,899,1981-03-27,en,Released
5872,36669,142000000,431971116,133,17.4361,5.997,4001,2002-11-17,en,Released
5873,17187,0,16300000,108,5.0529,7.121,414,2002-11-22,en,Released
5874,10426,20000000,33526835,85,5.3264,6.399,479,2002-11-22,en,Released
5875,32625,125000,1025302,86,2.0476,5.891,46,2002-01-12,en,Released
5876,8198,30000000,27674124,101,4.7027,6.548,343,2002-11-22,en,Released
5878,64,6500000,64826117,112,5.8208,7.562,1485,2002-03-15,es,Released
5879,13376,34000000,23833131,76,4.5841,5.232,388,2002-11-27,en,Released
5880,15074,40000000,10959475,93,4.1031,4.8,109,2002-11-27,en,Released
5881,2103,47000000,30002758,99,5.5379,5.955,1521,2002-11-27,en,Released
5882,9016,140000000,109578115,96,24.802,7.578,4732,2002-11-26,en,Released
5883,16028,17000000,12840842,90,3.1513,5.041,302,2002-11-01,en,Released
5884,27070,0,0,86,2.5338,4.7,38,1989-04-05,en,Released
5888,20992,10000,1360000,96,2.6872,7.482,497,1997-12-12,ru,Released
5889,66091,0,0,142,1.5923,7.2,66,1984-06-06,ru,Released
5890,6007,0,0,89,2.284,7.105,204,2001-03-16,no,Released
5891,25239,80000,0,101,7.8099,6.014,749,1978-11-02,en,Released
5893,25284,2500000,5842603,110,4.9892,6.745,452,1994-05-26,en,Released
5896,35612,0,0,97,1.7051,6.685,27,1999-09-12,en,Released
5899,14433,1720000,8000000,138,4.0053,7.372,588,1964-01-22,en,Released
5900,9932,60000000,55003135,96,8.139,5.849,1441,2002-12-06,en,Released
5901,13369,4000000,18591272,99,2.4782,6.208,125,2002-12-06,en,Released
5902,2757,19000000,32800000,115,12.4917,7.327,2885,2002-12-06,en,Released
5903,7299,20000000,5400000,107,13.1275,7.057,5221,2002-12-06,en,Released
5909,4241,60400,0,84,5.2561,6.333,562,2001-03-17,ja,Released
5912,22257,0,0,104,2.0011,7.662,130,1981-10-01,pl,Released
5915,17360,10000000,27453418,116,8.4943,6.883,1041,1981-06-17,en,Released
5919,38849,0,0,80,2.7019,5.422,58,1982-10-15,en,Released
5922,29743,0,0,97,2.2605,5.996,244,1982-12-22,it,Released
5925,40219,0,7742572,98,2.726,5.477,132,1982-02-12,en,Released
5927,16363,27500000,69702172,114,7.8928,6.243,187,1982-07-23,en,Released
5929,171,0,0,109,4.2573,6.433,666,1982-12-08,fr,Released
5932,42124,0,0,97,2.2883,7.556,158,1982-10-01,en,Released
5938,17590,10000000,19000000,116,4.2136,6.681,324,1982-03-19,en,Released
5941,13497,20000000,57600000,118,7.4064,6.973,582,2002-12-13,en,Released
5942,11852,34000000,54639553,104,14.0972,6.359,2257,2002-12-13,en,Released
5943,7303,55000000,154906693,105,10.5536,6.135,2093,2002-12-13,en,Released
5944,201,60000000,67336470,116,10.1016,6.308,1651,2002-12-13,en,Released
5945,2755,30000000,105834556,125,5.474,6.866,1411,2002-12-12,en,Released
5947,21868,0,0,92,2.6606,6.4,117,2002-09-30,en,Released
5949,10856,0,1864185,108,2.7364,6.611,212,2001-11-06,es,Released
5951,18602,0,869820,97,2.8046,6.682,197,2002-11-01,en,Released
5952,121,79000000,926287400,179,43.5155,8.429,24604,2002-12-18,en,Released
5953,25838,0,20000,139,3.384,8.206,197,2001-10-26,zh,Released
5954,1429,5000000,23932055,135,8.928,7.31,2654,2002-12-19,en,Released
5955,13435,12500000,23400000,120,4.3999,6.946,576,2002-12-19,en,Released
5956,3131,100000000,193772504,168,15.5281,7.316,7429,2002-12-14,en,Released
5957,2642,60000000,199043242,101,10.3782,6.366,2281,2002-12-19,en,Released
5959,11022,6500000,12633747,105,4.5022,6.773,615,2002-01-14,en,Released
5961,9491,0,8217997,102,5.8599,5.804,472,1990-03-16,en,Released
5962,2149,30000000,38000000,101,7.3425,4.98,351,1993-01-15,en,Released
5963,20139,3600000,3000000,108,5.3839,7.671,426,1961-12-19,en,Released
5965,19067,900000,0,100,5.3754,7.251,656,1977-08-31,en,Released
5968,14931,11000000,9888167,97,2.6154,6.015,230,1990-04-20,en,Released
5969,11317,0,28000000,99,5.2806,6.1,558,1994-02-11,en,Released
5970,4032,17000000,59490000,103,7.5446,7.425,2367,1991-11-21,en,Released
5971,8392,3700000,41000000,86,23.2571,8.067,9089,1988-04-16,ja,Released
5974,12232,0,0,107,4.6927,7.128,308,1940-02-19,en,Released
5975,11706,5000000,12000000,208,7.2242,6.63,281,1956-08-21,en,Released
5979,26946,70000,0,63,2.6079,5.169,86,1957-02-10,en,Released
5980,16938,686000,4000000,98,6.195,6.951,980,1974-10-11,en,Released
5984,4561,0,0,97,9.8958,5.5,189,1975-08-27,fr,Released
5986,16993,0,0,97,3.37,7.076,192,1972-07-26,en,Released
5988,21332,10000000,7246979,105,3.2947,5.579,107,1986-02-14,en,Released
5989,640,52000000,352114312,141,33.8604,7.978,17585,2002-12-16,en,Released
5990,10599,40000000,41323171,110,3.7542,5.737,796,2002-10-11,it,Released
5991,1574,45000000,306776732,113,9.842,7.13,2986,2002-12-10,en,Released
5992,590,25000000,108846217,114,11.4888,7.3,1909,2002-12-27,en,Released
5993,13560,11000000,0,106,3.669,6.165,118,2002-09-10,en,Released
5994,29339,10000000,3651462,132,4.5742,6.843,204,2002-12-27,en,Released
5995,423,35000000,120098945,150,27.6301,8.371,10459,2002-09-17,en,Released
5999,16225,15000000,0,88,4.4169,6.013,270,2000-04-19,en,Released
6001,262,19000000,2536000,109,12.8319,7.771,2671,1982-12-18,en,Released
6002,15395,1000000,223426,90,2.1908,6.435,123,2002-12-30,en,Released
6003,4912,30000000,33013805,113,7.7283,6.671,1310,2002-12-31,en,Released
6005,23626,0,604856,105,2.0415,6.026,57,2003-01-10,en,Released
6006,12090,18000000,101564935,95,8.9794,5.769,1493,2003-01-08,en,Released
6009,36273,0,0,102,2.0893,6.18,50,2000-09-15,ja,Released
6012,9582,20000000,17400000,101,6.593,5.924,397,2003-01-17,en,Released
6013,10628,60000000,88900000,89,6.1222,5.308,1025,2003-01-17,en,Released
6014,11078,0,50097949,89,8.1996,5.983,1098,2003-01-17,en,Released
6016,598,3300000,30641770,129,22.3046,8.427,8460,2002-08-30,pt,Released
6020,43886,342000,770000,99,2.007,6.664,64,1935-08-23,en,Released
6021,11222,0,0,125,4.1183,7.088,461,1977-06-24,de,Released
6022,13199,16000000,13100000,125,4.9169,7.5,423,1992-03-13,en,Released
6023,8073,120000,182857,97,5.4793,7.478,624,1964-08-05,fr,Released
6025,15278,6000000,17953778,88,3.1305,6.091,154,1993-03-12,en,Released
6027,14667,0,397631,94,3.5436,6.863,148,1991-10-04,en,Released
6030,15734,0,7200000,99,2.9385,5.4,67,1962-11-21,en,Released
6031,34148,0,0,125,3.514,7.436,328,1959-04-09,en,Released
6033,53027,0,6166819,97,2.698,5.847,57,1991-08-16,en,Released
6035,26252,0,155895,94,2.4465,7.2,197,1937-01-28,fr,Released
6036,24742,0,8622757,98,5.1101,6.707,205,1985-06-14,en,Released
6039,5968,9000000,25300000,87,6.4442,6.307,587,1984-08-15,en,Released
6040,10727,0,0,86,5.5152,5.629,679,2003-01-24,en,Released
6041,9045,0,0,132,3.4264,6.95,390,2002-02-27,fr,Released
6042,9082,0,378931,90,1.594,6.52,25,2002-03-22,de,Released
6044,80965,0,0,106,2.9176,4.3,32,1984-03-15,en,Released
6049,61807,0,0,99,3.4806,5.566,38,1993-03-12,it,Released
6051,7514,0,0,103,5.4437,6.588,130,1972-08-01,en,Released
6055,39349,10000000,18225518,123,2.7773,5.616,108,1994-02-25,en,Released
6057,12253,24000000,23510601,110,5.0924,6.382,423,2003-01-31,en,Released
6058,9358,26000000,90941129,90,19.7275,6.314,5031,2003-01-31,en,Released
6059,1647,46000000,101200000,115,8.9231,6.404,1989,2003-01-31,en,Released
6060,9027,0,24128678,91,3.9485,5.339,255,2002-08-21,en,Released
6062,21189,0,0,93,2.8322,7.051,246,2002-02-11,en,Released
6063,10894,500000,264349,93,3.8071,6.6,741,2003-04-11,en,Released
6064,28528,0,1350000,109,15.9018,7.159,160,1956-05-08,en,Released
6067,12490,0,0,93,3.8318,6.156,256,2000-01-07,en,Released
6070,15802,0,795312,113,8.9287,5.961,129,1992-01-06,ja,Released
6078,10724,18000000,70700000,136,6.6538,6.067,646,1982-06-18,en,Released
6086,37191,0,0,111,2.1407,5.714,49,1982-04-22,en,Released
6090,81001,0,15782478,101,2.0564,5.904,47,1982-12-22,en,Released
6093,10150,0,6455530,93,5.7653,7.3,621,1982-11-19,en,Released
6095,16407,0,8904632,96,3.3342,6.5,164,1982-01-21,cn,Released
6100,8288,0,9077413,88,4.2962,6.465,486,1982-07-16,en,Released
6101,15600,9600000,14000000,123,4.1308,7.241,444,1982-02-12,en,Released
6104,11949,0,327958,80,3.5388,7.375,192,1982-06-25,en,Released
6107,42130,0,0,105,2.7907,7.128,133,1982-09-16,it,Released
6111,23942,0,5588800,102,3.997,5.989,139,1982-03-12,en,Released
6116,25872,5900000,8996086,104,1.7353,5.3,49,1982-08-06,en,Released
6119,14645,0,0,88,3.5947,7.324,1081,1982-08-25,fr,Released
6122,21923,0,0,82,1.8975,7.429,105,1982-03-12,en,Released
6123,1563,0,30878,100,2.6615,7.466,276,1983-03-02,fr,Released
6124,17132,0,0,105,2.0689,6.53,33,1982-04-09,en,Released
6125,59533,0,0,90,2.265,6.333,6,1982-03-01,en,Released
6140,29702,0,0,101,3.968,6.793,719,1982-10-28,it,Released
6141,24830,0,16894678,85,3.0523,5.0,38,1982-11-10,en,Released
6143,9699,0,9056073,96,7.2458,5.127,338,1982-12-03,en,Released
6145,30789,0,0,93,3.1009,5.7,93,1981-11-28,en,Released
6148,47955,8000000,46509,90,4.2853,6.623,313,1982-07-07,en,Released
6153,23943,0,16897768,98,3.5358,5.176,162,1982-07-23,en,Released
6155,9919,50000000,177557758,116,15.6684,6.869,4602,2003-02-07,en,Released
6156,6038,50000000,88323487,115,11.2547,6.137,2509,2003-02-06,en,Released
6157,9480,78000000,179179718,103,16.2627,5.305,5608,2003-02-14,en,Released
6158,14873,20000000,135700000,72,16.7242,5.9,1222,2003-02-07,en,Released
6159,13132,2500000,548712,108,2.5412,5.961,114,2003-02-14,en,Released
6162,1956,3500000,255000,103,2.7766,6.096,366,2002-09-20,en,Released
6163,12112,0,5126264,92,3.355,6.71,262,2002-03-27,fr,Released
6166,12139,35000000,117270765,96,11.7615,5.882,1650,1993-06-09,en,Released
6169,24883,0,9800000,103,3.336,6.5,72,1983-03-25,en,Released
6170,17264,2700000,37799643,118,3.8942,7.079,341,1979-10-13,en,Released
6178,33364,800000,6792000,105,3.9798,7.56,126,1965-12-10,en,Released
6181,59401,1640000,0,69,3.043,6.444,72,1951-09-27,en,Released
6182,22233,0,0,108,3.6172,7.063,88,1963-07-17,en,Released
6183,4952,1600000,18750000,102,5.2319,7.126,333,1959-10-07,en,Released
6184,991,1500000,0,139,7.4705,6.461,624,1976-03-18,en,Released
6185,4911,15000000,12150301,118,3.638,6.242,396,2002-12-14,en,Released
6186,16072,56000000,12923936,219,3.4203,6.411,209,2003-02-21,en,Released
6187,11615,50000000,38955598,130,8.4096,7.433,2257,2003-02-21,en,Released
6188,11635,24000000,87100000,92,14.5362,6.627,2193,2003-02-21,en,Released
6192,102,0,0,113,2.4072,7.1,127,2002-09-06,da,Released
6193,14293,4000000,563711,99,2.8215,6.366,97,2002-06-30,en,Released
6195,105024,0,0,127,1.252,7.0,9,2002-01-11,en,Released
6196,10623,25000000,56500000,101,12.172,6.1,1071,2003-02-28,en,Released
6197,9613,10000000,5809240,98,4.8725,6.652,970,2002-11-06,en,Released
6201,21867,8500000,277646,142,4.0804,6.909,115,1986-02-07,en,Released
6202,49680,0,0,102,1.5745,6.3,39,2001-10-24,he,Released
6203,6524,13000000,4102526,92,4.6943,5.634,227,1991-06-05,en,Released
6204,11244,20000000,8000000,100,3.8964,5.83,203,1993-08-06,en,Released
6210,23834,0,0,120,2.6527,6.0,91,2001-12-08,ko,Released
6212,10678,20000000,132700000,105,6.7668,5.96,766,2003-03-07,en,Released
6213,9567,75000000,86500000,121,15.9965,6.9,2705,2003-03-07,en,Released
6214,979,3500000,6500000,97,13.7824,7.169,3438,2002-05-22,fr,Released
6215,13819,0,4600000,103,3.4823,5.963,230,2003-03-07,en,Released
6216,1591,0,0,140,2.8762,7.028,194,2001-12-11,de,Released
6217,24186,0,0,121,4.9821,6.482,57,2002-10-25,en,Released
6218,455,3500000,76585951,112,5.8314,6.329,2079,2002-04-11,en,Released
6219,10632,55000000,34234008,94,6.6292,6.173,953,2003-03-11,en,Released
6220,10929,22000000,8564586,100,4.1641,6.088,382,2003-03-14,en,Released
6222,16229,0,0,95,3.2654,6.36,344,2003-06-13,en,Released
6223,12079,2000000,0,101,3.3701,6.556,548,2003-02-07,en,Released
6225,36362,7775000,13400000,171,3.0338,7.141,245,1961-10-11,en,Released
6228,23159,1000000,1100000,118,3.2532,7.338,133,1942-08-20,en,Released
6232,15347,0,0,95,2.6667,6.8,133,1966-03-14,en,Released
6234,37258,0,0,137,2.7442,6.99,145,1977-10-16,en,Released
6235,8996,0,5575304,112,5.1192,7.218,289,1990-11-14,de,Released
6237,17729,0,0,116,4.3224,7.021,169,1954-01-04,en,Released
6238,12157,12500000,29888235,108,4.114,6.128,550,1990-12-23,en,Released
6239,11571,3440000,10000000,132,6.4919,6.895,528,1959-12-15,en,Released
6241,10293,0,0,94,3.0525,6.957,266,1983-03-23,fr,Released
6242,2671,1200000,19400000,96,8.6088,7.1,1740,1998-01-31,ja,Released
6244,45129,450000,7434176,113,1.7768,7.25,128,1988-08-24,hi,Released
6245,42618,8000000,20000000,153,3.449,6.9,94,1969-02-25,en,Released
6246,41164,0,0,91,2.7064,7.0,5,1991-04-26,en,Released
6249,9557,20000000,8586376,94,6.2729,5.23,713,2002-10-01,en,Released
6250,6171,68000000,81240206,134,9.4419,5.656,1969,2003-03-21,en,Released
6251,13691,46000000,62870546,79,6.0785,6.675,419,2003-03-16,en,Released
6252,11523,30000000,19526014,87,7.3659,5.573,620,2003-03-21,en,Released
6254,14675,600000,3000000,91,3.2615,7.214,369,1937-10-21,en,Released
6263,10782,50000000,42792561,98,7.1114,6.511,1174,2003-04-18,en,Released
6264,9341,60000000,74208267,136,12.2031,5.849,2249,2003-03-28,en,Released
6265,9776,35200000,37788228,95,5.5128,5.578,327,2003-03-28,en,Released
6266,10735,20000000,50700000,105,9.6489,6.303,1752,2003-03-27,en,Released
6267,16425,0,0,114,3.2875,5.5,52,2003-03-08,en,Released
6268,25461,800000,2816116,88,1.9094,6.824,51,2003-03-28,en,Released
6269,51927,0,97000,145,0.8237,7.044,34,2003-04-11,en,Released
6270,12516,12000000,2970161,119,6.3791,7.75,598,1990-05-11,ja,Released
6271,1675,700000,850000,116,4.5272,7.777,678,1973-05-24,fr,Released
6273,17057,0,1400000,93,5.9697,7.625,683,1950-05-17,en,Released
6279,6016,30000000,0,108,3.3121,6.067,150,2003-02-28,en,Released
6280,8409,36000000,44350926,109,9.136,6.165,1028,2003-04-04,en,Released
6281,1817,13000000,97837138,81,11.3115,6.878,4341,2003-01-06,en,Released
6283,11299,0,0,115,5.7866,7.7,1084,2001-09-01,ja,Released
6285,21052,7500000,723000,100,2.3193,6.109,124,2003-03-16,en,Released
6286,7294,0,921,97,3.5004,7.411,462,2002-03-01,fi,Released
6287,9506,75000000,195745823,106,13.7512,6.162,3568,2003-04-11,en,Released
6288,14290,250000,3800000,101,2.1484,6.216,111,2003-04-11,en,Released
6289,24982,13000000,17040871,91,4.2356,6.8,237,2003-04-10,en,Released
6290,2662,7000000,17949758,89,9.6081,6.194,1833,2003-04-11,en,Released
6291,12093,2700000,1007747,109,6.9783,7.6,694,2002-08-23,sv,Released
6294,11817,52000000,37713879,104,7.7316,5.517,1042,2003-03-28,en,Released
6295,24621,0,6126237,80,3.4665,6.743,136,2003-04-16,en,Released
6296,13370,6000000,18750246,92,4.3065,6.784,282,2003-04-16,en,Released
6297,8326,20000000,71406573,117,9.6937,6.909,1600,2003-04-18,en,Released
6298,13411,15000000,34000000,86,4.2023,5.402,310,2003-04-10,en,Released
6299,11516,35866397,20217080,89,2.9235,7.59,212,2001-12-12,fr,Released
6300,10180,0,0,109,2.9139,7.171,260,2000-11-03,da,Released
6301,994,2200000,3251794,116,6.1507,7.15,1120,1971-11-25,en,Released
6302,66918,0,0,73,2.0389,3.976,41,1957-06-28,en,Released
6303,10514,6500000,12376563,131,6.8007,7.05,844,1971-03-12,en,Released
6305,1714,1500000,2000000,113,4.8485,7.112,1112,1966-09-07,en,Released
6306,14308,0,0,92,1.5108,7.5,15,2002-06-21,en,Released
6308,9930,40000000,93151591,116,4.9595,6.033,242,1986-06-18,en,Released
6310,107569,0,0,103,2.9543,5.4,21,1988-09-28,en,Released
6313,108553,16000000,17854933,87,2.9278,5.2,63,1990-10-26,en,Released
6314,12661,0,12416686,90,3.2985,6.023,174,1993-09-10,en,Released
6315,29355,0,26285544,106,3.8767,6.251,231,1986-02-14,en,Released
6316,24961,24000000,21049053,134,5.5846,6.228,329,1978-10-24,en,Released
6319,20978,0,0,105,2.7576,5.7,143,1991-10-23,fr,Released
6320,47762,3000000,9563393,89,3.037,5.2,80,1991-02-22,en,Released
6322,10743,15000000,23014206,97,4.9102,6.268,491,2003-04-25,en,Released
6323,2832,28000000,90259536,90,15.3737,7.2,4539,2003-04-25,en,Released
6324,31459,0,0,109,3.4623,5.982,85,2003-04-25,en,Released
6327,38868,0,34837,110,2.3283,7.922,45,2003-04-25,en,Released
6329,15098,0,0,102,3.0843,6.811,122,2002-11-22,en,Released
6330,11458,20000000,5484302,100,4.6711,5.2,189,2002-11-21,en,Released
6331,16636,0,0,97,1.2696,7.344,125,2002-11-13,en,Released
6332,18736,17000000,55534455,94,8.1379,6.333,1360,2003-05-02,en,Released
6333,36658,110000000,407711549,133,1.0824,7.046,11195,2003-04-27,en,Released
6334,46989,1000000,464000,96,2.0659,6.3,58,2003-04-25,en,Released
6335,20689,0,5227348,132,2.2112,6.136,66,2002-09-20,en,Released
6336,13438,0,0,108,1.0473,6.962,13,2002-10-09,ku,Released
6337,15394,10000000,1271244,104,3.4779,6.775,207,2003-05-02,en,Released
6338,10708,60000000,164433867,92,8.9822,5.92,2296,2003-05-09,en,Released
6339,22016,0,7727906,90,2.6391,6.683,120,2002-10-02,fr,Released
6341,22958,0,735992,96,2.7416,6.153,156,2003-07-24,en,Released
6342,15850,0,306567,95,1.5906,6.2,47,2002-11-01,en,Released
6344,10989,0,0,88,1.606,6.19,137,2000-05-31,is,Released
6345,1816,25000000,14202899,118,5.3279,6.217,205,1985-12-10,en,Released
6347,17667,9500000,16600000,105,2.4029,6.851,97,1984-06-08,en,Released
6348,17464,3000000,15100000,94,3.2245,5.412,102,1984-12-21,en,Released
6349,15259,1200000,38682707,90,4.4189,6.742,180,1984-05-04,en,Released
6350,10515,3000000,5228752,125,13.7857,7.972,4806,1986-08-02,ja,Released
6357,11424,2800000,8200000,112,6.0324,6.834,274,1956-07-17,en,Released
6358,34857,1981000,3117000,109,3.3302,6.534,102,1953-11-26,en,Released
6365,604,150000000,738599701,138,27.7437,7.085,12326,2003-05-15,en,Released
6367,10720,35000000,20298207,102,8.0136,6.1,811,2003-05-08,en,Released
6368,51230,0,0,79,0.809,6.8,53,2003-09-05,en,Released
6370,1555,5300000,3897799,122,3.1082,7.109,1262,2002-06-19,fr,Released
6371,33875,0,27756381,80,4.3455,6.728,408,2002-07-13,ja,Released
6373,310,80000000,484592874,101,22.4049,6.727,11742,2003-05-23,en,Released
6374,5146,40000000,26800000,98,5.1708,5.647,319,2003-05-23,en,Released
6375,30055,0,0,102,2.1537,8.4,10,2003-05-23,en,Released
6376,12544,0,7309845,95,1.7912,6.6,120,2002-05-18,it,Released
6377,12,94000000,940335536,100,43.0722,7.821,20997,2003-05-30,en,Released
6378,9654,60000000,176070171,110,17.5508,6.799,6195,2003-05-30,en,Released
6379,9902,12600000,28650575,84,14.2861,6.4,3115,2003-05-30,en,Released
6380,2260,0,4076990,107,2.7428,7.142,374,2003-05-30,en,Released
6382,18385,0,0,116,1.7811,6.9,64,2002-09-10,zh,Released
6383,584,76000000,236350661,108,3.7451,6.52,8378,2003-06-05,en,Released
6385,1088,8000000,41400000,101,4.5239,7.029,461,2003-01-30,en,Released
6386,5921,0,0,128,3.5053,6.741,197,1966-06-10,en,Released
6387,47423,0,4303351,108,3.954,6.86,189,1991-02-02,cn,Released
6390,43239,0,0,117,2.3917,6.9,64,1957-07-18,en,Released
6395,29425,275000,143784,103,3.9823,6.1,427,1973-03-16,en,Released
6400,51391,0,0,111,1.5965,7.431,65,2001-09-14,fr,Released
6402,50285,0,0,91,1.5194,6.143,14,1999-09-09,en,Released
6405,6646,0,4419657,96,6.0366,6.545,247,1950-07-19,en,Released
6407,38720,0,0,114,2.7894,6.455,88,1966-06-29,en,Released
6408,147729,0,0,92,1.7718,7.405,79,1974-01-31,en,Released
6410,15462,0,0,97,3.2969,6.0,133,1976-10-22,en,Released
6412,43828,0,0,94,3.6718,7.2,205,1939-11-30,en,Released
6415,47715,0,0,108,1.5829,6.766,96,1987-10-01,it,Released
6417,12629,9000000,0,85,2.8536,5.237,97,1992-09-03,en,Released
6422,21027,0,17268889,105,5.0735,6.9,166,1965-06-03,en,Released
6424,11890,35000000,23562716,109,4.6795,6.361,596,1991-04-26,en,Released
6425,36807,0,0,108,3.2623,6.115,179,1997-03-28,en,Released
6427,37662,375000,0,109,2.3146,6.743,105,1970-12-21,en,Released
6428,11916,2500000,5050000,114,7.6532,6.972,706,1970-03-02,en,Released
6429,14551,0,2250000,92,3.8297,7.28,420,1950-07-06,en,Released
6433,26317,0,0,68,3.8789,7.842,829,1929-05-12,ru,Released
6434,43490,0,0,142,2.207,6.87,104,1945-02-17,en,Released
6436,8092,0,4104962,115,14.6371,7.128,1116,1993-04-09,en,Released
6440,290,9000000,6153939,117,7.287,7.46,1952,1991-08-01,en,Released
6442,2470,0,0,109,5.0986,6.678,214,1992-12-04,es,Released
6448,10243,5355000,0,142,5.7965,7.234,389,1965-12-15,en,Released
6449,42541,0,0,149,2.3677,6.6,57,1960-07-15,en,Released
6452,40085,1600000,3500000,115,4.8935,7.0,233,1958-05-17,en,Released
6453,47684,0,0,76,2.0266,7.277,56,1934-05-06,en,Released
6454,2263,0,6263883,124,3.7332,7.146,188,1989-12-22,en,Released
6460,3009,1300000,94243,119,4.2651,7.391,589,1962-08-25,en,Released
6461,6643,5000000,0,125,5.358,6.175,237,1960-04-06,en,Released
6464,14817,8500000,23712993,95,10.8038,6.223,599,1997-07-25,en,Released
6465,41426,0,0,106,2.2804,6.0,82,1978-02-01,en,Released
6466,41791,5000000,7332515,118,3.1681,6.39,105,1991-09-18,en,Released
6476,2071,22000000,11500000,98,5.2141,6.158,238,1991-10-11,en,Released
6477,43516,2000000,0,156,2.9711,7.104,134,1943-12-21,en,Released
6480,32489,0,0,152,2.9565,6.838,102,1967-03-22,en,Released
6482,10152,19000000,39267515,85,7.4377,4.166,948,2003-04-14,en,Released
6483,31246,12000000,4922166,81,2.5886,3.246,114,2003-06-20,en,Released
6484,11375,75000000,51142659,116,6.0876,5.24,722,2003-06-09,en,Released
6493,17813,30000000,15368897,96,3.228,5.2,221,2003-06-20,en,Released
6502,170,8000000,82784517,113,28.5385,7.245,8883,2002-10-31,en,Released
6503,9471,120000000,259175788,106,13.8071,5.484,3373,2003-06-25,en,Released
6506,9581,0,181662,102,1.7678,6.799,162,2001-08-03,cn,Released
6509,216,130000,186757,93,5.7696,7.745,467,1974-03-05,de,Released
6510,47676,2500000,764083,95,2.2712,5.7,37,1993-04-09,en,Released
6514,113739,0,0,71,1.073,1.92,25,1961-06-11,en,Released
6515,52758,575,0,86,4.4474,7.1,196,1937-01-23,en,Released
6516,38171,3520000,4300000,105,3.4329,6.799,192,1956-12-13,en,Released
6517,61225,0,17530973,115,4.1698,5.687,174,1992-04-17,en,Released
6523,18722,0,20000000,108,2.9408,5.9,154,1992-10-01,en,Released
6527,33454,3005000,6746000,110,4.3138,7.014,108,1952-05-08,en,Released
6528,19753,0,0,90,2.8252,6.02,49,1970-02-04,en,Released
6530,11482,0,5100000,126,6.4527,7.589,1265,1976-05-26,en,Released
6533,6949,4000000,66000000,94,4.8696,7.4,477,1972-03-09,en,Released
6534,1927,137000000,245360480,138,16.8827,5.603,6467,2003-06-19,en,Released
6535,10327,45000000,124914842,95,13.2318,5.716,1809,2003-07-02,en,Released
6536,14411,60000000,80767884,86,14.0867,7.1,2294,2003-07-02,en,Released
6537,296,200000000,435000000,109,22.6804,6.203,7490,2003-07-02,en,Released
6538,302,7800000,22441323,102,9.6089,6.485,816,2003-05-21,en,Released
6539,22,140000000,655011224,143,41.7042,7.834,22792,2003-07-09,en,Released
6541,8698,78000000,179265204,110,13.1848,6.017,4522,2003-07-11,en,Released
6542,554,0,0,100,6.5125,7.099,121,2002-09-12,ru,Released
6545,17920,8000000,6586341,113,2.5446,6.7,100,2003-05-09,en,Released
6547,32235,1900000,1600000,103,2.9734,5.988,85,2003-07-11,en,Released
6548,8961,130000000,273339556,146,21.8022,6.658,6118,2003-07-18,en,Released
6549,17403,0,0,99,2.7861,5.488,169,2003-07-18,en,Released
6550,9486,40000000,160466000,87,11.7673,6.3,3928,2003-03-14,en,Released
6551,20439,2500000,0,101,1.1478,4.905,21,2002-07-18,en,Released
6552,3472,0,0,97,4.1217,6.901,518,2002-09-05,en,Released
6553,35265,0,384336,101,2.0995,7.197,259,2002-09-06,it,Released
6554,25921,0,0,105,2.1513,5.5,40,2002-10-03,en,Released
6557,68927,0,0,100,4.2803,5.344,45,1995-03-31,en,Released
6558,11894,25000000,33691313,102,4.6276,6.361,587,1991-10-25,en,Released
6559,20726,20000000,19300000,107,4.5468,6.548,491,1994-10-14,en,Released
6560,24558,15000000,5585154,94,3.3923,5.013,120,1990-02-09,en,Released
6561,12649,0,0,83,3.0093,6.364,147,1959-07-17,en,Released
6563,24356,0,546106,112,2.8725,5.177,62,2003-07-25,en,Released
6564,1996,95000000,160099222,117,10.395,5.761,4627,2003-07-21,en,Released
6565,4464,87000000,148300000,141,4.8753,7.062,962,2003-07-22,en,Released
6566,12279,38000000,197101678,84,12.8986,5.134,2425,2003-07-25,en,Released
6567,9104,15000000,2300805,98,4.3539,6.304,359,2002-10-31,en,Released
6568,33339,0,1628154,114,2.627,5.5,92,2003-09-05,en,Released
6571,54580,4000000,146402,113,2.4306,7.25,256,2002-09-27,es,Released
6572,4613,7000000,0,95,3.5525,5.544,136,2003-05-17,en,Released
6573,12530,2750000,3000000,138,3.7958,6.928,278,1972-12-17,en,Released
6574,45096,13000000,5451119,99,2.5975,4.731,65,1991-01-18,en,Released
6577,24993,0,1250712,91,4.2347,5.563,208,1991-01-30,en,Released
6578,53021,3500000,10000000,125,2.3654,6.977,222,1964-12-22,en,Released
6579,430,3000000,4000000,109,4.7936,7.497,437,1961-12-15,en,Released
6581,5185,10000000,1500000,125,3.8515,6.814,349,1970-10-29,en,Released
6582,10553,40000000,14393902,121,5.3437,6.283,297,1985-10-11,en,Released
6583,21512,0,882290,100,5.3916,5.829,167,1989-10-19,en,Released
6584,21449,400000,0,80,2.8646,5.383,218,1966-11-02,en,Released
6586,8273,55000000,231449203,103,12.6165,6.23,4509,2003-08-01,en,Released
6587,8046,75600000,7266209,122,4.9859,4.017,512,2003-08-01,en,Released
6588,50350,0,0,133,2.3888,5.8,33,2002-05-29,en,Released
6591,8094,5000000,21107578,119,5.1518,7.459,491,2002-08-30,en,Released
6592,26195,0,0,104,2.1633,5.8,38,2002-09-09,en,Released
6593,10330,26000000,160846332,97,20.3218,6.588,4372,2003-08-05,en,Released
6595,9257,80000000,207700000,117,14.021,6.159,2791,2003-08-08,en,Released
6596,9499,0,12991996,117,5.1484,4.951,172,2003-08-08,en,Released
6597,17180,0,77567,95,1.3807,5.6,37,2001-12-15,ja,Released
6598,15292,0,0,88,1.2823,7.188,40,2003-08-05,en,Released
6603,41206,0,0,104,2.9927,6.339,84,1947-12-25,en,Released
6604,33954,0,0,90,1.584,7.205,376,1966-05-04,it,Released
6609,24192,0,0,137,4.0464,7.4,425,1965-03-03,it,Released
6611,833,0,71461,91,3.7731,7.878,764,1952-01-20,it,Released
6612,26755,0,0,104,1.3129,7.117,64,1992-09-09,en,Released
6614,3101,0,0,94,3.0784,6.399,296,1990-04-06,en,Released
6615,6466,30000000,116643421,97,12.3615,6.107,2931,2003-08-15,en,Released
6616,20210,6000000,5141166,104,3.3094,6.0,163,2003-08-15,en,Released
6617,2055,22000000,68296293,139,7.4455,7.223,1262,2003-08-11,en,Released
6618,11770,10000005,42776760,113,25.986,7.22,2661,2001-07-05,cn,Released
6619,14926,20000000,44617342,92,9.939,7.06,1219,2003-08-15,en,Released
6620,2771,2000000,6003587,101,3.3429,7.142,562,2003-08-15,en,Released
6624,10923,28000000,58795814,102,5.841,5.546,1197,2003-03-14,en,Released
6625,17745,0,0,96,4.8981,5.945,176,1994-08-26,en,Released
6628,21989,4506756,20307325,96,2.8791,4.8,81,1984-01-13,en,Released
6629,18573,1000000,23750319,88,5.565,6.924,396,1953-04-16,en,Released
6631,41759,6000000,12974636,97,3.128,5.929,141,1993-11-19,en,Released
6636,8992,4500000,18135531,95,4.937,6.532,339,1985-03-01,en,Released
6638,19053,350000,17343596,99,4.336,6.005,282,1983-04-08,en,Released
6639,11206,4000000,11000000,108,5.1409,7.337,615,1967-10-26,en,Released
6643,18148,0,0,137,6.4549,8.1,1263,1953-11-03,ja,Released
6644,54898,0,0,99,4.213,7.502,289,1986-08-29,fr,Released
6645,636,777000,2437000,86,4.0297,6.44,1112,1971-03-11,en,Released
6650,11898,0,0,104,3.2351,7.61,630,1949-06-23,en,Released
6654,35072,0,0,96,2.5702,6.586,58,1963-12-22,ja,Released
6656,44585,0,0,79,2.0985,5.1,65,1958-04-01,en,Released
6658,9051,7000000,107000000,122,4.34,5.8,319,1979-10-05,en,Released
6659,9362,11000000,48572000,96,13.0504,6.95,3706,1990-01-19,en,Released
6660,19542,500000,10000000,133,5.5982,7.974,772,1948-09-06,en,Released
6662,936,0,10878107,115,10.067,6.847,1227,1963-12-18,en,Released
6663,12268,6000000,33833201,103,8.1327,6.872,645,1976-09-16,en,Released
6664,10999,10000000,57500000,90,16.0725,6.7,3277,1985-10-03,en,Released
6665,33521,12200000,31158970,109,4.3581,6.376,294,1979-07-20,en,Released
6666,4593,800000,103230,101,7.7434,7.453,943,1972-09-15,fr,Released
6667,34044,0,0,136,1.586,7.627,55,1997-09-19,en,Released
6668,12276,1200000,6800000,89,3.5213,7.424,238,1999-10-16,zh,Released
6669,3782,85000,55240,143,11.2177,8.3,1393,1952-10-09,ja,Released
6670,36629,0,0,92,2.3299,5.2,51,2002-09-03,en,Released
6671,2891,0,0,158,3.7666,6.979,193,1990-09-20,en,Released
6678,20815,13000000,4960385,108,6.0153,6.068,295,1990-02-15,en,Released
6679,19433,0,0,85,1.3909,6.984,92,2001-03-09,en,Released
6684,6619,0,0,131,5.6093,7.2,560,1971-03-05,it,Released
6686,10610,38000000,34300000,88,10.0131,5.645,1257,2003-08-15,en,Released
6687,2830,14000000,0,83,7.673,5.057,743,2003-08-21,en,Released
6688,15920,0,0,95,1.6729,7.0,22,2001-09-27,cs,Released
6689,21413,1000000,0,79,2.8622,5.73,61,2003-08-22,en,Released
6691,16405,0,0,127,3.115,5.471,34,2001-08-29,en,Released
6692,33255,0,0,82,1.2638,6.222,18,2003-08-22,en,Released
6695,11351,17000000,63102666,104,10.8243,6.2,1887,2003-08-08,en,Released
6696,333,0,0,101,1.8592,5.719,32,2002-10-25,en,Released
6699,22200,0,0,104,2.5054,6.141,64,2002-09-06,en,Released
6702,13778,17000000,23769505,98,5.1806,5.136,213,2003-09-04,en,Released
6705,1415,5000000,742898,98,4.2464,5.801,204,2003-09-05,en,Released
6706,31094,20000000,0,108,2.2393,6.3,50,2002-03-07,en,Released
6707,11547,1500000,30600000,93,6.3753,5.688,1486,2003-08-15,en,Released
6708,7270,62000000,65565672,116,7.8848,7.007,2055,2003-09-12,en,Released
6709,1428,29000000,98769390,102,10.6788,6.323,2487,2003-09-11,en,Released
6710,17906,0,71646,91,2.6175,5.902,97,2002-09-12,en,Released
6711,153,4000000,119723856,102,17.6329,7.377,8322,2003-09-18,en,Released
6713,33320,0,37641,87,5.583,7.858,1094,2002-09-14,ja,Released
6715,61054,0,0,92,2.2151,4.3,41,1991-09-06,en,Released
6718,27590,0,8800000,101,2.8039,5.95,180,1985-05-03,en,Released
6720,14603,10000000,21142815,102,3.375,5.75,238,1992-01-10,en,Released
6721,10617,0,3826459,134,6.0646,7.099,503,1991-08-15,cn,Released
6722,10618,0,30399676,113,4.3154,7.176,296,1992-04-16,cn,Released
6723,10619,0,27540561,112,4.4081,6.446,231,1993-01-14,cn,Released
6724,11293,2500000,30900000,102,6.6975,7.867,871,1973-05-09,en,Released
6731,8408,3750000,34000000,101,9.6471,7.008,1448,1985-07-03,en,Released
6732,14030,24000000,33208099,148,6.505,6.983,407,1969-12-12,en,Released
6734,2687,40000000,14358033,99,5.0528,5.905,679,1992-02-28,en,Released
6744,19064,3200000,10000000,94,4.806,5.804,382,1985-11-15,en,Released
6746,25241,0,0,92,3.1889,4.9,130,1976-07-30,en,Released
6748,28942,1355000,5000000,92,6.3913,6.691,845,1979-05-25,en,Released
6750,10739,18000000,13585075,108,5.6606,6.165,686,2003-08-27,en,Released
6751,12767,45000000,29119434,118,4.7252,5.358,556,2003-09-19,en,Released
6752,22309,15000000,30238577,122,3.2583,5.831,139,2003-09-19,en,Released
6753,13156,0,48260279,111,7.3147,7.237,861,2003-09-19,en,Released
6754,277,22000000,95708457,122,12.2586,6.859,6793,2003-09-19,en,Released
6755,9707,1000000,1239541,92,3.8044,6.47,725,2002-06-09,en,Released
6760,36791,0,0,88,2.0268,6.22,59,2003-03-28,en,Released
6763,7288,40000000,19322135,89,7.0771,6.121,1852,2003-09-26,en,Released
6764,10159,85000000,80900000,104,12.381,6.449,2242,2003-09-26,en,Released
6765,10934,18000000,58878723,113,8.184,6.888,1004,2003-09-20,en,Released
6768,5653,30000000,29400000,123,4.8203,6.488,342,2003-10-29,en,Released
6769,321,4361898,3031801,89,4.2123,5.995,99,2003-06-06,en,Released
6770,20,2500000,12300000,106,3.7939,6.1,515,2003-03-07,en,Released
6772,5168,1000000,0,104,2.3846,7.32,153,2002-08-28,fr,Released
6773,9662,9500000,14776760,80,6.4792,7.4,1072,2003-06-11,fr,Released
6774,837,5952000,2120439,88,8.7877,7.249,2570,1983-02-04,en,Released
6775,20303,0,0,86,1.2331,7.324,17,2001-04-22,en,Released
6776,19666,5200000,8100000,233,3.6659,7.277,669,2001-06-15,hi,Released
6777,821,3000000,10000000,191,6.4177,7.992,990,1961-12-18,en,Released
6780,1358,0,2279692,80,2.5219,7.211,133,1991-10-01,en,Released
6782,11475,0,0,79,2.5962,7.0,214,1989-03-24,fi,Released
6783,776,8850000,273520,110,5.186,7.484,682,1939-07-09,fr,Released
6785,16563,0,5000000,103,5.5376,7.102,583,1954-07-22,en,Released
6786,11703,1250000,17000000,120,5.6289,6.967,353,1985-07-26,en,Released
6787,891,8500000,70600000,138,8.3025,7.66,2158,1976-04-09,en,Released
6788,83714,0,9398308,108,2.8531,5.816,38,1994-03-04,en,Released
6789,12531,0,0,116,5.1618,6.82,255,1996-07-27,fr,Released
6790,10881,8000000,8826094,107,2.8989,6.497,361,2001-01-20,pl,Released
6791,11832,0,4398938,104,6.1077,7.182,454,1987-08-11,da,Released
6793,11806,0,147214049,87,7.8107,5.832,2303,1992-04-03,en,Released
6794,10438,15000000,118243066,89,7.3441,5.572,1084,1993-12-14,en,Released
6796,650,6500000,57504069,112,12.6046,7.6,2354,1991-07-12,en,Released
6797,10337,30000000,49114016,136,4.0344,6.339,467,1991-12-10,en,Released
6798,8446,0,0,93,4.6706,6.584,327,1976-07-22,en,Released
6800,9874,25000000,49042224,87,11.0362,6.159,2040,1986-05-22,en,Released
6803,29161,3800000,0,115,5.331,6.8,945,1985-01-25,en,Released
6804,21627,3000000,5101,83,3.1542,5.509,176,1985-04-12,en,Released
6807,4543,9000000,42749697,107,8.4475,7.31,2183,1983-03-31,en,Released
6808,11046,7700000,21000000,155,8.7501,7.522,1030,1968-12-04,en,Released
6809,11707,0,48143579,115,3.9669,6.163,401,1984-08-17,en,Released
6810,7442,19000000,175000000,99,7.5465,6.516,1272,1991-01-13,en,Released
6811,14425,9000000,4350774,81,3.026,6.06,141,1994-04-29,en,Released
6812,6723,10000000,21600000,121,8.0828,5.879,639,1990-12-07,en,Released
6814,16969,25000000,38348988,97,3.3101,5.534,223,1984-12-07,en,Released
6816,13339,6000000,3685862,99,5.2858,6.794,316,1987-10-09,en,Released
6817,28761,24000000,2300000,112,3.9407,6.4,325,1990-05-16,en,Released
6818,25237,5000000,20929648,142,10.6569,8.188,1965,1985-10-17,ru,Released
6820,9871,5000000,0,108,5.6449,6.936,1032,2000-12-11,en,Released
6821,33258,2500000,15000000,111,3.1553,5.2,112,1979-08-03,en,Released
6827,33783,8000000,60822,77,2.8162,3.1,80,1994-08-26,en,Released
6832,11364,25000000,43001500,108,6.9292,6.5,651,1991-07-10,en,Released
6835,39916,0,0,95,2.7048,5.233,144,1980-08-02,en,Released
6836,31634,0,0,57,1.7687,4.0,64,1960-02-01,en,Released
6837,43739,0,0,88,2.7015,7.0,132,1939-04-07,en,Released
6849,13765,5000000,6000000,114,3.3579,6.8,170,1970-11-05,en,Released
6850,12772,20000000,23400000,108,4.8205,5.829,237,1992-12-18,en,Released
6851,47866,0,1345236,101,2.6443,6.305,77,1992-07-10,en,Released
6852,18900,3500000,13007551,134,5.502,7.524,452,1967-12-15,en,Released
6853,73265,4900000,989528,94,1.3811,4.438,8,1987-04-10,en,Released
6856,3087,0,0,126,2.7199,7.017,237,1942-05-29,en,Released
6857,14282,0,0,94,5.0862,7.781,781,1993-06-05,ja,Released
6858,11502,0,0,94,3.7269,7.263,488,1962-03-09,pl,Released
6860,21219,23000000,20246790,104,3.613,6.282,202,1991-07-26,en,Released
6862,2116,50000000,55495563,105,6.6179,6.38,1359,2003-10-03,en,Released
6863,1584,35000000,131098967,110,16.6348,7.09,6385,2003-10-03,en,Released
6867,2056,500000,8701337,88,6.8248,7.3,838,2003-12-05,en,Released
6868,4997,5000000,2466444,104,5.4583,6.09,306,2003-10-23,en,Released
6869,8439,0,217201,118,2.0223,7.354,151,2002-10-22,pt,Released
6870,322,25000000,156800000,138,17.1109,7.744,7695,2003-10-08,en,Released
6872,11059,12000000,13818181,90,5.744,3.1,435,2003-04-11,en,Released
6873,11775,60000000,119940815,100,8.7236,5.962,1716,2003-10-10,en,Released
6874,24,30000000,180906076,111,30.8005,7.97,19425,2003-10-10,en,Released
6879,11329,60000000,80154140,127,11.5042,6.947,1604,2003-10-17,en,Released
6880,9373,9500000,107385515,98,12.5099,6.309,3023,2003-05-21,en,Released
6881,1550,300000,0,81,2.5047,6.5,277,2003-10-17,en,Released
6882,5493,0,73060,116,2.0424,6.603,261,2002-08-31,ja,Released
6883,28200,7000000,10000000,109,2.181,5.8,124,2003-10-17,en,Released
6884,10629,17000000,9439660,98,5.8005,6.657,348,2003-07-11,en,Released
6885,10944,12000000,23726793,119,5.9466,5.12,474,2003-10-22,en,Released
6886,9839,35000000,0,127,6.0483,6.4,450,2003-10-23,en,Released
6887,13920,35000000,53293628,109,9.2684,7.371,924,2003-10-24,en,Released
6888,4256,45000000,220673217,84,17.1208,6.0,4662,2003-10-24,en,Released
6889,10009,128000000,250397798,85,20.8405,7.285,5868,2003-10-23,en,Released
6890,1807,3000000,10000000,81,8.2322,7.011,2175,2003-09-20,en,Released
6893,10536,3000000,0,100,8.0415,6.934,898,1969-06-02,en,Released
6898,1376,0,3961374,106,2.7944,7.015,262,2002-09-07,en,Released
6899,31397,0,0,87,3.9326,3.5,75,1988-02-26,en,Released
6902,20312,7000000,0,116,6.9472,7.397,831,2002-04-13,en,Released
6909,10389,10706075,1766761,98,3.3033,6.574,482,2002-05-09,cn,Released
6911,31206,0,0,128,1.555,6.75,18,1946-10-10,en,Released
6912,28658,0,0,88,3.1056,6.452,63,1941-09-25,en,Released
6918,897,0,170215,110,2.4845,7.833,302,1956-10-11,bn,Released
6920,11657,0,0,140,6.6697,7.608,752,1970-10-19,fr,Released
6927,10922,30000000,24900000,106,5.3777,5.991,519,2003-10-29,en,Released
6932,13537,6000000,2944752,94,6.3556,6.977,493,2003-11-14,en,Released
6934,605,150000000,424988211,129,21.2405,6.757,11140,2003-11-05,en,Released
6935,33222,0,0,74,1.8064,7.686,59,2003-03-07,en,Released
6936,10719,32000000,228500000,97,13.4205,6.668,4689,2003-11-07,en,Released
6938,23995,0,54,88,2.1524,7.75,4,2003-11-07,en,Released
6939,1277,0,585604,112,3.4597,7.726,73,1999-10-21,de,Released
6942,508,40000000,250779876,135,18.5524,7.097,7567,2003-09-07,en,Released
6944,11846,20000000,89325780,105,11.1089,6.479,1556,1991-12-20,en,Released
6945,50314,0,0,116,1.4965,6.882,34,2003-11-12,en,Released
6946,10715,80000000,68500000,92,10.9523,6.4,1661,2003-11-14,en,Released
6947,8619,150000000,211623421,138,13.5713,7.203,3674,2003-11-14,en,Released
6948,21525,300000,7808524,112,2.4584,7.929,177,2003-11-14,en,Released
6949,14892,0,0,95,6.8053,6.08,83,2003-05-16,en,Released
6950,12146,60000000,38364277,135,8.2151,6.301,713,2003-11-26,en,Released
6951,10588,109000000,133800000,82,40.6295,5.369,1887,2003-11-21,en,Released
6952,4970,40000000,141591324,98,7.7055,6.158,2626,2003-11-21,en,Released
6953,470,20000000,60427839,124,10.9473,7.317,3495,2003-11-18,en,Released
6954,11042,8000000,34883010,99,3.2961,7.03,422,2003-05-01,fr,Released
6957,10147,23000000,76500000,92,9.9338,6.567,2459,2003-11-26,en,Released
6958,10756,90000000,182290266,88,10.7166,5.686,2187,2003-11-26,en,Released
6959,9562,80000000,43935763,115,7.7079,5.731,1212,2003-11-26,en,Released
6961,11012,11000000,31000000,111,9.1965,6.605,722,1992-12-02,en,Released
6962,279714,0,0,76,0.7812,5.8,10,2002-05-09,en,Released
6963,30068,0,0,77,0.913,6.583,36,2002-01-11,en,Released
6965,158413,0,0,79,1.1617,6.5,10,2002-03-08,en,Released
6966,9556,14000000,48878502,95,7.2695,6.423,1581,1990-08-24,en,Released
6967,13581,0,0,103,3.633,7.183,312,1945-09-09,en,Released
6969,19184,0,0,90,3.6657,6.364,173,1983-04-06,fr,Released
6970,24203,0,0,103,3.1357,7.019,135,1957-08-02,en,Released
6971,9065,0,1007976,113,3.5974,7.351,373,1991-06-27,de,Released
6973,4823,32000000,28600000,124,5.8233,5.758,326,1992-02-07,en,Released
6974,10168,0,0,102,5.2911,6.306,320,1990-07-20,en,Released
6975,10234,0,2506,109,7.5238,7.312,2173,1997-09-11,de,Released
6978,14022,23000,1228108,97,3.3568,6.74,352,1990-07-27,en,Released
6979,860,12000000,124600000,114,11.6815,7.069,2257,1983-06-03,en,Released
6981,48035,0,0,125,4.1522,7.935,428,1955-01-09,da,Released
6982,5000,0,10188,87,3.331,7.769,364,1952-05-09,fr,Released
6983,22744,1705000,3550000,97,4.1025,6.9,157,1943-12-24,en,Released
6984,17831,1000000,0,126,3.3183,6.86,86,1935-12-25,en,Released
6985,780,0,18121,81,5.5312,8.0,1130,1928-04-21,fr,Released
6986,31510,3900000,9000000,143,3.5766,7.321,117,1925-12-25,en,Released
6987,234,18000,8811,77,8.1576,7.93,1825,1920-02-27,de,Released
6989,8289,0,15856028,128,5.7003,6.3,350,1983-12-15,en,Released
6990,11583,6000000,0,110,6.1518,6.682,451,1978-12-14,en,Released
6992,6472,20000000,27058304,96,6.7679,6.019,362,1994-03-11,en,Released
6993,5143,6400000,40084041,107,7.3336,7.457,1204,1986-02-07,en,Released
6994,11384,24000000,65595485,111,6.4866,6.18,498,1991-03-08,en,Released
6996,8010,34000000,15556340,100,6.8813,4.677,999,1991-01-13,en,Released
6997,10410,35000000,0,140,4.8092,6.259,377,1992-12-25,en,Released
6998,47095,0,0,109,2.9563,6.177,82,1993-06-25,en,Released
6999,10407,26000000,94900635,102,6.0306,6.153,481,1992-06-12,en,Released
7000,9292,65000000,17218080,100,8.4812,5.728,1179,1991-05-23,en,Released
7001,11850,3500000,24946533,116,10.8021,7.222,1396,1978-12-20,en,Released
7004,951,15000000,201957688,111,7.4397,6.138,2905,1990-12-21,en,Released
7005,10804,23000000,52487045,97,3.7775,5.365,329,1991-02-15,en,Released
7007,9319,29000000,114500000,105,10.6827,6.843,2228,1991-12-13,en,Released
7008,1643,1250000,36182181,129,8.695,6.894,1373,1972-12-15,it,Released
7009,2007,30000000,7300000,135,4.605,7.103,584,1992-12-30,en,Released
7010,10995,0,5013090,115,12.857,7.014,781,1992-01-22,fr,Released
7012,2612,20000000,15379253,110,3.7955,6.274,235,1990-10-12,en,Released
7013,3112,795000,0,93,9.8841,7.857,1906,1955-07-26,en,Released
7015,2611,0,25092802,104,4.2097,6.2,203,1991-05-24,en,Released
7016,1825,25000000,16057580,94,10.5532,6.471,1929,1987-02-13,en,Released
7017,10538,15000000,44065653,84,9.3831,6.023,1170,1992-11-06,en,Released
7018,11092,22000000,221303188,127,9.4775,6.812,850,1990-07-27,en,Released
7019,18410,18000000,18532286,108,4.1858,6.247,291,1987-04-17,en,Released
7020,14904,0,2155000,90,2.4822,6.661,114,1991-08-15,en,Released
7022,3176,4500000,30600000,113,10.0792,7.3,3951,2000-12-16,ja,Released
7023,9261,875000,23633459,108,3.2293,7.217,304,1993-03-01,zh,Released
7024,5336,800000,1800000,117,6.6614,6.3,2369,1976-01-10,it,Released
7025,23908,0,0,108,3.0632,6.557,131,1992-04-24,en,Released
7026,14671,0,35114428,97,4.6159,6.395,286,1987-07-22,en,Released
7027,11509,23000000,32192570,133,6.8167,6.9,851,1985-07-10,en,Released
7028,10729,15000000,15260154,89,6.9301,6.696,431,1990-07-13,en,Released
7030,20763,35000000,4651977,114,4.7782,6.995,214,1992-02-21,en,Released
7031,2047,24000000,6484246,100,4.3645,5.698,273,1993-09-10,en,Released
7032,14249,0,15645616,123,6.5493,6.469,495,1990-02-16,en,Released
7033,10021,12000000,110996879,111,6.7566,6.504,719,1987-04-10,en,Released
7034,11634,0,0,89,3.5886,7.072,614,1998-10-23,sv,Released
7036,11824,1200000,80000000,92,11.6019,6.213,1300,1985-08-23,en,Released
7037,8222,0,1710057,114,4.5697,6.994,478,1991-10-23,es,Released
7038,20067,0,1433668,109,3.8595,5.81,106,2000-05-27,en,Released
7040,9846,6000000,17307019,116,7.1899,7.124,840,1985-11-01,en,Released
7041,23719,0,5777916,111,4.2307,5.645,291,1994-12-02,en,Released
7044,483,9500000,14569027,125,11.1058,7.021,1985,1990-08-17,en,Released
7045,10166,11000000,15400000,91,8.7396,6.967,1420,1990-05-25,en,Released
7046,6069,22000000,63766510,118,8.7749,6.544,1620,1987-06-12,en,Released
7047,11018,24000000,18707466,134,5.2751,6.777,505,1985-08-16,en,Released
7048,11676,25000000,44480039,97,7.7057,6.603,751,1997-07-18,en,Released
7049,28293,0,0,89,3.3792,6.3,75,1933-12-22,en,Released
7050,28292,747000,2727000,110,2.5355,6.882,76,1936-02-20,en,Released
7051,3681,0,18820000,108,3.1336,5.939,181,1965-06-22,en,Released
7052,43875,864000,1276000,123,2.2935,6.221,43,1936-07-28,en,Released
7053,31798,0,0,106,1.6844,7.1,49,1935-03-07,en,Released
7054,43436,2776000,5910000,121,5.3092,7.4,233,1949-03-10,en,Released
7055,20325,886000,2600000,103,3.4339,6.846,256,1936-08-28,en,Released
7056,17687,151000,557000,84,3.9557,7.248,403,1931-04-23,en,Released
7057,19075,0,25002557,143,3.122,6.4,52,1935-10-09,en,Released
7058,41465,4710000,6455000,118,2.9842,6.685,73,1947-09-13,en,Released
7059,17641,2770000,5840000,123,3.9058,7.181,127,1945-01-26,en,Released
7060,12545,3500000,24593103,108,5.6037,7.1,631,1973-08-15,en,Released
7061,27972,0,0,104,4.1146,6.942,165,1939-04-20,en,Released
7062,898,2650000,3100000,147,4.5365,7.5,353,1962-07-04,en,Released
7063,2000,370000,37041,95,6.0829,7.445,1301,1972-12-29,de,Released
7064,648,0,0,96,4.6259,7.497,689,1946-10-29,fr,Released
7065,618,100000,100000000,195,4.917,5.93,615,1915-03-08,en,Released
7067,19120,0,78550,148,2.9984,7.215,347,1965-10-22,it,Released
7069,11316,2400000,1000000,141,3.9208,7.079,304,1971-12-20,en,Released
7070,3089,3000000,9012000,133,4.2089,7.336,617,1948-09-17,en,Released
7071,29845,1000000,12200000,155,6.507,7.7,578,1974-11-18,en,Released
7072,995,531374,1103757,96,6.4384,7.597,1276,1939-03-02,en,Released
7073,1594,0,12368234,102,8.0887,7.183,680,1964-06-23,en,Released
7074,32318,0,0,65,3.512,7.13,288,1924-09-28,en,Released
7075,11839,4000000,0,101,4.6288,7.3,221,1955-12-24,en,Released
7076,916,5500000,42300000,113,8.8059,7.2,1337,1968-10-17,en,Released
7078,1976,1250000,0,103,3.3936,7.002,225,1938-03-26,en,Released
7079,31685,1800000,6877900,117,5.2991,7.324,227,1939-08-31,en,Released
7080,3062,439000,2281000,89,3.8104,6.922,224,1933-03-11,en,Released
7082,12708,0,0,99,3.7363,6.5,191,1962-06-14,en,Released
7083,42045,0,0,115,2.5483,6.415,65,1985-10-02,en,Released
7084,11610,0,0,85,4.6828,7.445,661,1972-05-04,en,Released
7085,4939,0,9129247,100,3.312,6.774,148,1964-10-14,en,Released
7086,25016,350000,0,96,2.045,7.0,165,1938-10-06,en,Released
7087,15927,14500000,40000000,163,4.952,6.811,347,1984-12-14,en,Released
7088,40423,0,0,100,4.022,7.014,245,1959-06-12,pt,Released
7089,7857,0,0,123,5.0418,7.875,1243,1973-12-18,it,Released
7090,79,31000000,177394432,99,11.6748,7.499,2595,2002-12-19,zh,Released
7091,13912,0,0,68,2.9062,6.881,257,1932-08-19,en,Released
7092,70881,1152000,1439000,95,2.9276,6.569,102,1935-08-30,en,Released
7093,987,4000000,15000000,105,4.8758,7.303,395,1974-11-01,en,Released
7096,30140,0,0,90,1.4777,7.344,45,2001-02-13,en,Released
7099,81,1000000,9016411,95,18.8476,7.94,4208,1984-03-11,ja,Released
7101,11821,20000000,54830779,104,7.1359,6.362,705,1991-08-02,en,Released
7102,10023,20000000,66700000,106,6.8455,5.992,566,1987-06-26,en,Released
7103,51036,0,0,90,3.399,5.3,86,1990-02-16,en,Released
7104,11519,35000000,94900000,118,6.5404,5.769,737,1979-12-14,en,Released
7107,15659,5000000,45000000,116,4.9683,6.3,274,1978-07-14,en,Released
7108,18857,0,9316871,107,4.4063,6.764,216,1993-06-24,cn,Released
7109,33517,0,0,110,4.6905,6.173,142,1995-10-27,fr,Released
7114,42740,0,0,119,3.9453,7.351,235,1965-06-17,en,Released
7115,20126,0,2900000,127,6.2913,7.715,1637,1975-03-07,it,Released
7116,827,0,0,118,5.7797,7.877,1136,1955-01-29,fr,Released
7117,11811,1000000,8600000,93,5.4443,5.567,886,1993-01-08,en,Released
7118,20043,8000000,0,121,3.4259,6.87,161,1987-03-14,ja,Released
7121,25431,1728000,9470000,101,4.5916,7.104,347,1949-11-17,en,Released
7122,17685,0,0,102,2.9503,6.953,86,1966-12-21,fr,Released
7123,2742,16000000,2641357,115,7.2021,6.996,1259,1991-12-27,en,Released
7124,22010,0,0,80,2.3517,6.6,39,1999-09-15,en,Released
7125,51145,0,0,110,1.8123,6.531,16,2000-12-10,en,Released
7127,48129,16000000,4409328,91,3.3017,6.022,68,1991-02-01,en,Released
7131,18904,0,0,130,3.2994,6.6,54,1959-11-18,en,Released
7132,37719,0,0,91,4.8108,7.386,575,1935-11-15,en,Released
7134,9063,0,0,104,2.0889,6.373,236,1984-05-14,da,Released
7137,10744,4000000,10400000,101,3.997,6.721,400,2003-11-26,en,Released
7139,10511,0,25382911,105,3.4726,7.145,399,2003-09-22,en,Released
7141,22289,0,0,83,1.1309,8.2,20,2003-04-25,en,Released
7142,10028,18000000,62646763,94,7.3678,6.355,1262,2003-12-05,en,Released
7143,616,140000000,456800000,154,25.7048,7.609,7782,2003-12-05,en,Released
7147,587,70000000,123200000,125,14.6288,7.744,7949,2003-12-10,en,Released
7149,6964,80000000,270000000,128,10.3288,6.625,1831,2003-12-12,en,Released
7150,1792,55000000,65784503,119,5.6834,5.365,746,2003-12-10,en,Released
7151,3635,10500000,33030115,101,5.6,6.642,1499,2003-12-12,en,Released
7153,122,94000000,1118888979,201,57.5258,8.505,27396,2003-12-17,en,Released
7154,11820,72300000,141337989,117,10.2877,6.911,1942,2003-12-19,en,Released
7155,8696,10000000,96542059,108,6.2254,6.533,420,2003-09-02,en,Released
7156,12698,0,0,107,3.8752,7.726,307,2003-10-26,en,Released
7158,11093,16500000,16942795,126,6.725,7.148,877,2003-12-19,en,Released
7160,504,8000000,58469210,109,13.0203,7.201,2628,2003-12-24,en,Released
7161,11007,40000000,190212113,98,9.1933,6.29,3009,2003-12-24,en,Released
7162,2289,79000000,173013509,154,10.8337,6.934,2030,2003-12-24,en,Released
7163,9620,60000000,117248958,119,10.0901,6.225,2118,2003-12-25,en,Released
7164,10601,100000000,121975011,113,10.029,7.13,2813,2003-12-18,en,Released
7165,52036,15000000,2281585,112,4.1591,5.258,124,2003-12-25,en,Released
7167,13433,5740000,4098613,110,1.6041,6.3,80,2003-08-30,en,Released
7169,14844,23000000,12195626,111,5.7773,6.215,663,2004-01-09,en,Released
7171,37088,0,0,89,1.9201,6.724,154,2003-11-21,en,Released
7173,5966,42000000,178300000,90,11.3634,6.032,3100,2004-01-16,en,Released
7175,10718,40000000,46546197,84,8.8122,5.3,659,2004-01-16,en,Released
7176,40427,0,400768,96,2.5913,6.9,105,2003-09-12,fa,Released
7177,14757,46000,3910519,83,2.9934,7.015,137,2004-03-24,fa,Released
7178,11034,6500000,26533200,144,6.7659,6.278,527,1974-03-27,en,Released
7179,25095,0,0,105,7.3537,6.645,325,1992-10-16,en,Released
7181,30080,0,0,149,4.3293,6.604,101,1965-07-29,en,Released
7184,65012,4620000,2600000,110,3.1893,6.445,109,1966-08-03,en,Released
7190,131313,0,0,110,1.9457,6.864,22,1970-12-01,en,Released
7191,34151,0,3000000,78,2.5294,5.4,61,1992-01-24,en,Released
7192,15797,6000000,3283371,99,4.003,6.914,214,1993-08-27,en,Released
7193,9548,49000000,20423389,102,4.7139,6.125,240,1990-07-11,en,Released
7202,11429,3000000,302586,95,3.6804,5.9,409,2003-04-04,en,Released
7205,14815,4500000,9200000,119,3.862,6.456,215,1975-05-22,en,Released
7206,427,0,0,118,3.1145,7.426,634,1958-05-10,fr,Released
7208,3022,0,0,113,3.0704,6.5,195,1941-08-12,en,Released
7209,778,0,0,87,3.6694,6.946,560,1953-02-25,fr,Released
7211,23152,0,4200000,110,2.3606,7.134,101,1951-08-29,en,Released
7212,23567,0,0,105,3.0925,6.913,150,1949-08-26,en,Released
7215,22584,0,3650000,100,4.2923,7.454,588,1945-01-20,en,Released
7216,27725,455000,0,100,3.1821,7.091,367,1941-01-23,en,Released
7217,16227,1678000,3430000,106,4.892,7.29,362,1947-09-05,en,Released
7218,980,565000,0,76,4.3489,7.703,439,1943-03-11,en,Released
7219,16933,539000,1596000,95,3.2247,6.935,139,1940-07-26,en,Released
7222,37833,100000,0,66,1.5065,4.403,139,1938-06-15,en,Released
7223,18995,0,0,83,2.6761,6.854,206,1949-12-23,en,Released
7225,5205,1000000,0,86,3.3077,7.164,553,1977-01-18,en,Released
7228,14239,30000000,14110589,102,7.4648,5.656,832,1992-07-10,en,Released
7234,405,0,0,115,3.906,7.908,1201,1954-09-23,it,Released
7235,9696,1400010,80631,129,7.4687,6.988,1150,2001-12-22,ja,Released
7236,4917,400000,6900000,91,5.0644,6.279,402,1975-03-23,en,Released
7238,5055,0,0,103,4.3207,7.414,290,1958-10-03,pl,Released
7243,3059,385907,1750000,197,4.2477,7.077,390,1916-09-05,en,Released
7245,28586,0,0,75,2.217,5.055,64,1960-09-22,en,Released
7247,11708,10000000,7500445,144,6.2164,6.838,769,1968-12-17,en,Released
7248,27329,11000000,14000000,185,2.0178,5.854,24,2001-08-17,th,Released
7251,17736,3000000,390152,104,4.0359,6.1,64,1992-09-11,en,Released
7254,1954,13000000,96800000,113,20.1778,7.6,8523,2004-01-17,en,Released
7255,13476,17000000,16980098,95,4.3725,5.723,523,2004-01-23,en,Released
7256,11194,0,13885802,106,5.0438,7.572,479,2003-09-05,en,Released
7257,12634,50000000,6808550,88,4.098,4.991,283,2004-01-30,en,Released
7258,13505,0,10900000,93,4.236,5.842,533,2004-01-30,en,Released
7259,14114,8000000,50576805,95,5.1281,6.386,486,2004-01-30,en,Released
7260,15708,850000,819939,108,3.5074,6.867,281,2004-01-30,en,Released
7261,21301,18000000,65070412,106,5.0508,6.105,333,2004-01-20,en,Released
7262,20483,18000000,16951702,92,5.1449,5.6,337,2004-02-06,en,Released
7263,14292,28000000,64400000,135,5.3985,7.129,700,2004-02-06,en,Released
7264,44539,0,0,97,1.5599,5.696,23,2002-09-12,fr,Released
7265,1278,15000000,15100000,115,16.2285,7.178,3170,2003-10-10,en,Released
7266,18841,40000,143312,90,1.3542,6.283,89,2001-09-12,en,Released
7282,76176,0,0,86,2.0547,2.2,21,2000-10-31,en,Released
7285,11023,2000000,10128960,100,9.3147,6.699,1831,2003-08-20,en,Released
7292,11221,18000000,19265302,94,4.2874,4.324,131,1984-07-20,en,Released
7293,1824,75000000,196482882,99,18.7625,6.877,7923,2004-02-13,en,Released
7294,16784,30000000,14000000,110,5.0689,5.081,197,2004-02-24,en,Released
7297,11083,0,0,95,1.3967,7.023,129,2003-05-15,no,Released
7299,337,0,11576431,91,2.2445,7.0,172,2003-09-17,fr,Released
7301,43376,0,0,115,3.3989,7.474,291,1951-02-07,fr,Released
7302,28963,1135654,1490419,149,4.2184,7.315,189,1924-03-18,en,Released
7303,2576,3000000,0,179,3.6612,7.188,381,1959-03-18,en,Released
7304,22561,0,0,85,2.5339,7.135,122,1976-03-12,it,Released
7305,19345,10500000,25205460,102,4.8671,6.172,236,1987-02-06,en,Released
7306,14430,0,52000,123,3.1687,8.0,211,1999-11-09,es,Released
7307,12775,6500000,100000,126,6.2754,6.55,454,1985-08-30,en,Released
7308,9838,12500000,15057465,100,6.8452,5.4,493,1985-11-22,en,Released
7310,2099,8500000,16209459,106,8.6754,5.852,947,1986-06-04,en,Released
7311,42852,1051000,3252000,114,2.7386,7.398,142,1939-07-28,en,Released
7312,40454,0,0,131,2.896,6.7,34,1966-12-01,en,Released
7315,8842,39000000,6432551,106,3.7868,5.077,136,2004-02-20,en,Released
7316,11132,15000000,29331068,90,8.8713,5.733,969,2004-02-17,en,Released
7317,9352,25000000,22605153,92,14.2751,6.626,3092,2004-02-20,en,Released
7318,615,30000000,610063468,127,21.56,7.539,5348,2004-02-25,en,Released
7319,11217,8500000,5001655,104,4.5847,5.2,410,2004-02-27,en,Released
7320,10677,25000000,27685016,86,6.3062,6.4,720,2004-02-27,en,Released
7321,13572,50000000,40954603,97,6.9087,5.569,626,2004-02-27,en,Released
7323,338,4800000,79384880,121,7.6472,7.532,2703,2003-02-13,de,Released
7324,2023,100000000,108103450,136,7.5169,6.914,1400,2004-02-04,en,Released
7325,9384,60000000,170300000,101,8.4445,5.819,2591,2004-03-05,en,Released
7326,25935,0,0,112,3.677,6.405,126,2004-02-26,en,Released
7327,797,0,250000,85,8.4857,8.121,2487,1966-10-18,sv,Released
7328,42602,0,0,101,3.5101,7.42,207,1969-11-10,sv,Released
7333,29084,0,0,92,2.4625,7.547,328,1943-09-28,fr,Released
7335,25955,780000,0,80,3.14,7.4,333,1953-05-27,en,Released
7336,41876,2000000,5000000,158,5.5741,7.321,238,1969-10-30,it,Released
7340,24548,11500000,11528900,100,5.7317,6.427,349,1985-04-26,en,Released
7344,42989,0,0,94,2.5471,6.7,47,1963-03-17,en,Released
7345,17047,26000000,28818995,100,6.3515,5.619,693,2004-03-12,en,Released
7346,10591,21000000,31635150,110,21.4722,6.756,4182,2004-04-09,en,Released
7347,1586,40000000,92900000,96,9.379,6.562,4028,2004-03-12,en,Released
7348,11169,19250000,8112712,102,6.2457,6.174,436,2004-03-12,en,Released
7349,49689,0,0,87,1.1652,6.688,32,2002-10-24,he,Released
7352,156,0,0,111,1.9557,6.55,110,2002-11-08,da,Released
7354,10433,19000000,11081586,96,6.3037,6.022,414,1993-03-05,en,Released
7357,43236,0,0,157,4.294,6.734,94,1957-12-13,en,Released
7360,924,26000000,102278712,101,19.3012,7.089,4711,2004-03-19,en,Released
7361,38,20000000,72258126,108,28.1777,8.089,16753,2004-03-19,en,Released
7362,11081,45000000,65470529,103,9.283,6.4,1810,2004-03-19,en,Released
7364,16941,5000000,4856298,105,2.7819,6.2,180,2003-08-29,en,Released
7366,9541,35000000,35492921,102,6.5332,6.194,1185,2004-03-25,en,Released
7367,5516,35000000,76700000,104,7.7311,6.117,1804,2004-03-25,en,Released
7368,20304,3000000,5923000,88,3.1766,5.493,142,2004-03-26,en,Released
7369,11024,80000000,181466833,93,8.4722,6.115,2991,2004-03-24,en,Released
7371,553,10000000,16690617,178,9.4185,7.745,2779,2003-05-21,en,Released
7372,10544,0,6585516,110,4.9312,6.043,406,2003-03-22,en,Released
7373,1487,66000000,99318987,122,13.2996,6.676,7622,2004-04-02,en,Released
7375,11137,22000000,37600000,111,6.6898,6.211,1062,2004-03-28,en,Released
7376,11358,46000000,57223888,86,9.3629,6.315,1719,2004-04-02,en,Released
7377,13573,0,343847,108,5.2726,6.503,344,2003-05-15,en,Released
7379,10733,107000000,25819961,137,6.3733,5.774,379,2004-04-07,en,Released
7380,14442,31000000,27400000,96,11.1456,6.485,2018,2004-04-09,en,Released
7381,2122,40000000,26155781,98,8.3278,5.742,1060,2004-04-07,en,Released
7382,25300,0,0,108,3.0945,7.105,980,2003-02-08,it,Released
7386,6844,13000000,122700000,220,15.2197,7.8,1933,1956-10-05,en,Released
7387,923,640000,55000000,127,11.9386,7.48,2382,1978-09-02,en,Released
7390,28026,0,86277,104,2.1387,4.919,31,2003-09-26,en,Released
7394,10338,5600000,29950000,138,3.3417,6.8,204,1965-06-16,en,Released
7395,33839,0,0,85,3.4659,6.4,89,1950-03-31,en,Released
7396,133919,150000,0,169,5.0398,8.045,409,1974-09-15,sv,Released
7411,4365,0,0,87,3.9046,4.8,75,1987-03-01,en,Released
7414,65066,5500000,30000000,97,3.1973,7.0,64,1979-12-25,en,Released
7419,10843,4500000,10609321,97,9.7635,7.491,1837,1985-09-13,en,Released
7438,393,30000000,152159461,136,22.5318,7.873,15451,2004-04-16,en,Released
7439,7220,33000000,54700105,124,17.2724,6.386,3288,2004-04-15,en,Released
7440,33823,0,0,82,1.5231,6.974,19,2004-09-08,en,Released
7443,126117,0,0,89,1.7297,5.25,8,2003-01-01,en,Released
7444,10096,37000000,96458118,98,16.4484,6.776,5669,2004-04-13,en,Released
7445,9509,70000000,130300000,146,18.5785,7.466,5902,2004-04-23,en,Released
7448,10710,40000000,14494036,99,3.4229,4.885,566,2004-04-30,en,Released
7449,11058,25000000,30120671,102,4.7459,4.862,542,2004-04-30,en,Released
7450,11141,28000000,30000000,90,4.5956,5.826,470,2004-04-04,en,Released
7451,10625,17000000,130195052,97,30.2304,7.229,9674,2004-04-30,en,Released
7454,7131,160000000,300257475,132,22.1659,6.428,6858,2004-05-03,en,Released
7455,26899,800000,62852,93,2.5455,6.6,103,2003-01-17,en,Released
7457,16428,10000000,12500000,85,3.1411,6.023,107,2004-05-14,en,Released
7458,652,175000000,497409852,163,35.2193,7.19,11532,2004-05-13,en,Released
7459,8440,4100000,10781635,145,3.6784,7.578,632,2003-04-11,pt,Released
7460,883,0,7897645,97,4.7159,6.9,1091,2004-03-12,en,Released
7477,10375,55000000,6632383,96,7.5912,5.6,741,2002-01-04,en,Released
7479,68440,0,0,114,2.4829,6.884,56,1943-08-27,en,Released
7481,11864,40000000,12300000,108,5.9905,6.987,1127,1985-12-12,en,Released
7482,9461,850000,21531361,102,16.5678,7.415,2169,1973-08-17,en,Released
7486,18329,125000,5000000,96,5.4148,7.599,827,1997-05-30,cn,Released
7487,17993,0,11567449,136,5.6482,6.039,239,1990-09-28,en,Released
7492,26517,250000,0,95,2.3277,6.8,325,1978-05-10,en,Released
7493,28285,965000,1400000,91,3.268,7.2,155,1957-12-19,en,Released
7541,10035,0,0,95,6.3389,5.754,504,2000-09-01,en,Released
7560,502,0,0,112,5.1018,7.824,499,1964-10-07,en,Released
7561,41965,0,241278,92,2.6931,6.5,160,1988-09-10,en,Released
7562,10347,0,0,103,4.6729,6.457,573,1997-06-18,fr,Released
7564,30959,0,0,183,4.7885,7.727,474,1965-01-06,ja,Released
7566,20561,0,0,136,2.6698,7.5,76,1984-11-20,en,Released
7569,667,9500000,111600000,117,15.7134,6.59,2566,1967-06-13,en,Released
7570,700,27500000,187500000,131,11.7017,6.362,2296,1983-06-05,en,Released
7572,26976,0,0,99,2.7268,7.271,133,2001-02-09,en,Released
7573,36670,36000000,160000000,134,13.3018,6.1,1685,1983-10-07,en,Released
7579,43818,0,0,118,4.8017,6.9,157,1940-07-26,en,Released
7581,24650,0,0,112,4.3644,6.83,162,1949-06-25,en,Released
7584,20640,1000000,2700000,114,4.1138,6.959,169,1942-02-05,en,Released
7587,5511,0,215245,105,10.0978,7.781,1308,1967-10-25,fr,Released
7614,13936,5900000,14200000,148,3.4846,6.63,196,1955-10-10,en,Released
7615,294,350000,2400000,91,2.6862,7.083,181,1985-10-01,en,Released
7616,11507,10000000,8801940,114,9.0525,6.74,959,1984-10-25,en,Released
7618,10435,31000000,9493259,145,7.4477,7.408,1252,1992-12-17,en,Released
7619,1162,500000,2500000,106,4.665,7.9,355,1962-05-23,en,Released
7620,34328,0,311245,87,1.2586,6.357,14,1992-05-15,en,Released
7624,14684,18000000,14700000,106,5.2344,6.513,446,1992-09-18,en,Released
7636,13937,12000000,37170057,92,4.1416,6.046,411,1992-08-07,en,Released
7646,14980,,,,,,,,,
7647,26670,12000000,2280148,103,3.2668,7.2,228,1992-03-20,en,Released
7649,10940,0,0,94,2.6519,7.124,177,1998-01-04,en,Released
7650,31965,83000,1500000,87,3.2212,6.502,273,1968-05-17,en,Released
7657,5842,400000,0,120,2.0109,6.218,206,2000-10-23,ja,Released
7669,164721,,,,,,,,,
7698,988,5900000,51718367,122,6.4386,7.122,539,1979-03-16,en,Released
7700,204,0,0,154,6.8788,8.005,1131,1953-04-22,fr,Released
7701,9356,12000000,120889074,81,7.3792,5.518,1533,1990-12-14,en,Released
7702,32430,0,21300000,126,2.9262,6.851,154,1945-12-27,en,Released
7704,16113,9000000,17768900,129,8.1639,5.986,544,1986-02-14,en,Released
7705,33575,0,0,95,2.6728,6.4,76,1952-06-13,en,Released
7706,13913,0,0,98,2.7087,6.906,271,1930-08-08,en,Released
7707,17956,15000000,9804775,115,3.6038,5.864,136,1991-02-22,en,Released
7708,18209,600000,0,103,2.833,6.2,180,1967-10-30,en,Released
7713,25508,134000,4000000,73,5.9772,6.924,696,1942-12-05,en,Released
7714,18978,13000000,31500000,180,3.2279,6.238,82,1967-10-25,en,Released
7716,27171,0,0,90,4.63,6.207,157,1984-01-27,en,Released
7720,12310,0,8760000,107,5.3464,6.468,232,1974-10-31,en,Released
7727,37296,12000000,26200000,96,2.0768,5.5,99,1984-12-21,en,Released
7728,25736,1683000,5086000,113,4.5931,7.064,389,1946-05-02,en,Released
7730,25389,14000000,9532895,99,3.5664,6.701,341,1993-01-29,en,Released
7742,52794,0,0,82,1.8029,6.4,94,1989-01-18,fr,Released
7743,9872,25000000,9900000,109,5.3082,6.269,526,1985-07-12,en,Released
7745,19552,0,0,104,4.6926,7.023,218,1993-06-08,vi,Released
7748,2786,300000,0,110,6.9009,7.316,967,1965-11-05,fr,Released
7749,8075,250000,0,104,3.6181,6.896,316,1967-12-29,fr,Released
7753,26133,0,0,89,2.2547,7.442,43,1999-12-05,en,Released
7756,10235,0,0,109,2.1966,7.04,239,1938-11-24,ru,Released
7757,11533,3000000,2100000,104,7.3127,7.2,727,1963-06-13,en,Released
7762,140207,,,,,,,,,
7766,3777,0,13422,108,6.0299,7.9,1020,1957-01-15,ja,Released
7767,11659,0,2693053,367,4.3873,8.029,620,2003-06-22,it,Released
7772,44098,1644000,4327000,116,3.8477,5.943,53,1946-11-11,en,Released
7773,16876,0,0,89,2.1774,7.114,167,2003-06-11,en,Released
7781,77780,0,33856,94,2.3128,5.633,45,1989-06-30,en,Released
7782,9545,0,18994652,98,6.6964,6.188,489,1993-01-29,en,Released
7786,28030,0,0,87,1.7611,7.079,19,1999-07-19,en,Released
7789,1926,0,1266063,134,3.6902,6.413,126,2002-09-04,fr,Released
7792,17365,2900000,2940000,102,4.8839,6.8,389,1974-06-14,en,Released
7802,11474,4000000,22490039,94,11.5757,7.679,2478,1979-02-01,en,Released
7810,10916,0,0,94,2.2633,6.877,134,1999-05-12,en,Released
7811,10921,0,0,94,2.7079,6.386,127,1998-12-20,en,Released
7812,10941,0,0,94,2.0549,6.621,149,1998-07-17,en,Released
7815,24798,0,0,89,2.8739,6.723,150,1986-10-10,en,Released
7820,11656,0,700000,90,4.0971,7.846,690,1960-02-08,sv,Released
7822,25009,0,0,116,2.6489,6.442,181,1953-09-23,en,Released
7826,40092,0,956625,110,3.7241,6.8,142,1947-09-01,en,Released
7831,14589,1107000,2223000,103,2.3205,7.1,145,1939-11-17,en,Released
7832,14594,1401000,2814000,101,2.671,7.1,111,1944-12-24,en,Released
7833,14590,821000,2301000,97,2.4147,7.0,125,1941-11-21,en,Released
7834,14588,673000,3165000,112,3.7448,7.3,206,1936-12-25,en,Released
7835,14595,1670000,2305000,86,2.7284,6.7,107,1947-08-28,en,Released
7839,20644,889900,2000000,99,2.311,6.8,39,1941-05-23,en,Released
7840,24965,1915000,2807000,117,3.3961,6.5,190,1939-01-26,en,Released
7841,192936,,,,,,,,,
7842,876,,,,,,,,,
7843,1583,0,0,93,1.5375,6.915,240,2001-08-23,de,Released
7844,17653,0,3956913,106,4.337,7.0,189,1993-03-04,cn,Released
7845,11069,4000000,0,100,8.8478,6.4,1107,1996-04-09,en,Released
7846,10829,6000000,0,104,5.871,5.8,742,2001-10-02,en,Released
7879,57946,0,0,95,0.8382,5.647,17,2002-06-29,en,Released
7882,29049,135400,2345000,91,3.0908,6.382,161,1966-01-02,en,Released
7883,27130,0,0,69,2.6306,6.815,343,1943-04-21,en,Released
7884,8468,0,0,103,1.627,6.8,22,1991-09-05,en,Released
7888,22682,3500000,2500000,121,3.0585,6.656,64,1967-03-09,en,Released
7889,11577,4638783,11000000,106,5.0388,7.207,481,1973-05-23,en,Released
7891,21159,300000,0,87,4.7032,6.585,498,1964-05-06,en,Released
7894,336,0,0,157,6.5988,7.667,1223,1971-10-29,it,Released
7895,11942,1500000,700000,113,6.1822,7.081,440,1974-08-01,en,Released
7896,36206,813000,0,94,5.4742,7.1,253,1962-05-09,en,Released
7899,49636,0,0,93,2.1325,6.699,108,1976-04-24,zh,Released
7900,3075,0,0,101,3.7672,6.317,134,1969-05-22,en,Released
7916,43096,0,1500000,95,2.9826,6.0,44,1959-04-09,en,Released
7920,14262,65000,0,91,4.1486,6.356,125,1977-05-27,en,Released
7924,30368,0,47005,122,2.8187,7.582,378,1949-10-17,ja,Released
7925,1059,0,57673,139,5.5824,7.987,741,1958-12-28,ja,Released
7926,12493,250000,0,142,11.8296,8.4,1195,1963-03-01,ja,Released
7930,13122,6000000,31400000,102,6.2618,6.575,798,1991-11-01,en,Released
7932,14273,0,333843,82,1.4703,7.3,126,2000-08-30,en,Released
7934,11030,13500000,11798616,79,2.9049,7.428,938,1983-07-15,en,Released
7936,26372,0,0,104,3.5224,7.508,247,1968-09-29,sv,Released
7937,11506,0,0,95,3.3862,7.507,411,1963-09-23,sv,Released
7938,29455,0,0,80,4.0261,7.865,524,1963-02-11,sv,Released
7939,11602,0,8939,91,4.6728,7.781,555,1961-10-16,sv,Released
7940,29453,0,0,102,3.1824,7.329,251,1958-12-26,sv,Released
7943,14638,0,0,103,4.751,7.364,447,1946-08-30,en,Released
7944,14703,3000000,12000000,118,2.6708,7.155,174,1964-08-06,en,Released
7951,20481,11000000,8862354,102,6.442,6.388,561,1990-02-16,en,Released
7976,7090,1300000,447741,97,7.2582,5.996,711,2003-01-30,en,Released
7979,42632,0,0,80,1.8306,7.362,98,1968-12-26,en,Released
7980,5902,22000000,50750000,175,10.5337,7.201,977,1977-06-15,en,Released
7981,10775,6400000,8836958,101,9.8453,7.805,1934,2002-12-12,cn,Released
7982,4552,15100000,1100000,115,10.8643,7.108,1394,2003-06-13,ko,Released
7983,12762,8000000,10600497,84,2.9511,7.1,503,1984-01-27,en,Released
7984,14510,4500000,1261000,85,6.527,6.478,696,1986-10-24,en,Released
7986,15618,10000000,0,85,2.6479,5.5,162,1990-11-21,en,Released
7987,24341,0,0,77,3.4582,6.362,380,1987-03-12,en,Released
7988,10690,25000000,1614266,95,3.8148,5.448,202,1996-10-04,en,Released
7991,13282,300000,8000000,80,5.0284,6.162,594,1975-04-30,en,Released
7993,22642,50000,180000,66,3.3543,6.588,170,1959-10-21,en,Released
8008,18283,0,0,108,3.4321,6.529,174,1954-09-08,en,Released
8010,13823,18000000,2827107,127,4.7927,7.46,156,1992-03-27,en,Released
8011,14108,0,0,92,1.8988,6.565,54,2002-11-17,en,Released
8012,4291,0,0,121,5.2863,7.521,616,1999-06-05,ja,Released
8014,113,0,8945072,103,4.4215,7.8,1241,2003-09-19,ko,Released
8015,28476,0,0,89,1.5284,6.919,86,1970-11-07,en,Released
8016,5916,3352254,36734619,123,6.2634,7.148,692,1972-12-13,en,Released
8019,12205,4000000,1686839,101,4.7193,6.8,757,2002-01-19,ja,Released
8024,27804,14000000,1029721,116,3.0136,6.128,152,1993-08-27,en,Released
8025,46187,2000000,1126506,96,1.8228,7.0,105,1997-10-13,ru,Released
8033,3001,6400000,4400000,123,5.8371,7.512,684,1966-07-13,en,Released
8035,39434,3800000,0,119,3.8004,5.453,298,1996-01-26,it,Released
8042,203,500000,3000000,112,9.1879,7.044,2364,1973-10-14,en,Released
8043,38749,0,5145823,99,2.5163,6.336,67,1993-04-02,en,Released
8044,29740,195845,0,92,4.1595,7.78,234,1932-11-09,en,Released
8045,10652,0,13839404,110,5.6064,6.579,528,1987-08-07,en,Released
8057,33632,0,0,120,3.1553,6.729,140,1962-03-21,en,Released
8092,3072,11500000,334748,85,3.2446,5.864,140,1990-11-02,en,Released
8093,10355,8500000,0,125,2.7669,6.393,197,1999-02-13,ko,Released
8094,14554,1271000,3788000,81,4.8404,7.3,437,1955-01-13,en,Released
8117,250,0,0,91,3.6933,7.312,309,1999-09-10,da,Released
8118,19086,0,6698361,110,5.0829,5.633,256,1990-08-24,en,Released
8119,15392,0,5738952,99,5.5683,7.345,496,1986-03-14,en,Released
8121,41277,0,0,108,1.759,6.9,93,2003-05-20,fr,Released
8125,631,0,1636000,94,5.7414,7.81,932,1927-11-04,en,Released
8126,25504,0,0,102,2.5293,6.948,305,1963-09-25,en,Released
8128,1786,3000000,4542825,105,4.8764,7.525,751,1987-10-07,fr,Released
8131,210937,0,0,93,2.3492,5.4,6,2001-01-17,en,Released
8132,16219,20000000,9223441,101,6.5921,7.641,421,1992-03-06,en,Released
8136,48385,0,0,72,1.7021,4.366,56,1956-03-24,en,Released
8137,27545,50000,0,61,3.0214,4.5,123,1959-10-30,en,Released
8138,22718,0,0,62,2.9402,4.0,88,1959-07-15,en,Released
8142,11315,4615,0,105,3.7213,6.393,182,1999-11-27,ja,Released
8143,35987,0,0,116,3.4853,6.901,156,1955-12-23,fr,Released
8147,29146,950000,814666,103,2.5134,6.452,124,1968-09-23,en,Released
8153,29592,0,0,122,3.4268,7.179,210,1956-09-15,en,Released
8154,439,0,19647000,174,9.7789,8.023,2079,1960-02-05,it,Released
8157,823,0,94072,102,6.7796,7.398,591,1999-11-17,ja,Released
8158,20289,17000000,0,120,2.8958,6.675,163,1991-12-22,en,Released
8167,16905,1200000,0,119,4.1719,7.247,283,1935-12-26,en,Released
8169,11548,25000000,65088797,107,6.9222,6.743,837,1987-12-18,en,Released
8183,38291,0,0,106,3.1978,6.892,212,1983-06-16,en,Released
8188,20532,0,0,124,3.9184,8.074,441,1954-03-31,ja,Released
8189,2546,0,0,93,2.3239,6.552,191,1960-10-28,fr,Released
8190,42791,0,0,115,3.603,6.7,83,1964-10-27,en,Released
8191,22522,0,0,145,3.4933,7.165,136,1969-12-18,en,Released
8195,5165,0,0,144,5.4418,7.529,773,1960-09-14,it,Released
8196,5722,2090000,9000000,109,4.9237,6.136,224,1970-06-17,en,Released
8197,5544,0,3193,92,6.2174,7.67,955,1959-06-10,fr,Released
8199,14696,0,0,96,3.9206,8.0,664,1953-03-26,ja,Released
8207,4909,0,16056255,143,8.2416,7.527,711,1973-05-16,en,Released
8225,19185,4200000,5835247,88,7.1203,6.879,1010,1990-10-19,en,Released
8228,28257,0,0,80,2.4039,6.409,55,1931-05-23,en,Released
8232,20643,0,0,99,2.7427,7.19,58,1940-08-09,en,Released
8235,22596,121000,1500000,73,4.5194,7.728,604,1923-03-12,en,Released
8236,36786,0,0,100,3.0903,6.88,150,1956-04-19,en,Released
8238,27459,0,0,108,2.4419,6.7,76,1971-02-09,en,Released
8239,4497,0,679244,90,4.2534,7.659,568,1962-04-01,es,Released
8241,25224,10000000,1935539,105,2.2918,5.34,50,1997-08-22,en,Released
8253,15371,7202188,8194857,102,10.2309,7.505,1173,1979-07-06,ja,Released
8254,11044,19000000,112547,142,6.3023,7.127,801,1993-01-06,en,Released
8261,41662,1500000,5568,124,4.1264,7.1,356,1977-04-29,en,Released
8264,17346,500000,41702,95,2.3072,7.27,257,1976-02-19,en,Released
8266,13763,7200000,68392977,111,3.7345,6.703,436,1984-07-27,en,Released
8268,10498,0,30038362,108,5.7873,6.22,770,1993-03-19,en,Released
8270,11796,0,0,82,3.5925,6.792,233,1990-10-03,fr,Released
8275,34847,0,0,65,2.0254,6.693,132,1927-09-10,en,Released
8290,32303,0,0,97,1.3186,3.255,47,1975-09-10,en,Released
8293,41779,0,0,115,2.3012,5.8,38,1992-12-16,en,Released
8302,42814,0,0,101,2.1288,6.444,89,1931-04-04,en,Released
8327,870,0,0,114,2.2647,7.518,379,2002-10-12,ja,Released
8331,26319,0,0,112,2.962,7.05,100,1941-12-24,en,Released
8335,41059,0,0,92,3.326,7.496,225,1937-05-09,en,Released
8336,39871,0,2500000,100,3.2526,7.083,151,1942-09-16,en,Released
8337,10178,2000000,21750000,124,5.3426,7.243,383,1954-06-24,en,Released
8338,16391,1200000,0,100,5.2451,7.488,579,1947-05-26,en,Released
8340,10734,8000000,43004381,113,13.1008,7.502,3283,1979-06-22,en,Released
8341,10949,375000,400000,121,4.192,7.557,265,1948-06-28,en,Released
8360,809,150000000,932542741,92,24.7234,7.33,13785,2004-05-19,en,Released
8361,435,125000000,552639571,124,15.0717,6.565,9136,2004-05-26,en,Released
8362,4599,50000000,49700000,119,5.5617,6.148,716,2004-05-27,en,Released
8363,12657,16000000,14800000,86,8.1202,5.509,519,2004-05-28,en,Released
8364,28219,0,365248,108,2.0536,6.468,62,2004-05-28,en,Released
8366,13193,5000000,10100000,92,4.1301,6.434,530,2004-06-11,en,Released
8368,673,130000000,789804554,141,47.4234,8.012,23658,2004-05-31,en,Released
8369,16617,27000000,21100000,106,7.6308,6.5,1374,2004-05-07,en,Released
8370,246,2500000,34196922,116,6.3264,7.237,993,2003-09-06,ja,Released
8371,2789,105000000,115772733,119,7.5024,6.56,4645,2004-06-11,en,Released
8372,8920,50000000,200800000,80,12.2847,5.724,4329,2004-06-10,en,Released
8373,9890,90000000,102000000,93,7.8459,5.682,1464,2004-06-10,en,Released
8375,26254,0,376612,90,1.8938,5.667,15,2004-04-27,en,Released
8376,8193,400000,46118097,95,7.8841,6.799,2261,2004-06-11,en,Released
8378,26142,12000000,38120905,122,4.205,6.489,88,1991-07-24,en,Released
8379,42122,0,0,118,2.8518,6.833,84,1983-12-06,en,Released
8380,65137,0,3418141,95,4.5604,5.813,96,1993-08-27,en,Released
8382,35151,0,20419446,96,3.5804,5.748,101,1987-11-06,en,Released
8383,21544,0,1600000,90,3.852,5.3,181,2003-05-09,en,Released
8385,40894,0,16937969,107,2.4813,7.0,175,1961-12-20,en,Released
8387,11546,10000000,126247,83,7.5202,4.594,1006,1994-06-09,en,Released
8391,18387,11000000,0,120,3.8366,6.937,197,1978-05-26,en,Released
8402,52560,0,1,82,2.6182,5.5,19,1990-08-03,en,Released
8405,18333,0,0,88,4.8244,7.438,575,1968-02-19,sv,Released
8410,18398,0,0,77,3.2914,6.399,124,1954-09-17,en,Released
8424,80708,340691,0,83,1.5418,6.23,63,1930-04-19,en,Released
8425,76516,5000000,485772,90,2.1764,5.589,45,1990-06-06,en,Released
8426,33441,0,0,93,2.2168,6.663,86,1987-07-21,ja,Released
8427,47819,0,0,84,2.0345,3.6,15,1979-08-10,en,Released
8446,18712,1000000,7800000,100,3.1986,6.35,180,1950-01-01,en,Released
8447,831,800000,1700000,85,3.6529,6.015,240,1955-06-10,en,Released
8450,37658,1192000,2750000,141,2.0282,5.689,37,1936-08-26,en,Released
8451,26516,0,0,101,3.4867,6.912,165,1955-03-25,en,Released
8454,10573,0,0,103,1.175,6.2,42,1999-09-08,ru,Released
8456,26451,0,0,111,5.4028,8.195,896,1970-10-16,it,Released
8458,54568,0,0,122,2.5205,7.029,34,1946-03-12,en,Released
8459,28571,2600000,2300000,115,3.5264,7.756,287,1949-10-06,en,Released
8461,123665,3070000,4627000,148,2.177,6.789,19,1944-07-20,en,Released
8462,43336,0,0,104,3.2237,7.071,63,1954-04-30,en,Released
8463,62000,0,0,102,2.621,6.87,77,1948-09-14,en,Released
8464,9372,65000,28575078,100,3.8808,6.719,1834,2004-01-17,en,Released
8465,41495,0,0,107,1.8561,6.2,51,1941-12-09,en,Released
8477,662,0,0,29,4.3256,7.855,1047,1962-02-16,fr,Released
8481,43805,0,0,126,2.5993,6.569,65,1940-02-23,en,Released
8482,16559,0,0,111,4.5763,7.137,310,1945-03-03,en,Released
8484,31217,0,0,204,3.7373,8.1,297,1959-01-15,ja,Released
8487,19414,1775000,5150000,112,3.0316,6.157,86,1960-03-31,en,Released
8491,15794,1300000,3483000,114,4.7163,7.646,558,1949-09-02,en,Released
8492,13188,0,0,86,4.5554,7.438,382,1951-11-30,en,Released
8493,12651,23000000,0,107,4.8912,6.8,453,1990-09-07,en,Released
8494,886,0,15260000,102,5.0134,6.981,317,1965-10-15,en,Released
8495,9791,3600000,43805,94,4.0023,6.329,272,2000-10-13,en,Released
8500,38582,0,1330000,84,3.4733,7.0,302,1974-03-21,ja,Released
8501,9542,6000000,5844868,98,9.279,6.944,1110,1986-01-17,en,Released
8502,17820,2300000,11000000,107,2.961,6.2,82,1951-07-19,en,Released
8506,37696,6600000,0,91,2.4469,5.838,207,2003-04-04,en,Released
8507,136,310607,0,64,6.8185,7.768,1341,1932-01-01,en,Released
8511,47653,0,0,24,3.1129,7.27,328,1917-06-17,en,Released
8512,10970,4400000,36145695,87,4.4856,6.535,355,1976-06-17,en,Released
8518,42812,0,0,89,2.0142,6.026,58,1930-02-21,en,Released
8521,3019,535000,1300000,96,3.9437,7.22,339,1931-12-24,en,Released
8526,10204,110000000,72178895,120,11.1973,5.955,2782,2004-06-16,en,Released
8528,9472,20000000,168423227,92,13.4577,6.367,3962,2004-06-18,en,Released
8529,594,60000000,219417255,128,18.6579,7.354,8968,2004-06-17,en,Released
8530,8981,0,1656829,105,3.9725,7.1,225,2004-05-18,en,Released
8531,12153,37000000,113100000,109,34.3725,6.964,4750,2004-06-23,en,Released
8532,1944,7500000,6715067,111,4.4838,6.103,234,2004-07-18,en,Released
8533,11036,29000000,115600000,123,31.6263,7.889,12877,2004-06-25,en,Released
8534,1997,74500000,62172050,109,4.8716,7.2,907,2004-04-07,en,Released
8535,15237,15000000,18400000,125,3.0869,6.122,152,2004-07-02,en,Released
8542,11939,2016000,2305000,109,3.238,7.129,240,1937-06-11,en,Released
8571,26520,2000000,30000000,105,4.8122,6.263,116,1969-09-17,en,Released
8574,21386,0,0,24,1.2095,7.205,22,1987-12-21,en,Released
8575,24908,0,0,90,2.0185,6.486,50,2000-06-12,fr,Released
8577,25783,0,0,99,1.7981,6.588,50,2003-02-14,en,Released
8578,8991,645000,187847,97,2.7743,5.459,245,2003-09-04,en,Released
8580,23378,0,0,153,2.5287,8.082,55,1991-03-15,en,Released
8581,3293,0,0,97,4.8288,7.034,621,1999-06-20,en,Released
8582,36947,0,0,167,2.0157,7.599,96,1992-11-06,en,Released
8587,61487,0,0,94,2.3926,6.935,31,2003-06-17,en,Released
8588,14365,25000000,7775138,100,4.9874,5.6,381,2002-05-10,en,Released
8591,10606,9000000,8103330,102,5.8119,6.123,472,1984-10-05,en,Released
8593,16136,5000000,20146880,96,5.0605,7.205,483,1992-01-17,en,Released
8596,6081,12000000,49579269,99,6.565,6.409,503,1978-01-08,en,Released
8600,13696,633000,1700000,97,2.9548,7.533,368,1938-11-26,en,Released
8601,44494,0,0,48,1.8212,6.879,269,1933-04-07,fr,Released
8604,2330,8700000,44218015,86,10.1299,6.729,2812,1998-04-08,fr,Released
8605,2334,14500000,64497208,87,5.3083,5.8,1709,2003-01-29,fr,Released
8607,13398,2400000,607735,92,6.0447,7.926,1572,2003-12-05,ja,Released
8609,701,0,0,73,3.1746,7.494,328,1923-11-19,en,Released
8610,10631,0,36403064,93,3.3159,6.488,389,1984-09-21,en,Released
8611,43466,0,0,97,3.0669,7.125,40,1947-03-26,en,Released
8614,10780,22000000,26700000,112,8.1285,6.844,1038,1987-12-16,en,Released
8617,23724,2800000,10000000,109,3.2225,6.263,99,1960-11-04,en,Released
8620,29264,0,0,93,4.0161,7.915,768,1962-05-16,es,Released
8622,1777,6000000,222400000,123,4.9695,7.085,1565,2004-06-25,en,Released
8623,11584,12000000,40050884,107,4.4009,6.432,718,1987-06-19,en,Released
8626,26811,0,0,98,3.5545,6.465,200,1965-02-23,en,Released
8632,161080,0,4275,92,1.4419,4.75,4,2000-10-29,en,Released
8633,11884,15000000,28733290,101,7.5462,6.605,804,1984-07-13,en,Released
8636,558,200000000,788976453,127,16.9441,7.332,16937,2004-06-25,en,Released
8638,80,2700000,15992615,80,10.8442,7.8,3925,2004-06-16,en,Released
8640,9477,120000000,203567857,126,12.318,6.303,3010,2004-07-07,en,Released
8641,8699,26000000,90574188,95,13.0154,6.702,4754,2004-06-28,en,Released
8643,11247,19000000,70067909,95,14.5088,6.592,3441,2004-07-16,en,Released
8644,2048,120000000,347234916,115,26.1144,6.971,13005,2004-07-15,en,Released
8645,436,3000000,12450821,101,4.0969,7.201,443,2004-04-02,es,Released
8650,43004,500000,0,170,2.1369,6.9,81,1962-10-09,en,Released
8656,10754,0,0,85,2.8664,7.619,415,1988-03-11,pl,Released
8665,2502,75000000,288500217,108,16.7978,7.334,8414,2004-07-23,en,Released
8666,314,100000000,82102379,104,11.5363,4.6,3702,2004-07-22,en,Released
8667,18923,6500000,1548955,96,3.4863,6.417,181,2004-07-23,en,Released
8670,12206,0,27690,122,4.2085,7.576,295,1933-04-21,de,Released
8677,68064,0,0,195,2.1765,5.8,25,1940-03-03,en,Released
8684,15244,0,0,101,6.0758,7.953,637,1956-11-11,fr,Released
8685,62395,0,0,91,3.829,7.4,300,1955-02-24,es,Released
8690,24559,3200000,0,100,4.8468,6.5,266,1972-03-15,en,Released
8695,27437,1961000,5550000,95,3.4412,6.906,143,1947-09-01,en,Released
8711,32294,0,0,94,3.7344,6.952,207,1948-03-25,en,Released
8712,41463,921000,2057000,88,3.1069,7.0,176,1940-05-17,en,Released
8713,19051,5000000,3569939,100,4.5841,5.9,83,1988-03-01,en,Released
8714,43485,0,0,128,3.1385,5.987,38,1946-07-02,en,Released
8718,62694,0,0,108,2.505,7.106,118,1948-11-04,en,Released
8720,53287,22000000,11000863,86,3.1312,5.93,128,1991-10-04,en,Released
8724,1040,0,0,186,7.735,7.716,979,1963-03-27,it,Released
8727,5122,0,0,145,4.2808,6.429,113,1975-05-07,en,Released
8730,1783,14000000,0,108,4.6703,6.406,191,2001-09-02,en,Released
8738,31522,160000,100655,83,4.2927,7.3,412,1961-09-06,fr,Released
8743,22976,0,112132,108,2.6294,5.232,82,1986-05-30,en,Released
8748,42801,0,0,119,3.7601,7.42,482,1963-12-21,it,Released
8753,41316,0,0,50,1.3289,7.333,12,2002-09-17,en,Released
8754,5179,0,0,116,2.4023,6.955,132,1969-02-24,en,Released
8755,53198,0,0,246,2.2592,7.59,72,1999-09-11,it,Released
8765,16703,512423,1000000,81,3.8388,6.962,197,1942-04-24,en,Released
8771,20408,0,0,60,2.9839,6.615,161,1946-02-01,en,Released
8772,13580,0,0,112,4.6481,7.086,349,1965-12-16,en,Released
8773,18706,0,0,68,3.5118,6.436,149,1942-12-25,en,Released
8774,34327,0,0,68,2.8793,6.525,159,1945-06-15,en,Released
8778,20417,0,0,72,3.1206,6.661,143,1946-05-24,en,Released
8781,14462,80000000,96105964,130,7.7824,6.496,1805,2004-07-30,en,Released
8782,14623,57000000,28283637,95,5.1144,5.06,327,2004-07-23,en,Released
8783,6947,60000000,256700000,108,17.0362,6.495,4729,2004-07-30,en,Released
8784,401,2500000,26781723,102,6.7979,7.074,2119,2004-07-28,en,Released
8795,23305,0,0,86,1.836,6.239,46,2001-09-23,en,Released
8796,17768,0,0,97,3.535,6.1,129,1966-10-16,en,Released
8798,1538,65000000,220239925,120,18.2029,7.248,6503,2004-08-04,en,Released
8799,14846,35000000,22035509,107,5.0267,5.353,373,2004-08-06,en,Released
8800,2577,7500000,0,93,4.8617,6.155,413,2003-09-02,en,Released
8804,41975,0,0,108,3.2359,7.27,191,1988-09-14,fr,Released
8807,11282,9000000,23936908,88,10.584,6.578,2377,2004-07-02,en,Released
8808,11130,40000000,134734481,113,13.2752,6.717,3472,2004-08-06,en,Released
8809,14389,0,0,100,1.8183,6.076,86,2003-05-16,en,Released
8810,395,70000000,177427090,101,11.5334,5.96,5142,2004-08-12,en,Released
8813,23601,3000000,2037545,101,3.2049,5.683,123,2004-08-13,en,Released
8814,10762,19000000,69600000,95,6.584,5.651,742,2004-08-20,en,Released
8815,11026,80000000,78000586,114,5.5454,5.411,922,2004-08-20,en,Released
8827,20120,0,0,105,1.5555,7.59,67,1983-05-20,en,Released
8830,11237,20000000,70992898,96,9.414,5.505,1140,2004-08-25,en,Released
8831,8080,27000000,13000000,99,5.094,5.562,412,2004-08-27,en,Released
8832,14797,10000000,6106178,114,3.5565,6.2,103,2003-09-23,zh,Released
8833,11632,23000000,16123851,141,4.9428,5.79,365,2004-09-01,en,Released
8835,15644,20000000,16800000,84,3.5771,5.319,213,2004-09-03,en,Released
8836,11208,30000000,13000000,115,7.4045,6.8,764,2004-09-03,en,Released
8838,16153,1800000,21000000,112,6.1114,6.962,555,1974-12-09,en,Released
8840,42694,0,0,90,3.2077,6.0,224,1968-09-08,en,Released
8844,42164,0,0,112,2.4722,7.54,198,1979-11-16,pl,Released
8848,12548,0,0,103,5.3141,7.649,757,1953-09-17,it,Released
8860,9759,25000000,57678321,94,9.8671,6.402,2168,2004-09-06,en,Released
8861,1577,45000000,129342769,94,15.3121,6.369,4939,2004-09-10,en,Released
8864,16232,30000000,21800000,103,3.5152,5.29,186,2004-06-15,en,Released
8865,5137,70000000,57958696,107,6.552,5.897,1423,2004-09-17,en,Released
8866,11823,31000000,41512007,98,4.9071,6.234,1102,2004-09-13,en,Released
8869,13969,30000000,10592180,105,8.795,6.187,1031,2004-09-24,en,Released
8870,10145,42000000,117592831,91,8.8297,5.939,1288,2004-09-24,en,Released
8873,1653,0,57663224,126,5.2822,7.401,1472,2004-02-06,es,Released
8874,747,6000000,39396175,99,20.6967,7.546,9637,2004-04-09,en,Released
8875,84214,0,0,96,2.1814,7.256,45,1953-03-06,en,Released
8879,4176,1400000,35700000,128,10.3268,7.147,1626,1974-11-22,en,Released
8880,11177,7500000,48230162,120,5.301,7.258,508,1985-03-08,en,Released
8894,12707,17500000,14717854,92,5.4224,6.181,484,1977-07-22,en,Released
8905,1492,47000000,7191399,154,8.1497,6.293,949,1992-08-09,en,Released
8906,8689,100000,2000000,96,18.4769,6.3,1941,1980-02-07,it,Released
8907,10555,75000000,367300000,90,17.4242,6.046,6840,2004-09-20,en,Released
8908,11128,60000000,100572044,115,6.6984,6.483,910,2004-10-01,en,Released
8910,1599,22000000,20094909,106,6.1057,6.303,733,2004-09-10,en,Released
8911,14024,15000000,14867514,107,5.005,6.552,870,2004-08-10,en,Released
8912,11045,25000000,71255003,97,8.47,5.569,1216,2004-10-06,en,Released
8914,14337,7000,545436,77,6.1504,6.75,2551,2004-10-08,en,Released
8915,26108,0,776691,106,3.2024,6.6,148,2004-09-03,en,Released
8916,4380,50000000,170128460,106,7.6511,6.443,1323,2004-10-15,en,Released
8917,3989,32000000,50826898,98,8.3797,6.7,2123,2004-10-10,en,Released
8918,16358,6500000,89781,91,2.8974,6.4,145,2004-10-15,en,Released
8919,25313,0,273023,97,2.6721,5.6,81,2004-10-15,en,Released
8920,2438,0,0,104,4.1303,7.026,96,1954-12-15,en,Released
8921,65550,0,0,117,2.5814,6.871,89,1955-12-12,en,Released
8928,3053,2000000,0,108,5.233,6.941,852,1967-11-13,en,Released
8933,18499,1800000,30000000,101,2.6175,6.672,183,1986-06-19,fr,Released
8934,36616,0,8442162,73,2.26,6.109,78,1992-07-31,en,Released
8937,13416,30000000,61255921,118,5.0873,6.899,651,2004-10-08,en,Released
8938,1435,218,1162014,91,1.8016,6.803,89,2003-10-19,en,Released
8939,11099,0,3222439,95,5.4395,6.079,794,2004-10-15,en,Released
8943,18701,18000000,14300000,104,3.737,6.372,125,2004-09-03,en,Released
8946,15566,45000000,14793624,91,4.7529,5.725,601,2004-09-21,en,Released
8947,1970,10000000,183474602,92,12.1838,5.944,3294,2004-10-22,en,Released
8948,8849,60000000,35060882,106,5.008,5.857,902,2004-10-22,en,Released
8949,9675,16000000,109502303,127,6.746,7.101,1970,2004-10-22,en,Released
8950,4553,5000000,8203235,102,11.5307,7.519,6361,2004-09-24,en,Released
8951,11109,11000000,13300000,125,4.6296,7.182,426,2004-10-22,en,Released
8952,48678,0,0,109,1.4867,5.957,23,2003-11-13,en,Released
8954,126148,0,0,103,1.7334,7.571,7,2004-02-12,en,Released
8955,16131,0,156767,108,3.3498,6.1,141,2004-10-22,en,Released
8957,176,1200000,104045735,103,22.4736,7.427,10339,2004-10-01,en,Released
8958,1677,40000000,124700000,152,10.3956,7.451,2306,2004-10-29,en,Released
8959,10740,20000000,23900000,100,6.1384,6.074,788,2004-10-29,en,Released
8961,9806,92000000,631442092,115,39.3236,7.729,19318,2004-10-27,en,Released
8964,47959,0,0,111,2.4926,6.5,38,2002-09-18,en,Released
8965,5255,165000000,318432432,100,19.3731,6.725,7035,2004-11-10,en,Released
8966,11184,11000000,17050017,118,5.0847,6.593,537,2004-09-04,en,Released
8967,11249,12000000,24829644,86,14.605,5.509,1800,2004-11-12,en,Released
8968,10589,60000000,61300000,97,9.9143,6.183,901,2004-11-12,en,Released
8969,9801,40000000,265126918,108,10.1094,6.227,3085,2004-11-10,en,Released
8970,866,25000000,116766556,106,10.3449,7.316,3811,2004-10-29,en,Released
8972,2059,100000000,347500000,131,21.0033,6.652,7065,2004-11-19,en,Released
8973,140,5000000,40266982,105,7.1785,7.358,1096,2004-03-19,es,Released
8974,11836,30000000,141067890,87,24.409,7.11,3306,2004-11-19,en,Released
8977,1966,155000000,167298192,176,17.2351,5.96,3608,2004-11-21,en,Released
8978,13673,60000000,0,99,8.9038,6.168,1341,2004-11-24,en,Released
8979,174787,0,0,89,1.0409,6.333,12,2004-11-26,en,Released
8981,2288,27000000,115505027,104,9.2541,6.829,3822,2004-12-03,en,Released
8982,15397,0,0,90,3.7934,6.835,112,2003-12-03,en,Released
8983,9550,15000000,92863945,119,7.4984,7.266,1851,2004-07-16,zh,Released
8984,163,110000000,362744280,125,17.9065,6.565,8129,2004-12-09,en,Released
8985,36648,65000000,128905366,113,15.9921,5.861,4465,2004-12-08,en,Released
8987,33377,0,0,80,1.5189,6.6,15,2004-03-13,en,Released
8989,41253,0,0,111,1.9958,6.5,43,1958-09-26,en,Released
8998,33740,3200000,19100000,135,3.5158,7.354,72,1974-06-21,en,Released
9004,16248,10000000,7840873,100,5.1581,6.407,381,1985-06-14,en,Released
9005,15613,15000000,19885552,109,8.1608,6.69,746,1993-03-12,en,Released
9008,28421,281743,0,81,3.6973,6.3,143,1940-01-12,en,Released
9010,8424,0,8561371,93,3.6201,7.22,1908,2003-09-17,fr,Released
9018,18889,0,2586511,84,1.1128,7.347,62,2004-01-22,en,Released
25746,18987,1250000,0,113,2.8719,6.549,143,1923-09-06,en,Released
25750,992,0,0,45,5.5345,8.0,1207,1924-04-17,en,Released
25752,42359,0,0,77,2.515,6.951,133,1925-09-20,en,Released
25753,1405,665603,274827,140,4.9258,7.297,207,1924-12-04,en,Released
25757,939,422000,2600000,96,3.7744,6.104,259,1927-10-06,en,Released
25769,25768,0,0,70,3.2876,7.593,407,1928-05-09,en,Released
25771,626,124797,0,17,4.8771,7.396,1456,1929-06-05,fr,Released
25773,27899,281000,752000,78,3.6923,6.862,311,1931-01-25,en,Released
25782,48365,0,0,84,1.4852,6.9,158,1932-11-11,fr,Released
25788,877,800000,600000,93,5.2475,7.403,717,1932-04-09,en,Released
25795,39130,435000,2156000,111,2.3669,6.771,133,1933-12-22,en,Released
25797,31511,433000,3200000,97,2.8138,7.203,182,1933-05-27,en,Released
25805,43904,0,0,88,2.7876,7.475,480,1934-04-24,fr,Released
25825,14615,604000,1300000,92,3.7765,7.475,262,1936-06-05,en,Released
25826,31773,0,0,98,3.0328,7.283,136,1936-10-09,en,Released
25827,24807,0,0,115,3.4791,7.538,416,1936-04-09,en,Released
25833,43874,0,0,109,3.5461,6.952,157,1936-12-26,en,Released
25834,16515,1645000,0,115,3.5958,7.439,196,1937-06-25,en,Released
25841,43864,952000,1762000,92,3.1318,7.147,143,1937-10-08,en,Released
25850,16274,0,0,97,3.9321,7.308,305,1938-05-26,en,Released
25855,37698,0,0,104,2.6479,7.535,275,1939-10-28,en,Released
25856,3084,0,0,104,7.728,7.183,336,1939-04-07,en,Released
25865,17801,0,0,95,3.1405,7.275,253,1940-11-21,en,Released
25870,38914,0,0,94,3.2987,7.008,126,1941-08-07,en,Released
25886,22387,1210000,8147000,125,2.6085,7.309,118,1942-12-17,en,Released
25887,27655,0,0,118,2.6364,6.4,39,1942-08-05,en,Released
25898,41391,0,0,97,4.1103,7.996,258,1943-11-13,da,Released
25905,42879,0,0,98,3.16,6.829,126,1944-09-18,en,Released
25906,43307,0,0,145,3.8161,6.8,75,1944-05-25,en,Released
25923,14320,400000,420000,118,4.4699,7.294,389,1946-12-26,en,Released
25927,20246,1034000,3220000,95,3.3088,7.212,660,1946-06-02,en,Released
25937,29380,0,0,103,4.5414,7.041,157,1948-07-08,en,Released
25940,3766,2300000,1564609,87,5.9456,7.334,746,1947-12-24,en,Released
25946,41609,4474000,8412000,125,3.6537,6.8,164,1948-10-20,en,Released
25947,33115,0,0,105,2.6454,7.25,128,1948-11-05,en,Released
25952,45578,0,5400000,103,3.2236,7.2,179,1949-01-20,en,Released
25959,25209,3768785,8000000,107,3.2994,6.7,88,1950-05-17,en,Released
25962,43388,2300000,15057465,103,3.2662,6.496,140,1950-11-09,en,Released
25963,800,0,0,82,4.9352,8.054,560,1950-12-09,es,Released
25996,3111,5019770,12000000,176,4.9708,7.128,340,1954-10-01,en,Released
25999,28696,0,0,79,3.8355,6.5,345,1953-12-30,en,Released
26002,44026,0,0,107,3.0797,6.8,201,1955-08-09,en,Released
26003,803,0,0,32,6.8307,8.282,588,1956-05-22,fr,Released
26038,43137,0,0,120,3.0928,6.847,108,1958-04-01,en,Released
26048,34528,0,0,178,4.1242,8.215,232,1959-11-20,ja,Released
26052,690,0,0,75,10.3964,7.275,588,1959-12-16,fr,Released
26059,36872,0,0,111,1.9697,7.962,131,1960-01-15,ja,Released
26073,34530,0,0,190,3.651,8.416,225,1961-01-28,ja,Released
26078,17185,0,2000000,139,4.0347,7.211,128,1962-06-06,en,Released
26082,14537,0,0,135,12.0141,8.46,1282,1962-09-15,ja,Released
26084,13671,4240000,15000000,151,3.104,7.104,201,1962-06-19,en,Released
26085,11085,19000000,13680000,185,5.5473,7.06,360,1962-11-08,en,Released
26095,52705,0,0,80,1.8567,6.484,99,1963-05-31,fr,Released
26116,10299,2200000,4000000,133,3.6607,7.304,294,1964-12-16,en,Released
26122,3763,0,0,105,4.18,7.7,504,1964-11-21,ja,Released
26124,7348,1200000,0,110,3.1671,6.3,158,1964-06-01,en,Released
26131,17295,800000,964028,122,8.0994,7.901,929,1966-09-08,it,Released
26133,13187,96000,0,25,6.2022,7.694,813,1965-12-09,en,Released
26142,29715,3800000,14873,125,5.4135,6.654,182,1965-03-15,en,Released
26147,42731,0,0,118,2.0356,6.886,35,1965-12-13,en,Released
26150,895,1300000,24173,183,4.5926,7.942,979,1966-12-16,ru,Released
26151,20108,0,39388,96,4.6393,7.546,527,1966-05-25,fr,Released
26152,2661,1377800,3900000,105,6.9932,6.374,1094,1966-07-30,en,Released
26158,789,0,0,93,3.0065,7.21,278,1966-11-18,cs,Released
26159,45706,0,0,83,2.3562,7.1,217,1966-04-10,ja,Released
26169,17905,0,0,91,2.3732,7.206,262,1967-06-15,ja,Released
26171,10227,0,0,115,5.941,7.7,697,1967-12-13,fr,Released
26172,26039,2500000,3200000,92,6.1108,7.051,451,1967-08-30,en,Released
26176,41212,0,0,84,2.7949,7.279,154,1967-10-03,en,Released
26183,9929,0,1090041,72,7.8918,6.931,1052,1968-12-19,fr,Released
26184,20873,0,2258,94,2.5997,7.735,349,1969-04-28,ru,Released
26195,50789,500000,0,115,2.1565,6.284,68,1968-12-01,en,Released
26198,27983,0,0,111,4.1921,6.865,167,1968-04-24,en,Released
26225,2860,0,0,105,2.9928,7.284,303,1970-12-11,fr,Released
26231,26606,900500,0,106,2.9394,6.758,207,1970-08-03,en,Released
26236,20848,0,0,83,2.1707,7.2,184,1969-12-14,ru,Released
26237,2998,7000000,1000000,113,5.3781,6.993,455,1970-03-26,en,Released
26242,839,450000,2544,74,8.9421,7.419,2141,1971-12-25,en,Released
26249,9394,0,0,115,9.3757,7.549,1502,1970-12-22,it,Released
26258,13041,400000,0,125,4.9438,7.05,699,1970-12-18,es,Released
26265,18250,75000,0,89,3.8327,6.3,162,1972-07-01,en,Released
26283,27331,0,0,111,3.2795,7.367,298,1973-09-19,en,Released
26285,1410,60000,0,83,4.7397,5.998,678,1974-03-30,en,Released
26303,22307,500000,1000000,93,4.2159,6.702,460,1973-03-26,en,Released
26308,21035,250000,0,108,4.2526,6.8,218,1973-02-22,nl,Released
26313,32044,0,5000000,108,3.2127,6.541,145,1974-08-07,en,Released
26317,24402,500000,20200000,95,7.0452,5.977,834,1974-06-25,fr,Released
26322,16246,1000000,40000000,105,3.321,6.231,199,1974-07-28,en,Released
26326,8327,750000,96262,115,6.4337,7.515,1068,1973-11-29,es,Released
26340,9385,0,0,82,8.486,7.344,1384,1976-06-26,fr,Released
26344,10711,4300000,12500000,119,3.5683,6.774,489,1975-05-18,en,Released
26347,43430,0,0,192,1.755,7.256,273,1976-01-01,ru,Released
26350,9652,0,768744,126,4.3184,7.247,561,1975-02-28,it,Released
26357,38783,0,0,72,2.6228,6.299,199,1975-03-04,en,Released
26359,3870,9000000,0,317,5.9812,7.812,698,1976-08-28,it,Released
26365,10640,2500000,4200000,108,4.9838,5.876,374,1976-07-14,en,Released
26366,33324,0,0,104,1.9545,7.57,122,1976-10-15,en,Released
26375,11558,6500000,51100000,114,5.7759,6.7,376,1976-12-03,en,Released
26386,12535,4015000,31063038,94,4.1621,6.437,418,1977-12-25,en,Released
26391,12637,14000000,16400000,163,5.3476,6.53,518,1977-06-21,en,Released
26394,61280,0,0,119,2.9017,6.563,71,1977-11-14,en,Released
26399,13481,0,0,101,2.5411,6.6,172,1978-08-12,zh,Released
26401,13514,0,0,106,2.0893,7.064,55,1979-11-22,cn,Released
26409,98851,257000,0,90,2.2936,4.489,47,1979-08-01,en,Released
26413,11537,92,0,98,5.1292,7.302,376,1978-03-01,cn,Released
26422,10654,11000000,15313606,121,8.1657,7.26,776,1979-03-15,en,Released
26429,18966,0,43885000,96,3.4379,5.983,117,1979-04-26,en,Released
26444,64353,0,0,199,2.1325,7.3,160,1981-02-09,en,Released
26453,149645,,,,,,,,,
26464,6341,22000000,42313354,110,9.4209,6.233,577,1983-02-05,en,Released
26467,7012,0,0,127,5.4904,6.798,463,1983-12-10,en,Released
26471,15251,0,0,69,2.4703,7.637,369,1983-10-15,en,Released
26472,17435,800000,0,141,2.3373,7.128,86,1983-10-11,es,Released
26492,15301,10000000,29450920,101,7.4454,6.487,848,1983-06-24,en,Released
26498,63418,0,0,104,2.2936,6.713,129,1984-11-21,fr,Released
26504,48677,0,9700000,101,3.3995,6.364,167,1984-06-01,en,Released
26510,1884,3000000,0,97,4.8078,5.8,434,1984-12-21,en,Released
26523,27414,1065000,2491460,79,4.3055,5.922,456,1984-11-09,en,Released
26524,33138,0,0,90,2.2004,7.294,126,1984-10-07,en,Released
26527,8221,0,706685,102,3.8499,7.107,275,1984-10-25,es,Released
26528,17663,0,0,199,6.4915,8.1,261,1985-12-01,en,Released
26539,12615,0,0,136,4.3654,6.9,184,1985-08-16,en,Released
26542,10372,5000000,0,100,6.5252,5.4,368,1985-11-24,en,Released
26547,9056,0,18724000,99,7.9161,7.557,1103,1985-12-14,cn,Released
26554,10176,1000000,0,91,4.1638,6.649,659,1985-09-08,en,Released
26555,9080,22000000,60088980,102,6.7276,6.193,737,1985-12-06,en,Released
26562,16082,0,42160849,136,4.9037,6.716,153,1985-11-22,en,Released
26564,14670,3000000,10000000,131,4.203,7.06,108,1986-09-23,en,Released
26567,26555,15000000,12308521,96,3.1248,5.196,107,1986-07-11,en,Released
26578,24657,0,1095380,149,5.8199,7.7,634,1986-05-09,sv,Released
26585,11471,1402445,4459629,95,6.0165,7.354,642,1986-08-02,cn,Released
26590,17421,0,0,93,4.4929,6.589,123,1987-06-19,en,Released
26593,22572,1500000,0,88,2.9969,5.517,178,1988-01-29,en,Released
26599,4043,600000,1400000,102,5.0343,7.089,338,1987-02-07,es,Released
26603,8852,3000000,14182492,102,6.4214,6.768,1192,1987-10-23,en,Released
26606,30421,1250000,0,95,6.4517,7.32,352,1987-07-18,cn,Released
26612,18305,0,2904714,104,5.6418,7.084,328,1987-12-17,cn,Released
26614,8677,,,,,,,,,
26622,49314,0,0,111,1.4296,6.85,50,1988-03-18,en,Released
26629,16296,1800000,43625095,86,6.3432,6.7,1220,1988-05-27,en,Released
26630,13192,22000000,67000000,93,6.7647,7.103,691,1988-10-29,en,Released
26631,18917,0,0,86,3.6326,7.4,371,1988-08-03,cs,Released
26645,4271,0,0,90,1.901,6.745,467,1988-02-03,fr,Released
26649,13057,,,,,,,,,
26662,16859,6900000,4493017,103,16.7152,7.84,4739,1989-07-29,ja,Released
26676,25943,25000000,6939946,95,2.8481,5.775,120,1990-12-21,en,Released
26680,9768,11000000,8266343,85,6.1552,6.532,1595,1990-04-06,en,Released
26681,11909,3500000,1092869,136,6.293,7.6,333,1990-08-17,cn,Released
26686,10485,30000000,25421633,84,4.564,5.035,228,1990-06-29,en,Released
26693,2670,,,,,,,,,
26694,41821,0,0,95,2.7587,7.21,188,1990-04-21,zh,Released
26695,21344,0,62300000,119,2.4579,6.0,125,1990-04-27,en,Released
26696,9399,6000000,24271196,105,10.5275,6.629,1205,1990-06-07,en,Released
26700,11131,0,10959015,89,3.1755,5.866,164,1990-03-16,en,Released
26701,14571,0,0,100,2.9047,6.928,194,1989-07-15,ja,Released
26704,1662,7000000,1911542,135,11.958,7.0,436,1990-09-14,en,Released
26712,20562,0,0,116,2.8882,7.6,59,1991-08-29,en,Released
26713,18311,0,3255404,94,6.5054,7.3,616,1990-12-15,cn,Released
26717,1483,33000,0,72,4.4476,5.987,376,1991-06-05,en,Released
26726,25330,17000000,4603929,107,3.7701,6.463,231,1991-07-19,en,Released
26729,4539,0,1394661,96,3.8573,7.92,436,1991-11-27,en,Released
26732,12776,0,0,115,2.8129,7.327,1082,1991-10-24,it,Released
26736,17467,0,0,93,5.5119,6.9,389,1991-10-05,cn,Released
26741,34376,13000000,3800000,95,4.7868,5.824,179,1991-05-17,en,Released
26743,15080,0,473110,119,7.8374,7.393,1295,1991-07-20,ja,Released
26745,6463,0,0,103,3.4407,6.11,159,1991-10-18,en,Released
26750,9588,0,21413845,119,4.93,6.722,444,1990-10-17,en,Released
26761,215993,,,,,,,,,
26764,13995,3000000,0,97,4.6213,4.543,470,1990-12-14,en,Released
26765,11198,0,14581280,99,5.8226,6.577,474,1993-01-14,cn,Released
26776,11621,9200000,44600000,93,11.4721,7.8,3821,1992-07-18,ja,Released
26777,47714,0,931280,116,2.2004,7.6,100,1992-04-10,it,Released
26778,19087,20000000,14796494,90,3.588,5.647,184,1992-03-27,en,Released
26782,40082,0,6742168,104,3.2656,6.372,141,1992-02-28,en,Released
26791,31962,35000000,43800000,132,6.3378,6.476,234,1992-01-31,en,Released
26792,22590,7500000,17200000,101,4.9529,5.297,204,1992-12-17,en,Released
26796,48150,0,1666511,105,4.0936,7.269,234,1992-09-02,fr,Released
26797,41778,0,0,92,1.2132,7.049,50,1992-09-17,en,Released
26810,14135,750000,0,114,2.6271,6.927,320,1993-09-01,en,Released
26812,27678,0,0,107,2.9245,6.865,52,1993-03-20,en,Released
26819,12088,8000000,6739141,95,7.1748,6.091,766,1992-12-18,en,Released
26828,19371,10000000,4348572,84,4.5649,5.135,208,1993-04-02,en,Released
26838,12664,0,0,95,2.8468,6.473,93,1993-08-06,en,Released
26840,7500,0,58834,94,4.8022,7.513,707,1993-09-10,ja,Released
26849,13519,,,,,,,,,
26854,18998,4000000,0,93,4.0712,5.608,306,1995-07-11,en,Released
26861,17796,13000000,29296,80,4.6858,6.187,193,1993-10-01,en,Released
26865,17809,1900000,1907743,103,7.2931,7.5,636,1994-12-22,zh,Released
26870,11067,25000000,30626182,105,6.1139,5.706,381,1994-03-30,en,Released
26871,10486,0,0,90,4.2607,5.4,223,1994-02-04,en,Released
26875,19223,0,0,111,3.0533,7.409,403,1994-05-15,it,Released
26887,152426,,,,,,,,,
26900,51038,0,0,91,2.54,6.083,24,1995-02-17,fi,Released
26901,30718,0,0,118,3.8179,6.781,107,1995-09-08,en,Released
26903,37797,0,0,111,17.2987,7.9,2356,1995-07-15,ja,Released
26913,12613,6000000,29000000,102,4.9271,7.134,332,1994-08-06,ja,Released
26928,37563,0,0,114,3.2435,7.333,278,1996-06-05,fr,Released
26940,30330,6000000,0,95,2.2527,6.396,67,1996-02-24,en,Released
26947,2061,965000,0,110,5.941,7.0,919,1996-08-30,da,Released
26958,12254,0,0,107,4.067,6.606,142,1996-10-02,en,Released
26965,16992,0,16534578,114,5.0376,6.706,320,1997-12-31,en,Released
26974,18415,1300000,116799,89,4.077,6.599,744,1997-10-17,en,Released
26985,8765,0,0,113,3.5089,6.522,313,1997-01-24,it,Released
26999,9732,0,0,81,19.1107,6.941,4756,1998-10-24,en,Released
27002,30983,,,,,,,,,
27003,5470,20000000,1531251,93,4.1946,4.367,263,1999-03-31,en,Released
27006,50008,0,0,84,2.4273,6.456,102,1999-11-20,en,Released
27008,12095,5000000,6374,88,5.0566,4.632,533,1999-03-16,en,Released
27020,14533,0,0,120,7.625,7.1,854,1998-09-22,en,Released
27022,9812,0,3121,87,5.782,6.906,381,1998-09-25,en,Released
27032,8697,0,19154137,120,7.3824,7.2,1043,1998-01-17,cn,Released
27036,7096,,,,,,,,,
27074,27260,0,0,87,2.6565,5.511,46,1998-04-19,en,Released
27075,11508,0,0,86,4.4176,4.8,301,1998-12-23,en,Released
27105,23356,0,0,94,3.2448,7.169,127,1999-01-10,en,Released
27124,17985,1000000,0,98,3.261,6.711,223,1999-08-06,da,Released
27134,9597,0,13240767,98,4.9624,5.963,597,2001-09-18,fr,Released
27140,12485,0,0,93,4.0994,4.6,281,1999-07-09,en,Released
27155,17074,0,0,64,5.4914,7.4,280,1997-10-04,en,Released
27156,18491,7500000,26000000,87,18.2939,8.3,1959,1997-07-19,ja,Released
27176,29587,0,0,70,1.9977,7.548,63,1984-01-23,en,Released
27178,3716,0,0,96,2.6207,7.203,246,2000-08-23,de,Released
27186,21348,4495000,0,71,3.8449,7.358,1191,1998-12-09,fr,Released
27193,2332,10500000,64433844,82,8.3076,6.28,1953,2000-03-25,fr,Released
27246,28031,0,0,96,4.4815,6.557,122,2000-03-05,en,Released
27251,110147,,,,,,,,,
27255,43423,0,259510,118,2.7747,7.141,206,1999-09-23,fa,Released
27266,844,12000000,20205757,128,6.8942,7.242,1120,2004-09-29,zh,Released
27306,53048,0,0,85,2.3937,5.8,39,2001-03-10,en,Released
27311,16234,0,0,77,8.6155,7.346,1216,2000-12-12,en,Released
27317,11075,250000,359853,115,6.2463,7.1,1853,2000-03-03,ja,Released
27320,16171,0,0,87,2.2066,6.783,23,2000-03-01,en,Released
27328,36246,0,0,100,1.9765,7.0,62,2000-04-29,ja,Released
27329,17208,0,0,130,1.4696,7.209,134,2000-07-28,en,Released
27368,2899,58500000,131116046,108,12.0776,7.368,3844,2002-01-30,fr,Released
27369,44756,0,0,75,2.3402,7.344,80,2000-08-27,en,Released
27370,18088,0,0,88,2.3689,6.34,53,2001-06-22,en,Released
27373,20536,0,0,129,2.4928,6.977,152,2001-04-28,en,Released
27397,2440,12500000,20300000,108,9.0709,7.832,879,2000-09-09,ko,Released
27408,10955,30000000,6200000,110,4.1778,6.444,321,2002-09-02,en,Released
27416,10978,0,871351,88,3.7944,6.266,139,2000-12-22,sv,Released
27420,81540,0,28554,83,2.7557,4.523,43,2002-01-10,en,Released
27426,11847,25697387,790144,107,2.7437,6.0,542,2001-01-18,cn,Released
27434,11056,10600000,33988736,88,3.1882,5.66,441,2002-10-11,en,Released
27441,919,0,0,48,4.9232,6.878,389,2000-11-18,ja,Released
27450,10046,53000000,0,124,4.0917,4.8,251,2004-02-09,en,Released
27473,10726,10000000,0,88,4.5327,4.432,496,2002-06-18,en,Released
27478,9298,7000000,23280529,85,8.3006,6.055,1555,2002-03-21,en,Released
27480,13899,0,0,97,2.9796,6.817,109,2000-12-02,ja,Released
27482,437,0,3563603,94,7.687,5.496,1680,2002-04-15,en,Released
27491,27324,25000000,318451,119,6.1384,6.7,723,2001-02-03,ja,Released
27513,9025,0,545527,122,2.6794,6.589,107,2001-09-03,de,Released
27523,11178,0,32000000,137,4.9793,7.548,682,2001-07-27,ko,Released
27537,10981,0,0,90,1.8115,5.889,122,2003-09-09,en,Released
27539,10918,8000000,1868949,94,3.4964,6.119,118,2002-12-04,en,Released
27549,36222,0,0,89,2.5629,5.579,70,2002-01-12,ja,Released
27555,13984,350000,0,80,1.168,6.336,58,2002-05-24,en,Released
27563,16184,1500000,0,113,2.0426,6.897,233,2002-02-23,ja,Released
27584,11427,900000,898994,83,3.9736,6.393,625,2003-12-12,en,Released
27592,4689,4000000,1954937,129,8.0308,7.463,1783,2002-03-29,ko,Released
27595,16209,100000,0,85,1.5174,4.915,118,2001-06-10,en,Released
27604,12720,250000,0,99,3.0881,6.48,589,2001-10-29,ja,Released
27611,206216,,,,,,,,,
27618,10077,80000000,11700000,101,5.1683,4.86,463,2005-05-15,en,Released
27619,11430,0,1465,77,17.1492,6.585,3210,2004-10-28,en,Released
27627,26955,0,0,132,2.703,7.736,290,2002-08-09,ko,Released
27644,38970,0,0,125,2.0732,5.829,248,2003-02-11,it,Released
27660,55931,5000000,68000000,102,10.5365,7.218,1850,2003-05-09,en,Released
27664,12703,100000,365734,93,4.0997,5.4,285,2003-11-14,en,Released
27667,32250,4000000,0,70,2.9409,6.806,320,2000-02-11,ja,Released
27674,9282,6000000,0,86,5.5035,6.8,989,2004-08-20,en,Released
27683,10891,5000000,0,101,6.6757,5.7,545,2004-01-02,en,Released
27685,12540,0,0,90,0.3021,5.967,463,2004-01-13,en,Released
27689,60672,0,40152148,97,6.9633,6.09,803,2004-02-18,fr,Released
27692,24241,0,0,112,2.736,6.699,103,2003-09-07,en,Released
27695,11556,0,5751007,93,1.3394,6.663,95,2003-10-03,es,Released
27704,3177,9080000,14902587,155,5.1474,4.954,556,2003-07-05,ja,Released
27705,19277,17000000,293671,96,6.2676,6.67,637,2003-11-24,en,Released
27706,11774,140000000,209073645,108,13.428,6.8,5397,2004-12-16,en,Released
27708,19341,,,,,,,,,
27716,4972,0,0,100,4.1064,7.081,357,2003-03-08,da,Released
27721,2841,47000000,0,133,6.541,7.324,1370,2004-10-27,fr,Released
27722,11606,0,0,112,1.8534,7.1,168,2003-08-03,th,Released
27728,12140,0,10079829,100,6.7263,7.353,1027,2004-03-06,ja,Released
27731,15370,0,54016370,75,11.2925,7.145,2537,2002-07-19,ja,Released
27741,12496,5000000,7372769,129,4.5834,7.8,374,2002-11-02,ja,Released
27744,29987,0,15530077,106,2.8132,6.964,336,2003-02-27,it,Released
27746,10361,3500000,80372,94,4.3625,6.465,382,2004-01-30,en,Released
27751,36763,,,,,,,,,
27762,25757,0,0,106,2.5742,5.7,28,2004-01-27,en,Released
27768,21200,4293360,10485817,104,3.0686,6.3,84,2004-02-05,fr,Released
27769,40876,0,0,104,2.224,6.395,43,2004-01-14,en,Released
27772,11838,3500000,3657876,92,6.9945,6.757,1001,2002-10-18,ja,Released
27773,670,3000000,17500000,120,20.1559,8.235,10220,2003-11-21,ko,Released
27776,25500,0,0,105,1.8069,5.6,56,2004-03-03,fr,Released
27778,12583,3500000,0,95,3.7545,6.1,318,2004-07-10,en,Released
27784,9694,1700000,17605379,112,3.6321,6.221,503,2003-11-03,ja,Released
27788,9667,29000000,21733230,103,8.1449,6.866,1773,2005-03-04,en,Released
27790,13373,7500000,11782282,98,3.7045,6.388,427,2005-04-08,en,Released
27793,10304,7000000,0,92,8.4531,4.471,731,2004-05-19,en,Released
27801,9316,1100000,20112926,105,8.2297,7.159,1967,2003-01-31,th,Released
27802,11647,125000,3208262,119,7.8303,7.287,489,2003-10-01,cn,Released
27803,1913,12806000,43731621,126,6.0204,7.564,1049,2004-09-03,es,Released
27808,2539,80000000,55470154,130,5.7911,6.055,1424,2004-12-17,en,Released
27815,5528,5300000,83600000,97,10.566,7.746,2668,2004-03-17,fr,Released
27816,10105,780000,1310470,90,3.9921,6.3,320,2003-09-11,en,Released
27820,1114,0,0,91,2.8755,7.1,113,2004-08-12,mn,Released
27821,179,80000000,162944923,128,12.3254,6.3,1639,2005-04-08,en,Released
27822,83,120000,54683487,79,3.4924,5.5,1164,2004-08-06,en,Released
27826,55177,0,0,91,2.4243,6.1,56,2004-07-16,en,Released
27829,26766,0,0,85,0.7895,6.889,9,2004-03-15,en,Released
27830,24747,20000000,0,120,4.1244,5.888,58,2004-04-30,en,Released
27831,4836,6500000,11900000,105,8.7492,6.911,2472,2004-09-30,en,Released
27834,11190,0,8482993,111,3.3627,7.293,725,2003-06-25,ru,Released
27837,11866,45000000,21009180,113,7.5139,6.004,972,2004-12-17,en,Released
27838,12281,500000,603943,90,3.3771,6.84,426,2004-08-20,en,Released
27839,10320,50000000,161451538,109,10.2873,5.766,2526,2005-03-10,en,Released
27846,11420,0,4500000,145,2.944,7.644,291,2003-09-10,en,Released
27850,3396,0,0,80,1.48,6.8,106,2003-09-07,en,Released
27865,5889,0,0,128,2.8817,6.862,376,2003-05-10,ja,Released
27866,1126,0,0,126,2.1902,6.956,113,2004-06-11,en,Released
27869,11658,1500000,0,148,4.5775,7.981,796,2004-02-05,ko,Released
27873,11401,0,0,140,2.9367,7.08,250,2004-06-10,en,Released
27878,1392,350000,3529201,85,1.8541,6.786,255,2004-12-08,en,Released
27879,1843,0,228828,107,1.5209,6.782,71,2004-05-14,en,Released
27882,291,2600000,3166000,105,3.194,7.58,50,2004-07-09,en,Released
27899,8357,0,10000000,109,2.9827,5.293,138,2004-04-23,en,Released
27904,3509,8700000,7659918,100,7.6157,6.811,2030,2006-07-07,en,Released
27905,11662,6000000,12353768,141,3.7909,5.869,272,2004-04-24,ja,Released
27912,13372,0,0,74,1.9308,7.049,72,2004-07-14,en,Released
30707,70,30000000,216763646,132,17.659,7.952,10594,2004-12-05,en,Released
30745,12487,250000,0,130,3.4613,6.76,246,2003-07-11,ja,Released
30749,205,17500000,38000000,122,9.8966,7.719,3279,2004-12-22,en,Released
30793,118,150000000,475000000,115,28.7004,7.037,16399,2005-07-13,en,Released
30803,1280,0,3403957,88,5.6466,7.819,1300,2004-10-15,ko,Released
30810,421,50000000,34808403,119,9.8092,7.1,3276,2004-12-10,en,Released
30812,2567,110000000,213719942,170,18.2599,7.2,6008,2004-12-17,en,Released
30816,9833,70000000,154674241,141,11.5545,7.3,1831,2004-12-08,en,Released
30818,6478,25000000,8400000,118,3.3619,6.331,186,2004-11-16,en,Released
30820,9692,4000000,4700000,87,3.8815,6.837,542,2004-12-24,en,Released
30822,1901,0,61314565,110,5.6219,6.1,705,2004-12-29,en,Released
30825,693,80000000,516642939,115,19.722,6.253,5298,2004-12-22,en,Released
30846,842,0,4426087,95,4.3754,6.521,313,2004-05-17,en,Released
30848,9953,0,1841260,119,4.7296,6.796,441,2004-09-02,en,Released
30850,11162,30000000,21600000,132,5.7599,6.793,626,2004-12-03,en,Released
30883,15045,45000000,48600000,93,4.6579,5.139,284,2004-12-25,en,Released
30890,42420,0,4537451,111,1.9963,6.5,88,2004-09-10,it,Released
30892,1853,0,0,81,1.9048,7.214,42,2004-01-15,en,Released
30894,11804,10000000,91196419,98,6.0665,5.613,901,2005-01-07,en,Released
30898,11354,12000000,28237488,118,4.1245,6.317,300,2005-03-11,en,Released
30994,47876,0,6321392,103,2.912,6.6,51,1980-03-21,en,Released
31000,66600,0,0,106,2.0631,5.341,44,1986-05-16,en,Released
31030,43442,0,0,134,2.6692,7.187,67,1948-03-09,en,Released
31038,33766,0,0,92,2.681,6.2,73,1985-11-17,en,Released
31049,120328,0,0,88,2.268,5.948,29,1989-03-03,en,Released
31083,39472,30000000,4096030,100,3.9299,4.9,70,1992-07-17,en,Released
31086,34326,150000,0,99,2.3204,7.29,126,1973-01-13,ja,Released
31101,18927,15000000,0,116,2.5133,6.2,120,2003-10-10,en,Released
31114,25350,10000000,0,111,2.4769,6.516,124,2004-09-14,en,Released
31116,16442,1400000,16361885,134,5.1276,7.195,239,1941-09-27,en,Released
31123,7229,27440000,27729359,85,7.3568,6.707,929,2003-10-22,fr,Released
31150,16220,2000000,9000000,81,3.3482,6.198,252,1977-02-09,en,Released
31162,10609,0,0,122,4.6454,6.607,201,2004-10-01,en,Released
31184,11633,10000000,1461989,105,3.4959,6.748,411,2004-04-17,ja,Released
31193,13716,,,,,,,,,
31221,9947,43000000,56681566,97,9.2579,5.048,2753,2005-01-13,en,Released
31223,6439,30000000,90754475,102,7.7791,5.945,699,2005-01-06,en,Released
31225,7214,30000000,76669554,136,13.6317,7.586,3403,2005-01-14,en,Released
31260,42390,0,0,96,3.0293,6.789,109,1938-09-08,en,Released
31297,43892,0,0,95,1.6549,6.509,56,1935-03-15,en,Released
31309,8422,0,0,178,5.6924,8.009,681,1960-10-07,it,Released
31364,11423,2800000,26000000,131,18.2832,8.062,4821,2003-04-25,ko,Released
31367,10694,26000000,8000000,89,6.3262,5.786,401,1994-03-04,en,Released
31410,613,16000000,92181574,155,13.6747,7.863,4459,2004-09-16,de,Released
31420,8978,30000000,35294470,109,9.4483,6.183,1246,2005-01-19,en,Released
31422,11637,32000000,97918663,95,6.9298,5.729,1087,2005-01-20,en,Released
31424,12142,20000000,12693645,98,5.6008,3.346,692,2005-01-28,en,Released
31427,11096,30000000,127369981,101,8.8047,6.349,1784,2005-01-27,en,Released
31431,8968,20000000,67192859,89,4.1878,4.939,815,2005-02-04,en,Released
31433,6961,15000000,47175038,88,5.9893,6.811,1280,2005-02-04,en,Released
31435,31165,0,0,104,3.4197,7.416,238,2004-10-15,en,Released
31437,2517,0,0,141,7.1682,8.0,681,2004-08-07,ja,Released
31445,11413,0,0,98,4.4811,5.695,164,2004-01-17,en,Released
31522,661,0,0,120,3.864,7.382,310,1979-03-23,de,Released
31545,29259,0,33187,132,6.4917,8.244,601,1960-03-18,fr,Released
31553,2436,3500000,2341309,96,3.7949,4.58,400,1994-11-04,en,Released
31590,27430,0,0,95,3.0829,7.163,285,1954-03-17,fr,Released
31610,34561,1200000,750000,127,1.4657,6.739,23,2003-07-04,zh,Released
31617,16638,6250000,26600000,187,4.5911,6.84,312,1961-10-24,en,Released
31658,4935,24000000,236049757,119,43.917,8.387,11459,2004-09-09,ja,Released
31660,8953,26000000,18900000,126,3.8738,6.889,513,2004-07-17,ja,Released
31664,10951,0,5169925,121,5.7812,6.5,442,1999-02-12,cn,Released
31685,8488,70000000,371600000,118,12.9595,6.58,6374,2005-02-11,en,Released
31692,32588,0,0,104,2.5374,7.5,11,2003-12-05,en,Released
31694,57825,7000000,24700000,112,4.296,6.5,419,2004-02-11,en,Released
31696,561,100000000,230900000,121,20.0448,7.206,8554,2005-02-08,en,Released
31698,10214,84000000,59918422,94,12.2617,4.186,2005,2005-02-11,en,Released
31700,17880,14000000,32645546,106,4.57,6.5,258,2005-02-18,en,Released
31702,8340,0,1075462,98,3.5892,7.8,250,2004-09-10,ku,Released
31737,1942,0,0,107,4.0282,7.229,223,1965-10-03,en,Released
31804,3040,10000000,50336279,114,3.5659,6.202,852,2004-07-08,ru,Released
31851,43128,0,0,65,3.5594,7.072,276,1933-12-29,en,Released
31867,13498,40000000,21577624,100,6.7887,5.778,525,2005-02-25,en,Released
31878,9470,20000000,102034104,99,16.7694,7.516,3337,2004-02-10,cn,Released
31903,19765,0,0,150,1.8005,6.9,56,2003-09-04,cs,Released
31909,37527,0,8403433,95,2.9663,5.533,182,1992-10-23,en,Released
31921,29578,5000000,0,113,3.3709,6.239,115,1976-10-24,en,Released
31923,2926,4500000,22018000,107,7.1918,6.731,379,1973-12-11,en,Released
31925,54302,0,0,102,1.9519,5.9,31,1975-10-10,en,Released
31952,5204,500000,1277800,107,3.1975,7.227,313,2003-11-20,hu,Released
31973,8016,115000,0,74,4.0404,7.613,433,1948-07-11,it,Released
32009,16186,5500000,50652203,117,4.4385,6.522,245,2005-02-25,en,Released
32011,10012,35000000,19300000,97,7.6058,5.566,828,2005-02-25,en,Released
32017,10022,56000000,198636868,95,13.5699,6.079,3327,2005-03-04,en,Released
32019,4551,53000000,95200000,119,7.3423,5.46,1004,2005-03-04,en,Released
32022,30856,0,0,85,1.0487,6.327,26,2004-09-11,en,Released
32029,2026,52000000,77944725,113,10.5039,6.363,1820,2005-03-09,en,Released
32031,9928,75000000,262511490,90,19.367,6.507,5068,2005-03-10,en,Released
32058,15771,0,0,105,3.112,6.308,182,1991-03-15,en,Released
32060,76804,0,325550,84,1.9543,6.893,89,1927-08-20,en,Released
32116,38148,0,0,97,2.6326,5.677,48,1984-11-07,en,Released
32139,36815,10000000,4000000,138,4.5772,7.038,157,1965-09-16,en,Released
32160,31835,0,0,91,2.0305,6.825,114,1934-05-11,en,Released
32179,1093,0,263404,92,6.2263,7.611,731,1958-01-29,fr,Released
32213,438,825000,0,97,4.7388,5.657,1197,2004-10-10,en,Released
32234,42222,7840000,20700000,117,4.083,6.497,173,1977-10-01,en,Released
32243,11196,3000000,59466,109,1.6025,6.0,37,2003-05-17,da,Released
32289,13374,25000000,27645491,98,11.1997,6.436,965,2005-03-17,en,Released
32291,9688,16000000,20085825,100,5.5957,6.212,512,2004-12-22,en,Released
32294,228890,0,0,90,1.2903,3.333,3,2003-01-18,en,Released
32296,10040,0,101393569,115,11.6096,5.742,2018,2005-03-11,en,Released
32298,11638,35000000,103100000,105,9.4558,6.006,1027,2005-03-25,en,Released
32300,540,3500000,97446,91,7.0643,6.5,658,2004-10-16,en,Released
32302,77120,0,0,93,1.2815,6.417,12,2004-05-05,en,Released
32314,48463,1400000,37493,94,1.8968,5.84,100,2004-12-17,en,Released
32371,26038,0,0,111,2.9104,6.732,181,1948-02-13,en,Released
32387,19884,0,0,122,3.1473,7.755,275,1966-02-25,ja,Released
32392,37748,4380750,1947000,124,3.0189,5.811,114,2002-10-18,es,Released
32440,22434,0,7788597,88,3.1408,6.124,182,1991-03-15,en,Released
32442,12778,0,13145977,113,5.9517,6.152,292,1994-03-04,en,Released
32456,15283,0,43700000,119,9.0699,7.174,1237,1994-07-16,ja,Released
32460,158,3500000,0,89,4.1201,7.679,615,1997-02-20,de,Released
32469,5996,0,3000000,106,4.2119,7.2,214,1955-07-07,en,Released
32511,44154,0,0,180,3.7322,7.598,234,1970-07-10,zh,Released
32515,28448,5800000,257043,95,3.7488,6.451,92,1987-12-04,en,Released
32554,42994,0,0,113,6.7786,7.467,606,1995-12-23,ja,Released
32582,17592,0,0,83,1.0036,7.167,27,2003-10-09,en,Released
32584,17113,1500000,712294,111,3.4851,6.111,178,2005-02-25,en,Released
32587,187,40000000,158733820,124,16.4088,7.464,9071,2005-04-01,en,Released
32589,14177,25000000,36351350,105,6.9692,6.335,568,2005-04-22,en,Released
32596,7364,130000000,119269486,124,9.8508,5.925,1702,2005-04-06,en,Released
32598,11431,30000000,50500000,104,6.9325,6.236,776,2005-04-06,en,Released
32620,51945,0,0,115,1.6712,5.667,36,2003-12-03,fr,Released
32632,26332,0,0,114,2.5678,6.866,108,1973-05-17,en,Released
32649,42229,0,0,106,3.8381,8.1,789,1977-08-11,it,Released
32657,49565,0,0,30,2.792,7.981,184,1987-05-13,fr,Released
32659,2029,0,24272365,108,2.2513,5.968,509,2001-11-21,fr,Released
32666,44181,0,527000,87,1.5013,3.243,35,2003-06-15,en,Released
32728,19971,0,0,91,5.0649,7.026,369,1976-12-25,en,Released
32743,9674,6000000,11918069,99,3.5513,6.146,295,2000-01-22,ja,Released
32770,3875,0,0,117,2.9769,6.84,119,2004-08-27,da,Released
32799,9653,0,0,88,2.7372,7.154,123,1931-11-27,de,Released
32862,39225,0,0,95,2.9933,6.352,44,1968-08-07,en,Released
32875,4595,0,0,86,1.9398,7.077,253,1949-05-11,fr,Released
32892,31442,0,0,95,3.8996,7.823,861,1962-05-09,ru,Released
32898,775,5985,0,15,7.0766,7.874,2073,1902-06-15,fr,Released
32906,50183,0,0,110,2.9408,7.9,257,1977-04-02,ru,Released
32914,7342,5000000,0,132,4.7549,6.2,578,2002-11-04,en,Released
32917,45267,0,0,204,3.7625,6.86,161,1962-02-23,it,Released
33004,7453,50000000,104500000,109,13.2109,6.689,4377,2005-04-28,en,Released
33085,10065,19000000,107516369,90,10.1669,6.1,2418,2005-04-14,en,Released
33090,30863,200000,29687,81,2.3537,6.177,31,2002-06-14,en,Released
33124,9393,4500000,3764219,117,3.6262,7.071,379,2004-07-04,de,Released
33126,16972,9200000,9300000,119,3.3103,6.105,177,1979-07-06,en,Released
33132,13409,0,1691706,94,2.1261,6.125,20,2005-04-13,en,Released
33138,13073,0,809686,100,2.2997,6.2,179,2005-03-09,en,Released
33145,8976,30000000,42886719,107,7.9168,6.837,1398,2005-04-21,en,Released
33148,27360,15000000,4139856,95,2.9445,4.95,60,2005-04-22,en,Released
33154,13020,0,0,110,3.3503,7.163,307,2005-04-22,en,Released
33158,11679,60000000,71410636,101,12.6523,5.1,2092,2005-04-27,en,Released
33162,1495,130000000,218366336,144,46.6394,7.091,5244,2005-05-03,en,Released
33164,10066,40000000,68766121,113,12.3713,6.043,3455,2005-05-05,en,Released
33166,1640,6500000,98400000,112,11.7186,7.212,4009,2005-05-06,en,Released
33171,11171,3000000,2148548,105,7.2026,7.714,1368,2005-03-30,en,Released
33188,14750,0,8692426,93,6.0743,6.659,164,1985-02-08,en,Released
33201,53116,0,3470643,115,2.1521,5.385,65,1999-01-14,es,Released
33237,43881,1300000,5273000,115,2.4297,6.584,89,1936-06-26,en,Released
33294,9463,0,0,80,5.4982,6.61,555,1985-12-21,ja,Released
33310,26810,0,0,89,1.5032,6.4,33,2004-05-14,fr,Released
33312,20625,500000,1800000,93,3.4179,6.473,130,1929-05-23,en,Released
33421,10913,0,0,105,2.727,5.826,144,2005-02-04,en,Released
33435,38643,0,0,169,2.3377,7.623,69,2004-07-28,en,Released
33437,10027,45000000,50871113,103,9.5777,6.959,2274,2005-02-02,en,Released
33493,1895,113000000,850000000,140,18.3265,7.475,15316,2005-05-17,en,Released
33495,9981,45000000,56070433,95,5.5754,5.796,704,2005-05-13,en,Released
33499,4379,43000000,154749918,101,11.0706,6.229,1798,2005-05-13,en,Released
33558,14694,0,0,103,3.2243,7.004,133,2003-09-11,en,Released
33564,20271,0,0,104,4.2568,7.883,552,1961-12-20,it,Released
33615,953,75000000,542064525,86,28.3455,6.9,12017,2005-05-25,en,Released
33629,13064,2600000,2850263,91,4.296,6.075,93,1993-09-17,en,Released
33639,14358,500000,9400000,105,1.6008,6.721,34,2005-05-13,en,Released
33644,12700,30000000,251495,116,5.3846,5.339,436,2005-05-20,en,Released
33646,9291,90000000,191466556,113,14.732,6.682,3792,2005-05-27,en,Released
33649,19316,2500000,1230000,97,4.8363,7.219,276,2004-09-12,en,Released
33660,921,88000000,108539911,144,11.7541,7.581,2489,2005-06-02,en,Released
33669,9779,25000000,39053061,119,5.3985,6.52,1370,2005-06-01,en,Released
33672,9787,25000000,13411957,107,8.792,7.088,844,2005-06-03,en,Released
33677,23825,0,0,93,0.9513,6.313,16,2005-02-27,en,Released
33679,787,110000000,487287646,120,22.9386,6.695,11513,2005-06-07,en,Released
33681,14199,50000000,72000000,92,7.0368,5.218,1649,2005-06-10,en,Released
33683,10226,2500000,6291958,91,7.4421,6.785,1510,2003-06-18,fr,Released
33725,12109,2000000,120620,90,2.9371,6.548,217,2004-09-12,en,Released
33779,13589,0,0,114,1.6766,7.803,86,1999-06-13,en,Released
33781,11620,7623000,21037000,174,5.6096,7.124,470,1951-11-08,en,Released
33794,272,150000000,374218673,140,33.4716,7.73,23209,2005-06-10,en,Released
33801,15767,19500000,12000000,125,4.9803,7.1,384,2004-12-04,ja,Released
33815,15648,0,0,100,4.5889,6.2,827,2005-06-17,en,Released
33826,25248,0,489389,95,2.9653,6.982,85,2005-08-05,en,Released
33830,11451,50000000,144100000,101,9.9398,5.844,2479,2005-06-19,en,Released
33834,11683,15000000,47074133,93,10.6969,6.268,1883,2005-06-18,en,Released
33836,9722,85000000,131426169,102,9.1698,5.091,1694,2005-06-21,en,Released
33838,2287,0,0,86,1.7185,6.81,50,2005-01-15,en,Released
33880,1382,0,0,91,4.1374,6.973,388,2005-05-12,en,Released
33893,9534,6000000,9040667,102,2.8825,6.696,367,2004-09-10,es,Released
33896,33908,77532,516930,125,3.7933,6.803,427,2004-08-20,ko,Released
33903,276,0,0,127,2.9151,7.161,394,2004-10-25,de,Released
33966,12574,4000000,40700000,93,4.5276,4.585,170,1993-04-02,en,Released
34018,22553,0,0,87,3.7173,6.394,99,1939-10-20,en,Released
34048,74,132000000,603873119,117,25.7049,6.573,9544,2005-06-28,en,Released
34072,1667,8000000,127392693,80,4.3109,7.074,1250,2005-01-26,fr,Released
34129,7233,45000000,17492014,86,5.0252,5.658,370,2005-07-01,en,Released
34143,9009,30000000,68357079,105,8.0066,5.664,1145,2005-07-08,en,Released
34148,1553,6400000,9293785,107,3.0393,6.9,505,2005-03-16,fr,Released
34150,9738,100000000,333535934,106,21.6329,5.81,10226,2005-06-29,en,Released
34153,14278,300000,1750211,88,2.5433,7.1,112,2005-07-22,en,Released
34162,9522,40000000,288500000,119,16.4662,6.502,4831,2005-07-13,en,Released
34164,14922,0,0,128,4.6084,5.599,121,2005-01-20,en,Released
34271,10476,8000000,23563727,116,4.6111,7.176,471,2005-07-22,en,Released
34292,11309,1500000,5728953,94,6.2312,5.94,358,1990-09-14,en,Released
34312,31063,0,0,89,2.9087,5.477,64,2004-04-30,en,Released
34319,1635,126000000,162949164,136,14.0198,6.695,6067,2005-07-21,en,Released
34321,13341,30000000,34252847,113,4.8631,5.837,303,2005-07-22,en,Released
34323,1696,7000000,20901859,111,7.8909,6.719,1606,2005-07-22,en,Released
34326,1665,5000000,1900000,97,3.3208,5.588,431,2005-06-12,en,Released
34330,9775,0,959831,104,1.2955,7.083,60,2003-09-26,es,Released
34332,11459,35000000,86369815,100,12.3654,6.268,2537,2005-07-29,en,Released
34334,10048,135000000,76932943,121,9.0906,5.466,1208,2005-07-27,en,Released
34336,11648,30000000,58405313,98,6.144,5.9,511,2005-07-21,en,Released
34338,15258,0,0,89,3.4429,5.924,184,2005-07-29,en,Released
34359,42719,0,0,99,1.8994,6.226,53,1966-08-04,en,Released
34397,37632,25000000,0,89,7.4503,5.114,280,2001-05-05,en,Released
34405,16320,39000000,38869464,119,10.3886,7.359,4000,2005-09-25,en,Released
34437,308,10000000,46720491,106,7.69,6.931,1532,2005-07-31,en,Released
34450,25074,0,4343604,126,4.5671,7.1,187,1989-06-15,cn,Released
34482,39946,0,0,90,1.7709,7.598,107,1951-04-06,en,Released
34520,6519,50000000,110803676,104,8.9207,5.623,1354,2005-08-05,en,Released
34523,13919,6800000,351401,108,3.9444,6.515,229,2005-06-08,en,Released
34528,1444,1000000,0,106,3.5884,6.531,262,2005-08-03,en,Released
34530,11453,22000000,45109561,83,7.5332,5.307,1056,2005-08-12,en,Released
34532,9913,43000000,93983911,104,11.7737,6.624,2383,2005-07-29,en,Released
34534,8292,45000000,92374674,109,13.0066,6.806,2484,2005-08-11,en,Released
34536,13922,80000000,10166502,132,6.1347,6.537,394,2005-08-12,en,Released
34540,14166,0,0,109,6.2293,5.8,151,2005-01-22,en,Released
34542,501,0,0,103,5.6112,7.538,991,2005-08-12,en,Released
34800,17824,0,331816,82,7.4001,5.717,244,1985-05-03,en,Released
34811,11328,0,0,100,4.8408,7.2,555,2004-12-25,da,Released
35015,15907,12000000,995000,100,4.1447,7.362,214,2005-04-22,en,Released
35347,11848,350000,0,73,4.9087,7.073,576,1954-12-28,en,Released
35807,43313,3926000,8925000,123,2.9816,6.239,46,1957-01-14,en,Released
35836,6957,26000000,177400000,116,18.3278,6.43,7438,2005-08-11,en,Released
35957,11460,26000000,57891803,85,10.3803,6.398,2622,2005-08-10,en,Released
36276,445,8500000,16197824,118,4.9865,7.013,1309,2005-10-05,fr,Released
36289,9564,48500000,101644060,109,8.6687,6.009,2090,1999-02-03,fr,Released
36363,20874,0,0,135,2.3389,7.67,303,1986-12-01,ru,Released
36397,14175,35000000,61746888,76,6.709,5.654,1015,2005-03-25,en,Released
36401,4442,88000000,105300000,118,14.7743,5.868,3048,2005-08-26,en,Released
36477,13169,0,0,91,2.5707,6.048,52,2005-08-26,en,Released
36509,9042,30000000,33296457,97,8.0955,5.455,1062,2005-08-26,en,Released
36517,1985,25000000,82468097,129,7.6107,6.985,1776,2005-08-31,en,Released
36519,9335,32000000,89100000,88,16.6201,6.334,4081,2005-08-03,en,Released
36525,9007,58000000,102900000,95,12.8014,6.974,2645,2005-09-16,en,Released
36527,9777,20000000,7535331,100,4.3367,6.354,757,2005-09-05,en,Released
36529,1830,50000000,72600000,122,16.4643,7.347,5547,2005-09-16,en,Released
36533,10092,1000000,10047674,90,5.8733,5.822,602,2005-09-16,en,Released
36535,340,7000000,3601974,105,3.773,7.252,842,2005-09-05,en,Released
36537,1546,3000000,1919197,96,3.8782,6.188,279,2005-09-16,en,Released
36708,65215,0,0,88,5.4882,6.9,443,2005-07-23,en,Released
36850,10753,750000,11477301,105,5.788,7.095,661,1988-08-13,cn,Released
36931,11636,20000000,8712057,123,7.9688,7.2,851,2004-09-23,cn,Released
37211,22575,0,0,80,3.8156,6.557,97,1940-12-06,en,Released
37240,14286,0,0,98,1.4386,7.508,125,2005-01-20,en,Released
37380,8814,60000000,58100000,105,8.9042,5.2,2533,2005-10-20,en,Released
37382,9923,50000000,22900000,127,7.2869,5.899,1315,2005-10-14,en,Released
37384,7553,3000000,18637690,94,8.6936,6.208,1026,2005-10-07,en,Released
37386,8202,62000000,53321673,93,9.8107,5.639,2544,2005-11-30,en,Released
37444,3118,0,0,100,1.4278,5.8,18,1984-08-14,fr,Released
37475,1947,30000000,18618284,108,8.8447,6.822,723,2005-09-09,en,Released
37477,9074,33000000,13485145,83,4.1355,5.847,646,2005-09-08,en,Released
37495,16133,0,0,120,2.3952,7.273,231,2004-09-25,ja,Released
37545,10319,0,0,82,2.1718,6.635,207,1979-05-25,de,Released
37720,8643,19000000,145166804,122,10.8324,6.609,3136,2005-09-09,en,Released
37727,9315,55000000,223387299,98,10.3025,6.445,3063,2005-09-22,en,Released
37729,3933,40000000,118133252,77,30.4268,7.59,10428,2005-09-12,en,Released
37731,8923,4737249,4333271,109,9.8315,7.278,2641,2005-09-09,en,Released
37733,59,32000000,61477797,96,10.3477,7.163,3881,2005-09-23,en,Released
37736,257,50000000,42580321,130,6.6188,6.755,1263,2005-09-23,en,Released
37739,15487,26000000,15431177,120,7.6452,7.302,557,2005-09-30,en,Released
37741,398,7000000,49327405,114,5.9936,6.971,1701,2005-09-30,en,Released
37830,647,0,0,101,7.5371,7.157,1285,2005-07-14,ja,Released
37844,14544,10000000,17000000,112,3.0402,6.84,129,2005-09-23,en,Released
37853,11968,50000000,46117696,110,10.8166,5.9,1705,2005-09-30,en,Released
37857,14517,4000000,973613,101,3.8546,6.443,378,2005-01-25,en,Released
38038,533,30000000,192610372,85,15.7666,7.136,3181,2005-09-15,en,Released
38061,5236,15000000,15785148,103,9.1772,7.155,3116,2005-09-14,en,Released
38095,11344,0,7600000,119,3.8699,7.4,1037,2005-04-01,ko,Released
38159,31056,0,0,87,3.8909,7.8,431,1988-08-21,pl,Released
38164,43807,0,0,141,3.4311,7.23,61,1940-07-05,en,Released
38198,10700,,,,,,,,,
38294,5471,0,92076,103,5.0512,5.582,267,2005-09-14,en,Released
38304,19082,2000000,0,208,2.3904,7.753,148,2005-07-21,en,Released
38388,9763,10000000,27610873,118,7.1886,6.8,1247,2005-09-29,en,Released
38583,10017,2700000,3500000,93,6.4222,6.4,535,1986-10-01,en,Released
38798,11931,0,83073883,130,8.0672,6.2,1334,2005-10-07,en,Released
38886,10707,1500000,11100000,81,7.5029,6.952,1114,2005-10-05,en,Released
38992,9910,35000000,30526509,122,7.6106,6.071,741,2005-10-07,en,Released
39183,142,14000000,178043761,134,23.1325,7.781,7737,2005-10-22,en,Released
39231,9621,57000000,52164016,123,6.1008,6.195,1224,2005-10-14,en,Released
39234,9701,35000000,25224242,126,7.8282,7.257,757,2005-02-12,en,Released
39292,3291,7000000,54600000,93,6.4379,7.073,1152,2005-09-16,en,Released
39307,12920,0,0,106,4.5844,7.059,449,2005-09-10,en,Released
39381,16608,2000000,5048693,104,4.7899,7.005,741,2005-10-06,en,Released
39400,791,18000000,46201432,100,5.6581,4.7,869,2005-10-14,en,Released
39414,2610,10284523,11588205,104,3.3697,5.8,287,2005-10-21,en,Released
39427,8066,50000000,8342132,99,8.2203,6.64,1591,2005-09-24,en,Released
39435,1656,75000000,142400065,130,14.3195,6.12,3172,2005-10-24,en,Released
39444,6963,20000000,12482775,101,5.6866,6.147,1128,2005-10-20,en,Released
39446,215,4000000,152925093,93,15.892,6.611,6057,2005-10-28,en,Released
39449,2313,22000000,67900000,102,6.2331,6.0,857,2005-09-21,en,Released
39516,16729,0,11837022,125,3.1346,7.002,303,2004-03-12,it,Released
39715,8274,7000000,0,94,9.17,5.472,2285,2005-11-23,en,Released
39801,42000,12148397,15787492,124,2.7458,6.295,78,2005-08-06,ja,Released
39869,1951,14200000,674918,138,4.9746,6.914,417,2005-06-03,da,Released
40148,10851,27000000,7164778,111,5.7701,6.359,1622,2005-09-11,en,Released
40278,25,72000000,97076152,123,11.1293,6.69,3271,2005-11-04,en,Released
40339,9982,150000000,314400000,81,17.1605,5.9,4264,2005-11-04,en,Released
40412,12877,0,0,90,3.5777,7.107,637,2004-09-29,en,Released
40414,11661,22000000,17709155,116,4.3997,7.351,954,2005-11-09,fr,Released
40478,38761,0,0,88,3.8516,4.433,119,1972-10-04,en,Released
40491,7974,83038,0,69,6.3249,7.416,310,1990-01-12,fi,Released
40578,46917,0,0,85,1.3813,7.5,78,1965-09-18,ja,Released
40581,10033,0,50817508,94,9.9148,6.205,1849,2005-11-23,en,Released
40583,231,50000000,93974620,128,5.6259,6.42,1544,2005-11-23,en,Released
40597,68098,1800000,1011700,88,2.5998,6.1,25,2002-09-06,fi,Released
40614,8999,22000000,57479076,108,8.3431,6.393,1177,2005-11-11,en,Released
40617,8555,0,7480424,85,4.522,6.006,867,2004-08-10,en,Released
40629,4348,28000000,124604345,128,28.0895,8.1,8956,2005-09-16,en,Released
40723,9885,1000000,30894796,99,7.8377,6.233,1325,2005-09-16,en,Released
40732,9392,3500000,57130027,100,13.6099,6.987,4586,2005-07-08,en,Released
40815,674,150000000,895921036,157,44.2272,7.802,22651,2005-11-16,en,Released
40819,69,28000000,186800000,136,12.0427,7.499,3219,2005-09-13,en,Released
40826,1833,40000000,31670620,135,5.3701,6.823,608,2005-11-17,en,Released
40851,6795,65000000,65079104,101,13.2743,6.5,3713,2005-11-06,en,Released
40870,11421,0,3692417,126,4.9756,7.489,528,2005-05-27,fr,Released
40946,16156,0,0,70,2.0991,6.386,83,2005-02-11,en,Released
40955,1420,0,3900000,128,5.5048,7.193,453,2005-11-16,en,Released
40959,9005,16000000,10156958,88,4.6518,5.942,345,2005-11-23,en,Released
40962,13499,45000000,72028752,90,7.1557,6.197,927,2005-11-23,en,Released
40966,7548,11000000,10900000,114,4.8029,5.933,501,2004-09-16,en,Released
41014,20345,500000,0,96,5.1966,7.137,860,1970-02-27,it,Released
41285,116,15000000,85638656,124,11.4684,7.357,4470,2005-10-26,en,Released
41527,67,2000000,3395627,90,4.4024,6.899,297,2005-09-07,fr,Released
41566,411,180000000,745013115,143,36.4855,7.145,11782,2005-12-07,en,Released
41569,254,207000000,562363449,188,19.1569,6.902,8731,2005-12-12,en,Released
41571,1904,85000000,162242962,146,12.2295,7.637,3456,2005-12-06,en,Released
41573,9043,19000000,92884429,103,8.6092,6.295,1172,2005-12-15,en,Released
41617,14695,9000000,371000,86,6.2231,5.3,366,2005-10-16,en,Released
41627,27031,0,0,121,3.9064,8.26,279,1967-05-27,ja,Released
41712,22908,0,0,90,2.1522,6.985,68,1999-08-23,en,Released
41716,9515,10000000,17300000,97,4.2973,6.309,536,2005-05-12,en,Released
41724,29595,0,0,98,1.2204,6.237,78,2005-11-04,en,Released
41769,23478,12000000,84967,92,3.6995,6.155,158,2005-09-10,en,Released
41828,8290,0,0,132,7.4507,7.921,1495,1966-12-08,fr,Released
41863,8053,15000000,12036149,121,4.6805,7.018,677,2005-11-17,en,Released
41997,612,70000000,130982129,164,11.5175,7.132,3098,2005-12-23,en,Released
42002,9899,45000000,38058335,134,6.1682,6.173,537,2005-12-25,en,Released
42004,546,1000000,13350369,103,4.6518,7.02,543,2005-02-14,en,Released
42007,2800,70000000,88900000,97,8.4804,5.685,1279,2005-12-22,en,Released
42009,9641,60000000,129181830,94,9.9444,6.158,2128,2005-12-21,en,Released
42011,7552,100000000,202026112,90,10.2153,6.235,2763,2005-12-21,en,Released
42013,9927,0,40442437,94,2.9927,5.685,365,2005-12-23,en,Released
42015,9681,20000000,37700000,112,5.1139,6.461,968,2005-12-25,en,Released
42018,10773,20000000,27876417,103,3.0593,6.688,239,2005-09-08,en,Released
42176,88953,0,0,95,2.5414,7.243,74,1990-01-01,cs,Released
42191,13925,0,0,2,3.6733,7.047,684,1986-08-17,en,Released
42285,9568,700000,0,92,5.301,5.509,345,1996-06-07,en,Released
42418,11400,30000000,30500000,151,7.504,6.511,1315,2005-12-25,en,Released
42422,37910,0,0,25,2.7228,6.526,343,2002-02-02,ja,Released
42556,14241,0,0,100,3.2495,6.921,101,1964-03-18,en,Released
42559,79406,0,0,122,1.6683,7.3,63,1965-01-03,ja,Released
42602,38785,0,0,84,1.1014,7.25,8,2005-03-11,en,Released
42632,4550,0,23803308,115,6.7284,7.517,2029,2005-07-29,ko,Released
42638,16433,0,6876,88,2.1301,6.0,46,2004-06-18,en,Released
42718,10045,12000000,11169386,84,8.5523,6.816,2051,2004-11-09,fr,Released
42723,1690,4800000,81979826,94,12.1213,6.0,4074,2006-01-06,en,Released
42725,9900,5000000,6538177,95,7.841,6.528,772,2006-01-06,en,Released
42728,9044,31000000,28000000,125,8.5081,6.688,869,2006-04-07,en,Released
42730,9918,0,42647449,118,5.6416,7.409,823,2006-01-13,en,Released
42732,17379,45000000,38399961,112,9.8942,7.279,907,2006-01-13,en,Released
42734,10982,8000000,110000000,81,13.1461,6.311,1981,2005-12-16,en,Released
42738,834,50000000,111476513,106,11.4773,6.606,4501,2006-01-12,en,Released
42740,25890,0,0,98,2.8405,4.947,38,2006-01-20,en,Released
42761,39345,0,0,90,3.4755,5.9,425,1998-09-10,en,Released
42943,12701,28000000,358574,126,3.7371,5.383,133,1985-12-25,en,Released
42946,21519,0,18044470,105,9.3651,7.3,589,1983-12-22,cn,Released
43289,28638,0,0,118,1.3551,7.207,92,1998-06-10,ja,Released
43333,7509,0,10422387,115,1.8064,6.789,128,2005-11-04,en,Released
43376,2117,0,0,117,4.1879,7.121,474,2005-02-13,de,Released
43396,9912,25000000,18300000,127,8.5091,7.681,929,2005-10-12,en,Released
43419,1969,35000000,18381890,93,5.0436,6.053,1199,2006-01-18,en,Released
43460,8435,0,3931707,94,3.2557,6.2,157,2005-07-17,en,Released
43549,45759,0,0,137,3.5133,5.766,79,2004-07-23,en,Released
43556,13275,26000000,17496992,108,3.5344,6.886,590,2006-01-27,en,Released
43558,11565,40000000,141522961,99,9.0103,5.8,1733,2006-01-26,en,Released
43560,11283,25000000,123276807,97,10.8972,6.69,3281,2005-10-21,en,Released
43677,31894,0,0,106,3.6854,7.094,138,1995-08-25,en,Released
43679,9286,25000000,118890272,92,16.5026,6.158,4737,2006-02-09,en,Released
43684,15363,0,11400000,99,5.6519,6.442,266,2006-01-29,en,Released
43708,292,3000000,11718595,100,2.7072,6.8,130,2005-09-12,en,Released
43744,1544,1000000,2500000,93,6.2091,7.581,1136,2006-01-27,en,Released
43836,12096,65000000,158851357,93,11.2471,5.878,2206,2006-02-10,en,Released
43869,9975,50000000,69834815,87,7.7688,6.5,587,2006-02-10,en,Released
43871,9754,45000000,82800000,105,5.0548,5.847,1063,2006-02-08,en,Released
43904,10053,15000000,67062123,87,7.6809,5.7,1167,2006-02-03,en,Released
43908,7515,0,0,92,4.4814,6.0,358,2005-09-03,en,Released
43912,9959,37665000,14655628,113,5.481,5.249,371,2006-02-17,en,Released
43914,14256,3500000,113783,98,3.1108,6.042,131,2006-02-07,en,Released
43917,9036,40000000,120453565,120,11.6676,7.037,1865,2006-02-17,en,Released
43919,10073,20000000,85749034,83,6.834,4.272,1083,2006-02-17,en,Released
43921,7304,17000000,9500000,122,6.6761,6.997,1201,2006-01-06,en,Released
43928,9920,30000000,31070211,87,6.0461,5.209,1774,2006-03-03,en,Released
43930,10025,28000000,38159905,103,10.532,6.187,2052,2006-05-12,en,Released
43932,9682,38000000,29907685,88,5.4229,5.069,605,2006-08-11,en,Released
43936,2207,55000000,65664721,105,6.7847,6.46,2171,2006-03-01,en,Released
44004,6877,50000000,130224158,97,12.203,5.852,1865,2006-03-10,en,Released
44020,14609,0,6700000,72,5.7745,6.883,411,2006-02-21,en,Released
44022,950,80000000,660998756,91,24.8919,6.728,10554,2006-03-29,en,Released
44189,1967,0,2500000,117,3.9245,5.5,169,2006-02-02,en,Released
44191,752,54000000,134686457,132,23.5952,7.9,15955,2006-02-23,en,Released
44193,9655,20000000,57194667,105,14.1528,6.8,3369,2006-03-17,en,Released
44195,9388,6500000,24793509,92,6.9998,7.203,2483,2005-09-09,en,Released
44197,9950,13000000,2636637,125,5.8024,6.546,568,2006-03-16,en,Released
44199,388,45000000,186003591,129,17.9796,7.407,6567,2006-03-17,en,Released
44204,868,3000000,9891303,94,3.1295,6.937,364,2005-12-23,tn,Released
44225,14191,12000000,23006849,103,10.0217,6.5,1615,2006-03-03,en,Released
44238,18009,2000000,2300000,85,4.671,5.445,376,1994-04-08,en,Released
44241,19286,1200000,0,94,4.4351,5.8,366,1995-06-27,en,Released
44243,19287,1600000,0,95,4.0345,4.6,269,1997-02-25,en,Released
44301,1379,1380000,1615018,78,2.7833,6.8,169,2006-02-03,fi,Released
44397,9792,15000000,69623713,107,16.186,6.5,3475,2006-03-10,en,Released
44399,10067,50000000,87134280,98,6.4786,4.9,602,2006-03-09,en,Released
44511,35555,0,0,88,0.8577,6.7,15,2005-06-01,en,Released
44555,582,2000000,77672685,137,12.9617,8.036,4273,2006-03-23,de,Released
44597,37939,0,0,92,1.9022,6.953,95,1963-04-21,ja,Released
44613,12763,30000000,65742992,118,5.9962,6.9,761,2006-03-17,en,Released
44633,13222,0,0,110,2.9583,7.667,147,2006-03-31,en,Released
44657,1561,0,0,81,3.8342,7.43,286,1967-03-28,fr,Released
44665,186,27000000,56300000,110,13.6706,7.474,4627,2006-02-24,en,Released
44694,219,9400000,85605851,121,7.6016,7.461,1971,2006-03-17,es,Released
44709,13751,8000000,18948425,113,6.7595,7.021,364,2006-04-28,en,Released
44719,53961,0,0,84,2.0066,7.9,241,2001-06-22,pt,Released
44731,10069,9000000,27105095,100,4.7544,5.841,851,2006-03-24,en,Released
44759,3093,70000000,38629478,116,11.6492,4.962,867,2006-03-29,en,Released
44761,9270,475000,3900000,110,5.721,6.8,1429,2006-03-31,en,Released
44773,28349,150000,0,90,1.3653,4.817,41,2000-02-08,en,Released
44777,10177,500000,0,93,2.8741,5.06,124,2006-03-10,en,Released
44788,16070,0,302179,98,2.7204,7.086,391,2006-09-01,en,Released
44828,9035,15000000,12834936,96,11.0863,6.553,1795,2006-03-31,en,Released
44840,9957,33000000,65000000,85,7.3888,5.86,967,2006-04-07,en,Released
44849,9389,18000000,1831348,105,3.1136,6.552,299,2006-03-16,fr,Released
44851,460,0,0,91,2.4674,6.221,61,2004-12-31,de,Released
44864,8998,6500000,13400000,88,7.6415,5.143,618,2006-04-07,en,Released
44889,20521,25000000,8972,108,4.0089,6.6,90,2006-01-27,en,Released
44929,4441,0,2105096,116,4.5847,7.1,666,2006-05-25,en,Released
44931,84954,0,0,75,1.7589,6.3,31,1926-05-12,de,Released
44937,11490,0,5507396,96,2.9366,7.096,291,2005-09-14,fr,Released
44943,11304,0,0,128,3.1319,7.9,132,2002-03-10,en,Released
44972,4257,40000000,178710620,83,13.5329,5.5,3743,2006-04-12,en,Released
44974,2652,950000,7000000,104,6.8702,6.804,2868,2006-04-14,en,Released
45028,9526,10000000,25978375,105,4.4329,6.255,330,2006-06-01,en,Released
45062,5820,60000000,78810595,108,9.9171,6.072,935,2006-04-19,en,Released
45074,9904,80000000,102338515,82,10.8418,5.545,1168,2006-04-06,en,Released
45081,588,50000000,100605135,125,16.7221,6.646,5089,2006-04-21,en,Released
45106,9310,17000000,16700000,107,4.6116,5.1,325,2006-03-04,en,Released
45175,16367,10000000,9950133,107,5.0919,6.709,371,2005-08-30,en,Released
45183,8982,6000000,27165581,105,6.3526,7.132,957,2005-08-11,th,Released
45186,956,150000000,398479497,126,20.2991,6.766,7852,2006-04-25,en,Released
45208,9530,50000000,87528173,99,8.7527,5.9,1842,2006-04-28,en,Released
45210,9829,15000000,76300000,111,11.8039,7.133,1692,2006-04-28,en,Released
45221,10115,0,0,105,3.443,6.798,615,2006-04-21,en,Released
45361,10008,14000000,29612137,83,2.8452,5.506,537,2005-05-05,en,Released
45382,7870,8000000,852872,112,4.7656,5.902,245,2005-05-13,en,Released
45431,7518,80000000,343397247,83,29.6463,6.61,4984,2006-05-17,en,Released
45440,9786,0,3307157,102,4.0009,6.113,239,2006-05-05,en,Released
45442,503,160000000,181700000,98,10.4042,5.905,2401,2006-05-03,en,Released
45447,591,125000000,760006945,149,25.6116,6.735,10321,2006-05-17,en,Released
45499,36668,210000000,459359555,104,1.3048,6.428,10671,2006-05-24,en,Released
45501,9767,52000000,205700000,106,12.6572,5.9,2903,2006-06-01,en,Released
45503,13689,0,0,120,5.0107,7.489,504,2006-03-30,en,Released
45517,920,120000000,461983149,117,35.5542,7.054,15539,2006-06-08,en,Released
45635,15402,90,1410778,91,4.6873,6.276,196,2006-04-14,en,Released
45648,80919,1000000,129201,87,2.3376,4.6,49,2006-03-10,en,Released
45658,38344,0,878122,98,2.598,6.4,34,2005-08-18,en,Released
45662,806,25000000,119975084,110,7.394,5.645,1239,2006-06-06,en,Released
45666,9353,35000000,99255460,92,8.4744,6.538,1925,2006-06-16,en,Released
45668,2044,40000000,114830111,99,12.7653,7.038,3076,2006-06-16,en,Released
45672,9339,82500000,240685326,107,16.2523,6.313,7772,2006-06-23,en,Released
45720,350,35000000,326588371,109,39.2973,7.434,14245,2006-06-29,en,Released
45722,58,200000000,1066179747,151,45.575,7.39,17605,2006-07-06,en,Released
45726,1819,54000000,130628903,108,9.9168,5.621,1479,2006-07-13,en,Released
45728,2295,5000000,26986174,97,6.7552,6.907,1546,2006-07-21,en,Released
45730,9697,70000000,72785169,110,8.4327,5.561,1543,2006-07-19,en,Released
45732,4474,0,61108981,95,9.0959,5.162,1575,2006-07-20,en,Released
45880,1887,40000000,60917189,123,10.3179,6.691,3015,2006-05-24,en,Released
45928,13508,1000000,1678874,92,2.3746,7.249,207,2006-08-04,en,Released
45950,1781,1000000,46243000,100,5.6438,6.944,1006,2006-05-24,en,Released
45969,16270,6000000,11336986,83,7.7938,6.865,779,1991-03-29,en,Released
46062,10947,4200000,3746,98,9.0879,6.544,4854,2006-01-20,en,Released
46105,17628,0,0,98,1.6355,5.519,54,2006-04-12,en,Released
46231,17741,0,0,102,2.05,5.2,55,2005-11-18,en,Released
46322,7549,0,68072848,103,6.0197,7.519,1458,2006-01-26,zh,Released
46335,9615,85000000,158964610,104,6.707,6.559,7867,2006-06-03,en,Released
46337,9513,60000000,141700000,86,12.0676,5.606,2385,2006-06-15,en,Released
46347,20604,0,0,91,2.1777,7.588,176,2005-09-14,en,Released
46367,31692,15000000,3067917,99,3.1948,6.2,102,1992-10-16,en,Released
46530,1452,223000000,391081192,154,15.3151,5.826,4709,2006-06-28,en,Released
46559,7872,0,1508153,95,3.1377,6.837,132,2006-03-09,en,Released
46572,18191,10000000,0,82,3.4654,5.971,224,2006-07-14,en,Released
46574,14474,5000000,648183,88,3.7599,5.284,111,2006-03-30,en,Released
46578,773,8000000,100523351,102,13.6991,7.69,8081,2006-07-26,en,Released
46664,21631,0,0,96,2.5863,7.185,200,1948-09-30,en,Released
46723,1164,25000000,135330835,143,11.2734,7.169,4187,2006-10-26,en,Released
46772,13141,3500000,2254124,86,2.6554,5.673,104,2006-06-28,en,Released
46850,35199,0,0,94,1.2788,7.0,48,2006-06-26,en,Released
46855,15383,0,906133,145,6.2444,7.886,777,1969-09-10,fr,Released
46862,47850,0,0,72,1.8135,6.652,132,1979-02-22,it,Released
46865,9072,64000000,104003322,98,14.2682,5.941,1958,2006-08-31,en,Released
46948,9297,75000000,140175006,91,22.2259,6.711,4453,2006-06-30,en,Released
46965,326,33000000,62022014,105,9.1022,5.479,2054,2006-08-17,en,Released
46967,512,4000000,39220946,96,5.0248,6.597,1789,2006-07-27,en,Released
46970,9718,72500000,163000000,108,7.7725,6.4,1995,2006-08-04,en,Released
46972,1593,110000000,574480841,108,22.0961,6.6,11209,2006-12-20,en,Released
46974,1852,65000000,163200000,129,10.0405,6.125,1879,2006-08-09,en,Released
46976,1262,30000000,53653224,113,8.6056,7.293,2632,2006-11-10,en,Released
47044,82,135000000,163800000,132,9.0694,6.049,2064,2006-07-27,en,Released
47099,1402,55000000,307077295,117,25.253,7.882,10873,2006-12-14,en,Released
47122,9293,18000000,68844775,87,9.0009,6.089,1515,2006-07-27,en,Released
47124,9906,50000000,55200000,89,11.7951,5.807,1505,2006-07-28,en,Released
47200,1948,12000000,42900000,88,15.469,6.67,4375,2006-08-31,en,Released
47202,148,5000000,0,115,3.4992,6.966,238,2005-12-15,en,Released
47254,5289,30000000,7000000,106,8.5413,6.3,1183,2005-01-17,en,Released
47261,9782,4000000,10639686,91,4.0621,5.534,291,2006-02-12,en,Released
47382,9762,12000000,114197742,104,10.6043,6.877,3968,2006-08-11,en,Released
47384,14113,75600000,12506188,88,7.5602,5.3,654,2006-08-11,en,Released
47404,21712,0,36613,103,5.2491,7.503,348,2004-08-07,ja,Released
47423,7859,700000,4911725,107,4.7374,6.65,996,2006-08-11,en,Released
47446,16998,0,0,86,3.1302,6.12,125,2005-06-09,fr,Released
47465,11559,12000000,566611,120,4.1269,6.507,649,2005-10-13,en,Released
47491,1023,3700000,0,95,4.716,7.475,823,2005-04-15,da,Released
47516,10118,15000000,11449638,97,3.9656,5.285,489,2006-08-18,en,Released
47518,9788,23000000,38505009,93,8.2402,6.5,1848,2006-08-18,en,Released
47538,11689,0,0,115,5.3945,7.001,737,1977-04-01,it,Released
47566,33813,0,0,92,2.3666,6.7,93,1947-04-30,en,Released
47610,1491,16500000,87892388,110,12.7472,7.301,5483,2006-08-18,en,Released
47629,1165,15000000,123384128,103,7.3039,6.941,1465,2006-09-15,en,Released
47640,9988,17500000,19179969,110,5.1762,5.845,643,2006-08-25,en,Released
47644,11652,30000000,57800000,105,6.9665,7.033,1069,2006-08-25,en,Released
47646,13816,15000000,12643027,121,2.9992,5.65,70,2006-08-25,en,Released
47721,15265,0,48980,34,2.7774,7.716,453,1956-08-24,fr,Released
47725,11227,15000000,9995168,91,5.5724,6.974,817,2005-12-21,fr,Released
47736,33810,0,0,63,2.8599,6.874,115,1940-01-25,en,Released
47774,41937,0,0,90,1.4953,7.375,36,1989-02-16,it,Released
47793,24055,15000,0,85,1.3717,6.058,60,2006-06-02,en,Released
47810,9708,40000000,38805380,102,8.5693,4.341,1460,2006-08-31,en,Released
47894,1116,6500000,22903165,127,6.0348,7.316,929,2006-06-23,en,Released
47937,5072,0,5515163,96,5.1801,6.3,691,2006-05-19,en,Released
47950,1249,0,16803753,126,6.0972,6.105,467,2006-08-31,en,Released
47952,9954,20000000,37597471,97,9.2712,5.6,1134,2006-09-07,en,Released
47970,7511,20000000,15851622,115,5.8349,6.051,412,2006-09-10,en,Released
47978,13075,2000000,622806,96,2.5695,6.137,151,2006-09-08,en,Released
47997,7512,2400000,495303,85,17.8446,6.388,3805,2006-09-01,en,Released
47999,1776,0,1013596,84,1.9569,7.011,392,2006-09-15,en,Released
48001,1963,950000,2032404,90,2.1985,6.893,229,2005-05-12,ko,Released
48032,10846,35000000,24000000,114,3.2762,6.742,506,2005-10-14,it,Released
48043,1381,35000000,15304890,96,10.5298,6.9,3230,2006-11-22,en,Released
48045,15097,0,0,100,3.5309,7.457,1379,1994-03-09,fr,Released
48082,300,6000000,9524340,106,4.992,6.966,871,2006-06-25,fr,Released
48142,9676,50000000,49332692,121,9.0613,5.626,1245,2006-09-15,en,Released
48150,6948,0,0,91,3.0493,5.707,309,2006-04-24,en,Released
48161,9766,30000000,41500000,125,8.1706,7.094,1140,2006-09-15,en,Released
48214,1595,0,0,123,2.7515,6.173,52,2004-09-10,en,Released
48262,1666,25000,179780,93,4.3848,6.776,230,2006-10-27,en,Released
48304,1579,40000000,120654337,138,20.0854,7.666,6678,2006-12-07,en,Released
48319,9664,60000000,17858059,138,5.562,6.5,874,2006-09-22,en,Released
48322,12094,11000000,72778712,93,5.8462,6.597,1335,2006-09-22,en,Released
48326,1717,55000000,9450897,128,5.7287,5.757,345,2006-09-10,en,Released
48342,15624,450000,982814,84,4.0003,6.333,183,2006-06-07,en,Released
48385,496,18000000,262552893,84,9.7173,6.789,6176,2006-11-01,en,Released
48394,1417,19000000,83258226,118,23.3191,7.768,11746,2006-10-11,es,Released
48412,4643,10000000,94973540,139,11.1884,7.134,1727,2006-09-28,en,Released
48414,7484,85000000,200811689,86,14.0564,6.193,3077,2006-09-27,en,Released
48416,9842,20000000,17800000,100,3.8598,5.474,391,2006-09-29,en,Released
48516,1422,90000000,291465000,151,35.1387,8.159,16666,2006-10-04,en,Released
48518,10781,16000000,50517763,91,7.9218,6.2,2021,2006-10-05,en,Released
48520,9794,12000000,38528984,103,7.0608,5.628,721,2006-10-06,en,Released
48560,7510,12000000,6754898,122,4.127,5.8,265,2006-10-27,en,Released
48593,9895,20000000,42500000,115,6.4155,5.946,523,2006-10-09,en,Released
48596,8975,20000000,22165608,92,6.5512,5.975,867,2006-10-13,en,Released
48598,9672,13000000,2689799,110,4.3646,6.479,236,2006-10-13,en,Released
48638,42236,0,0,148,3.846,6.868,253,1976-12-10,it,Released
48649,46774,0,0,93,2.3904,5.914,35,1934-11-07,ru,Released
48678,10070,3200000,658573,87,5.0926,6.1,637,2005-10-14,en,Released
48696,1440,26000000,14821658,137,8.7377,7.079,1197,2006-10-06,en,Released
48698,13364,0,201275,101,1.5024,7.143,213,2006-06-24,en,Released
48738,1523,6000000,48600000,123,5.3473,7.4,2453,2006-09-27,en,Released
48741,14201,0,0,99,2.1803,6.599,76,2006-09-15,en,Released
48744,1378,2000000,5557564,101,9.045,6.26,606,2006-10-04,en,Released
48774,9693,76000000,70595464,109,19.7216,7.615,8126,2006-09-22,en,Released
48780,1124,40000000,109676311,130,31.1363,8.211,18148,2006-10-19,en,Released
48783,3683,90000000,65900249,135,11.2203,6.849,2084,2006-10-19,en,Released
48872,6077,0,767311,93,2.4624,7.1,264,2006-02-08,fr,Released
48877,214,10000000,164874275,108,11.5429,6.417,5087,2006-10-26,en,Released
48879,1123,14000000,5700000,101,3.534,6.287,155,2006-10-27,en,Released
48883,21173,2000000,167000,97,2.2668,5.6,82,2006-10-27,en,Released
48982,11619,149000000,178120010,85,20.4546,6.343,4194,2006-10-22,en,Released
48997,1427,63700000,135039924,147,16.6502,7.374,5167,2006-09-13,en,Released
49013,13767,12000000,84500122,92,9.099,5.577,1198,2006-11-02,en,Released
49110,27295,14000000,2000000,88,2.8724,4.865,89,1992-07-24,en,Released
49130,9726,35000000,42064105,117,8.6834,6.691,1687,2006-09-09,en,Released
49132,2152,0,0,93,2.1327,6.677,48,2006-10-27,en,Released
49220,14799,12000000,5542025,86,3.3073,5.77,185,2006-11-17,en,Released
49263,21710,0,19791,93,2.1588,6.416,90,2006-11-10,en,Released
49265,8588,0,0,115,2.7812,7.479,168,2006-03-08,en,Released
49272,36557,150000000,599045960,144,24.1338,7.574,12015,2006-11-14,en,Released
49274,9836,100000000,384335608,108,13.0768,6.232,5593,2006-11-16,en,Released
49276,9809,4000000,4630045,89,6.6961,5.952,377,2006-11-17,en,Released
49278,7551,75000000,180557550,126,14.7387,6.892,5474,2006-11-22,en,Released
49280,10741,0,0,120,3.9053,6.422,434,2006-09-05,en,Released
49284,2357,400,1,81,5.1132,6.23,287,2006-09-11,en,Released
49286,1581,85000000,205233866,136,16.6573,7.099,5755,2006-12-05,en,Released
49314,7873,2000000,6000000,116,6.0128,6.421,807,2005-09-11,en,Released
49347,8324,0,2209322,116,3.1794,6.05,416,2006-11-17,en,Released
49389,5698,150,0,12,3.4933,6.981,723,1903-12-07,en,Released
49396,2179,22000000,13405595,93,8.6571,6.801,1858,2006-11-22,en,Released
49524,2447,35000000,46400000,101,5.3005,6.95,262,2006-11-30,en,Released
49530,1372,100000000,171720398,143,20.4473,7.558,8554,2006-12-08,en,Released
49647,9986,85000000,148964660,97,11.1842,6.229,1493,2006-12-07,en,Released
49649,2486,100000000,250425512,104,8.6334,5.14,3523,2006-12-14,en,Released
49651,1246,24000000,155929020,102,13.1838,6.886,3921,2006-12-20,en,Released
49666,18615,16800000,2312717,122,4.9182,6.144,310,2006-08-30,en,Released
49688,13210,0,0,124,3.5171,6.922,166,1955-05-16,en,Released
49735,12795,500000,745327,94,2.7074,5.94,234,2006-04-28,en,Released
49772,14202,19400000,26910847,125,5.8423,7.257,1309,2006-12-09,en,Released
49793,11170,65000000,43500000,131,5.9228,6.894,825,2006-12-12,en,Released
49822,1247,85000000,100266865,167,9.961,6.4,1347,2006-12-11,en,Released
49824,1125,70000000,154937680,130,8.8365,6.711,1112,2006-12-25,en,Released
49910,1646,21000000,43095175,123,12.2427,7.933,2494,2007-01-05,en,Released
49917,58923,,,,,,,,,
49932,1730,15000000,4304157,180,9.4937,6.979,1316,2006-12-06,en,Released
49957,8618,4000000,13401952,109,3.588,6.619,223,2006-10-02,en,Released
49961,1259,15000000,49814392,92,9.3166,7.092,1016,2006-12-25,en,Released
50003,9053,21000000,7600000,87,7.8956,5.274,949,2006-09-07,en,Released
50005,1494,45000000,78568977,114,7.7918,6.874,852,2006-12-14,zh,Released
50064,182,32000000,5914908,108,4.5303,5.827,365,2006-12-15,en,Released
50068,1251,19000000,68673228,141,10.3692,7.502,2394,2006-12-09,en,Released
50147,9656,9000000,21510851,92,6.2204,5.2,622,2006-12-15,en,Released
50158,1931,13000000,75511123,114,6.5179,7.158,558,2007-05-16,en,Released
50160,13967,30000000,35078241,92,7.2137,6.656,572,2006-12-03,en,Released
50189,8275,0,0,97,12.9731,5.492,2237,2006-12-04,en,Released
50274,13771,0,0,95,2.3466,6.646,161,2006-09-02,en,Released
50354,11578,0,0,115,2.6649,7.2,311,1953-06-05,fr,Released
50356,11972,0,0,107,2.4844,7.552,318,1952-03-28,it,Released
50440,4283,0,15291277,93,5.8294,6.2,484,2007-01-12,en,Released
50442,7457,9500000,32400000,122,5.9335,6.654,1559,2006-01-27,en,Released
50445,8398,10000000,25400000,84,6.074,5.9,1026,2007-01-19,en,Released
50514,3549,0,0,124,3.9407,7.147,496,2006-02-24,da,Released
50601,1265,60000000,137587063,95,35.9785,7.352,5475,2007-02-15,en,Released
50610,14137,2800000,472000,86,3.0674,5.16,78,2006-09-15,en,Released
50613,15689,0,0,78,1.7288,4.786,42,2004-10-01,en,Released
50658,13365,0,238073,135,2.4052,7.4,57,2006-10-06,en,Released
50685,10758,1500000,22240529,105,3.6195,6.705,585,2007-05-25,en,Released
50740,51863,0,0,40,3.4038,7.186,113,1964-05-05,en,Released
50792,13668,25000000,16162580,111,6.0469,5.926,617,2006-10-20,en,Released
50794,7516,17000000,57103895,109,11.6701,6.474,1892,2006-12-09,en,Released
50796,10075,15000000,6300000,98,3.0272,5.616,344,2007-01-26,en,Released
50798,9760,20000000,87238158,85,9.7325,3.864,1740,2007-01-25,en,Released
50800,9966,16000000,55060212,90,5.3202,5.7,888,2007-02-02,en,Released
50802,1257,0,69485490,102,6.2882,5.85,686,2007-02-02,en,Released
50804,1248,75000000,82169884,121,2.6479,6.269,2471,2007-02-06,en,Released
50806,9757,10000000,159814490,102,11.8238,5.735,2704,2007-02-08,en,Released
50842,5206,3000000,3111395,99,3.7681,6.58,333,2006-12-08,da,Released
50851,14761,0,167078,118,2.3832,7.288,192,2006-11-03,en,Released
50872,2062,150000000,623726000,111,32.216,7.847,18956,2007-06-28,en,Released
50912,2266,13000000,17489601,120,6.2114,6.8,864,2006-06-21,fr,Released
50923,5172,13000000,11130889,104,4.3308,6.281,383,2007-02-23,en,Released
50942,9965,0,0,93,3.608,6.002,202,2004-12-28,en,Released
50954,37725,15500000,7385434,95,7.9971,6.551,1131,2006-07-15,en,Released
50999,13517,0,0,90,4.5524,5.473,113,2006-09-10,en,Released
51024,17266,,,,,,,,,
51037,9828,3700000,3419456,85,5.5414,6.227,483,2006-11-03,en,Released
51077,1250,110000000,228738393,114,20.8731,5.6,6662,2007-01-15,en,Released
51080,4169,23000000,41000000,110,8.1481,6.637,692,2007-02-12,en,Released
51082,16555,10000000,31600000,100,4.5805,6.9,147,2007-02-14,en,Released
51084,11172,40000000,145896422,104,8.2679,6.5,1843,2007-02-09,en,Released
51086,3594,30000000,77677553,97,12.2941,6.405,3633,2007-02-23,en,Released
51088,10090,10000000,20342161,83,4.0213,5.769,284,2007-02-23,en,Released
51091,7874,15000000,10900000,116,7.4897,6.829,1009,2006-12-31,en,Released
51167,13393,0,4187299,112,2.5959,7.378,401,2005-11-18,tr,Released
51174,12271,7000000,3572632,91,4.4153,6.002,275,2006-12-29,en,Released
51255,4638,12000000,80600000,121,16.3428,7.57,8617,2007-02-14,en,Released
51314,1993,10000000,7228273,118,3.7107,6.5,149,2006-09-22,it,Released
51357,12554,0,0,105,3.4763,7.199,400,1995-02-25,en,Released
51412,1738,70000000,76066841,96,10.8384,6.141,3387,2007-04-25,en,Released
51471,15163,0,32120360,117,3.6287,6.9,331,2006-09-16,en,Released
51498,10845,1500000,0,87,4.8901,5.4,301,2005-05-12,en,Released
51540,1949,65000000,84785914,157,22.7751,7.532,11914,2007-03-02,en,Released
51545,11330,0,0,108,7.9566,7.2,452,2005-08-22,da,Released
51562,10942,0,0,95,2.8996,6.455,199,1993-12-12,en,Released
51573,27040,275,0,14,2.0372,7.582,458,1943-01-01,en,Released
51575,11199,60000000,253625427,100,8.8909,5.971,2516,2007-03-02,en,Released
51662,1271,65000000,456082343,117,17.7338,7.208,15104,2007-03-07,en,Released
51666,10790,3000000,4529892,99,2.9974,5.5,261,2006-09-11,en,Released
51694,14055,0,0,96,5.1139,6.392,464,2006-09-13,en,Released
51698,2267,0,27308918,94,4.4109,6.34,503,2007-02-09,en,Released
51705,6691,10000000,28041861,104,6.9003,6.395,798,2006-12-13,fr,Released
51709,1255,11000000,88489643,120,7.9599,6.982,3245,2006-07-27,ko,Released
51834,2977,16500000,39380831,120,8.5121,7.309,1282,2007-03-02,en,Released
51884,16727,12000000,20354321,122,3.1439,6.814,194,2006-09-02,en,Released
51903,14434,11000000,13196245,94,3.617,5.329,216,2007-03-07,en,Released
51925,9963,20000000,84297309,96,7.1033,6.29,1727,2007-02-08,en,Released
51927,14001,20000000,22382047,89,15.5068,6.455,2517,2007-03-16,en,Released
51931,2355,20000000,22222308,124,5.7694,7.221,1248,2007-03-22,en,Released
51933,16385,20000000,7094650,104,3.0474,6.7,73,2007-03-23,en,Released
51935,7485,61000000,95700000,124,19.5363,7.128,5629,2007-03-22,en,Released
51937,9793,15000000,37697773,89,10.4015,5.587,1673,2007-03-22,en,Released
51939,1273,34000000,95608995,87,9.9824,6.211,1272,2007-03-23,en,Released
52042,9075,21000000,26768563,145,7.3152,7.445,1279,2006-09-14,nl,Released
52241,8270,16000000,5367030,99,4.8343,6.649,734,2007-03-09,en,Released
52245,9955,53000000,118200000,93,10.7853,6.124,1986,2007-03-30,en,Released
52279,10172,0,58400000,92,7.5738,5.843,700,2007-04-04,en,Released
52281,253768,,,,,,,,,
52283,1683,40000000,62771059,99,6.9709,5.774,915,2007-04-04,en,Released
52287,1267,150000000,169332978,95,16.9458,6.947,3235,2007-03-23,en,Released
52299,16018,0,0,100,1.8614,6.913,63,2006-09-22,en,Released
52319,22311,0,0,99,3.6457,6.247,265,1978-02-08,it,Released
52328,1272,50000000,34800000,108,14.423,6.973,4433,2007-04-05,en,Released
52375,9903,25000000,11772461,116,4.4683,6.273,247,2006-10-14,en,Released
52435,13377,315000,0,25,6.3866,7.522,1164,1966-12-18,en,Released
52458,8271,20000000,117760134,105,9.7658,6.7,4217,2007-03-27,en,Released
52462,13158,750000,5500000,86,3.8958,6.454,142,2007-04-13,en,Released
52579,1407,25000000,86274793,140,6.6718,7.366,1774,2007-02-14,fr,Released
52604,6145,10000000,91354215,113,12.6356,7.258,4455,2007-04-19,en,Released
52644,10294,19000000,35300645,85,5.346,6.275,1704,2007-04-20,en,Released
52668,13067,10000000,17562071,97,3.8358,5.89,537,2007-04-20,en,Released
52694,1268,25000000,232225908,90,15.2259,6.402,3219,2007-03-22,en,Released
52712,9785,30000000,26810113,102,6.6296,6.372,606,2007-04-27,en,Released
52715,13280,0,4692108,108,2.5158,4.8,100,2007-04-27,en,Released
52722,559,258000000,894983373,139,40.1685,6.483,15792,2007-05-01,en,Released
52724,1950,55000000,8461686,124,5.8314,5.676,293,2007-05-01,en,Released
52730,13352,0,0,88,4.797,6.027,110,2002-11-29,en,Released
52767,20553,0,0,100,2.4068,7.4,78,1977-05-09,en,Released
52784,13894,0,0,89,1.493,7.6,65,2006-09-11,en,Released
52831,14240,1100000,671382,85,4.3074,6.117,549,1988-05-13,en,Released
52867,13171,0,5178640,90,3.9069,5.295,263,2006-12-01,en,Released
52885,4977,2600000,946590,90,10.888,7.814,2989,2006-10-01,ja,Released
52950,2269,4200000,42918532,146,4.0779,6.107,619,2006-01-01,ru,Released
52952,11798,2380000,8176544,102,2.2694,7.485,1467,2007-04-27,en,Released
52967,1919,3000000,9194283,110,4.0703,7.04,249,2007-05-04,en,Released
52973,4964,30000000,219900000,129,14.489,6.305,4430,2007-06-01,en,Released
52975,2976,75000000,90450008,116,7.4871,6.666,2678,2007-07-19,en,Released
53000,1562,15000000,72304846,99,22.1722,6.592,5864,2007-04-26,en,Released
53022,11205,0,13084714,108,6.2923,6.9,455,1984-08-17,cn,Released
53024,36676,0,0,86,1.6407,7.031,96,2006-04-26,en,Released
53121,810,160000000,808310187,93,27.6866,6.314,9999,2007-05-17,en,Released
53123,5723,160000,20710513,85,4.3048,7.419,1504,2007-03-23,en,Released
53125,285,300000000,961691209,169,36.631,7.277,15842,2007-05-19,en,Released
53127,12526,4000000,8095658,98,4.8001,6.123,644,2007-02-21,en,Released
53129,3432,20000000,48443734,120,6.9904,6.921,1944,2007-05-31,en,Released
53138,14208,0,0,92,5.6221,6.3,649,2006-09-09,en,Released
53140,14207,0,0,106,7.1,6.301,728,2004-07-12,en,Released
53143,24200,2000000,193607,118,2.3932,5.551,88,2007-05-18,en,Released
53161,5488,0,4354510,105,2.8397,7.044,628,2006-12-07,ko,Released
53280,10063,0,1675484,90,3.7081,5.491,437,2006-05-17,en,Released
53318,12225,0,2300000,102,6.9011,6.957,1449,2007-01-17,en,Released
53322,298,85000000,311312624,122,15.8106,6.731,7085,2007-06-05,en,Released
53326,10832,0,2727971,77,2.8582,6.11,624,2006-07-19,fr,Released
53355,2241,0,12891924,101,2.3323,6.712,130,1999-10-07,de,Released
53435,1691,10200000,35728183,93,10.4964,5.9,2280,2007-06-07,en,Released
53447,1990,3000000,4545747,85,2.9542,6.513,623,2007-07-12,en,Released
53450,170261,0,0,104,2.2036,6.8,16,1980-10-31,en,Released
53453,22049,0,0,92,3.5046,4.236,218,1978-12-21,it,Released
53460,9408,85000000,149000000,85,13.7845,6.525,2832,2007-06-08,en,Released
53464,1979,130000000,301913131,92,16.959,5.636,8590,2007-06-13,en,Released
53466,14043,20000000,30715465,99,4.4698,6.1,564,2007-06-15,en,Released
53468,10288,8000000,426224,92,3.3892,6.459,502,2006-09-07,en,Released
53519,1991,25000000,31126421,113,15.9877,6.838,5805,2007-05-22,en,Released
53550,9952,10000000,7177143,125,6.9853,6.95,1480,2007-06-23,en,Released
53574,17320,2000000,265198,85,2.4833,6.053,95,2007-04-06,en,Released
53578,21427,0,29326868,85,5.0879,5.981,562,2006-03-29,fr,Released
53808,11211,0,0,99,0.6461,6.875,919,2006-07-18,en,Released
53883,49870,,,,,,,,,
53894,2359,9000000,24538513,123,4.5832,7.355,811,2007-05-18,en,Released
53921,1988,16000000,18928871,108,5.8927,6.388,358,2007-06-22,en,Released
53953,3021,25000000,133000000,104,12.7232,6.7,5077,2007-06-22,en,Released
53956,2196,9000000,46789413,91,8.5685,6.919,1980,2007-08-17,en,Released
53972,1571,110000000,383531464,128,17.2563,6.643,6519,2007-06-20,en,Released
53974,2959,35000000,69307224,91,6.7883,5.692,947,2007-07-04,en,Released
53993,2698,175000000,174440724,96,15.2898,5.59,4664,2007-06-09,en,Released
53996,1858,150000000,709709780,144,7.7929,6.846,12544,2007-06-27,en,Released
54001,675,150000000,938212738,138,37.1745,7.673,21242,2007-07-08,en,Released
54004,3563,85000000,187134117,115,13.5075,6.097,2601,2007-07-12,en,Released
54116,16083,0,382267,101,2.8951,6.086,185,2006-05-05,en,Released
54121,37292,0,3600000,93,5.9741,6.703,227,1950-07-21,en,Released
54185,24582,0,240239,90,1.1938,7.2,58,2006-09-09,en,Released
54190,4688,45000000,29625761,133,7.3284,7.107,1484,2007-09-14,en,Released
54256,10074,25000000,14353654,88,7.6472,6.411,1141,2007-08-03,en,Released
54259,2270,70000000,137500000,127,14.3861,7.292,4582,2007-08-10,en,Released
54272,35,75000000,527068851,87,19.5986,7.024,8732,2007-07-25,en,Released
54274,5857,12000000,9620399,106,5.6483,4.445,406,2007-07-27,en,Released
54276,3638,28000000,92601050,104,8.9349,6.706,1540,2007-06-15,en,Released
54281,8669,12000000,5254986,97,4.257,6.682,716,2008-02-22,en,Released
54286,2503,70000000,442824138,115,20.5209,7.443,8603,2007-08-03,en,Released
54354,54546,0,0,86,1.9308,5.75,14,2011-01-03,en,Released
54372,10795,11700000,0,131,5.1686,7.22,1555,2006-11-01,fr,Released
54503,8363,20000000,170800000,113,20.6597,7.274,8374,2007-08-17,en,Released
54617,17350,4289601,33026616,98,2.3218,5.525,1300,2005-03-30,fr,Released
54648,5174,140000000,258097122,90,15.4951,6.499,3856,2007-08-08,en,Released
54686,9703,67000000,25303038,102,8.8467,5.624,870,2007-04-19,en,Released
54732,9750,0,41098065,90,5.163,5.32,619,2007-08-29,en,Released
54734,10760,16500000,13620075,108,5.32,6.458,1128,2007-09-21,en,Released
54736,4349,70000000,86658558,110,9.0167,6.749,1887,2007-08-22,en,Released
54745,13068,0,0,101,2.0805,6.249,205,2007-01-19,en,Released
54768,14144,6000000,18197398,89,5.3459,4.896,517,2007-08-08,en,Released
54771,4858,80000000,40170558,99,13.1064,6.078,1813,2007-08-17,en,Released
54780,12435,20000000,47817020,105,8.3719,6.4,1265,2007-08-24,en,Released
54785,2082,15000000,80460948,110,10.0099,6.2,2633,2007-08-31,en,Released
54787,11835,20000000,16974459,105,7.0835,6.81,1312,2007-08-31,en,Released
54796,1845,0,19776159,96,5.2293,6.256,438,2007-02-09,en,Released
54881,13958,0,790128,83,1.83,7.731,515,2007-03-25,en,Released
54908,2335,17500000,65114802,91,5.5458,5.6,1377,2007-02-10,fr,Released
54910,10961,0,69136,91,3.0843,6.429,526,2006-08-29,en,Released
54934,10071,0,0,93,3.6206,5.029,153,2007-09-07,en,Released
54962,12994,0,0,100,5.4304,5.962,487,2007-01-21,en,Released
54995,1992,23000000,11446172,105,13.0199,6.691,3967,2007-04-06,en,Released
54997,5176,55000000,70000000,122,13.3932,7.233,4186,2007-09-06,en,Released
54999,4141,39000000,26800000,86,11.133,6.504,2189,2007-07-26,en,Released
55020,13173,5250000,785528,96,3.754,4.762,218,2007-08-03,en,Released
55036,14786,0,0,117,4.3222,6.6,105,1996-08-17,en,Released
55052,4347,30000000,131016624,123,15.275,7.63,4839,2007-02-27,en,Released
55061,13529,0,0,72,2.0823,6.738,130,2006-05-21,fr,Released
55067,523,0,99963,92,3.4365,6.602,127,2006-03-02,de,Released
55069,2009,852510,1185783,114,5.1215,7.539,853,2007-08-24,ro,Released
55071,12901,2000000,1431623,102,1.7875,7.702,94,2007-07-27,en,Released
55080,4413,70000000,69766619,122,9.3631,6.581,1127,2007-09-12,en,Released
55094,6973,23000000,29541790,124,8.2889,6.78,1133,2007-09-14,en,Released
55110,4629,4000000,1200000,105,4.6274,6.035,216,2007-09-14,en,Released
55112,15361,0,0,106,2.2362,5.9,78,2007-03-17,en,Released
55116,5353,15000000,7600000,101,5.4024,6.46,366,2007-09-03,en,Released
55118,2252,51500000,56106607,100,14.2349,7.346,3851,2007-09-14,en,Released
55156,30365,0,0,122,1.3191,7.85,20,2007-01-31,en,Released
55167,13754,4200000,0,103,4.5445,7.387,448,2006-12-23,ja,Released
55190,6641,9000000,6400000,91,3.9555,5.746,357,2006-09-09,en,Released
55205,8414,0,1441846,84,2.7218,6.374,182,2007-07-13,en,Released
55207,244797,,,,,,,,,
55232,7737,45000000,147717833,94,6.8897,6.3,4732,2007-09-20,en,Released
55241,13257,22000000,33700000,87,5.3624,5.079,500,2007-09-14,en,Released
55245,10030,25000000,59768495,96,10.3355,5.937,1726,2007-09-21,en,Released
55247,5915,15000000,56255142,148,17.7186,7.795,10350,2007-09-21,en,Released
55250,13680,22000000,147880543,110,12.6311,6.515,2249,2007-09-28,en,Released
55253,4588,15000000,67100000,158,13.9593,7.285,843,2007-09-24,zh,Released
55259,2274,45000000,31852619,99,5.4821,5.43,456,2007-10-05,en,Released
55261,9038,60000000,128453183,116,10.8292,5.754,1808,2007-10-05,en,Released
55267,7211,25000000,68474305,98,7.8656,6.58,1396,2007-10-26,en,Released
55269,4538,16000000,24377151,91,7.6288,7.14,4094,2007-09-07,en,Released
55272,2001,21000000,55033767,118,9.9797,6.685,1568,2007-10-12,en,Released
55274,4517,55000000,74237563,114,13.3123,6.706,1342,2007-09-09,en,Released
55276,4566,25000000,92991835,120,8.5585,6.792,2063,2007-09-28,en,Released
55278,4520,0,342835,89,3.7392,6.282,602,2007-10-12,en,Released
55280,6615,12000000,11293663,107,8.8123,7.205,2172,2007-10-12,en,Released
55282,4513,30000000,80276156,113,15.5593,6.439,3174,2007-10-17,en,Released
55290,4771,19000000,34600000,113,11.7838,7.305,4320,2007-09-18,en,Released
55292,10759,15000000,13500000,107,4.1062,4.8,169,2007-10-19,en,Released
55294,14251,0,0,90,1.6231,5.928,69,2007-10-12,en,Released
55363,4512,30000000,14711793,160,10.6394,7.1,2879,2007-09-20,en,Released
55391,13197,8000000,143451,107,5.5231,5.871,116,2006-02-19,en,Released
55442,2011,7300000,22783990,95,5.8299,7.878,2249,2007-06-27,fr,Released
55444,5708,5000000,8200000,122,4.8393,7.504,970,2007-09-12,en,Released
55451,5951,6000000,7163566,106,5.7837,6.496,402,2007-09-09,en,Released
55492,15667,0,0,101,2.4569,5.383,246,2006-09-11,en,Released
55553,3603,0,5000000,86,6.0187,5.792,845,2006-09-10,en,Released
55555,2014,3800000,17804565,122,3.3217,7.234,368,2007-09-27,de,Released
55577,663,10000000,139352653,93,10.6583,6.168,4229,2007-10-25,en,Released
55620,15651,0,312751,98,1.0298,6.939,57,2007-10-05,en,Released
55687,14279,0,0,82,0.869,6.971,51,2007-10-05,en,Released
55721,7347,4000000,14759148,115,10.9268,8.063,2813,2007-10-05,pt,Released
55729,5718,10000000,1045786,93,3.6859,6.4,396,2007-01-24,en,Released
55765,4982,100000000,269755430,157,21.3103,7.595,6245,2007-11-02,en,Released
55768,5559,150000000,287594577,91,20.5584,6.051,5428,2007-10-28,en,Released
55805,7972,18000000,25005257,117,10.1963,7.11,1807,2007-09-26,en,Released
55814,2013,14000020,19777647,112,6.4973,7.574,1317,2007-05-23,fr,Released
55820,6977,25000000,171627166,122,25.7543,7.95,13787,2007-11-09,en,Released
55830,4953,20000000,30600000,102,6.0009,6.287,1534,2008-02-21,en,Released
55844,10520,1000000,18479,87,2.6041,5.528,53,2007-09-28,en,Released
55854,37368,0,0,100,2.6246,6.0,50,1947-11-11,en,Released
55872,5123,25000000,66122026,114,11.3132,7.429,2899,2007-11-21,en,Released
55908,13363,200000,0,87,10.8585,7.626,3049,2007-06-10,en,Released
55946,4515,35000000,64811540,92,8.9363,6.006,869,2007-10-22,en,Released
55995,2310,160000000,195735876,115,11.2639,5.924,3159,2007-11-05,en,Released
56003,4723,17000000,374743,145,6.4551,5.258,639,2007-11-14,en,Released
56012,16768,0,0,239,1.6111,7.102,59,2006-10-25,en,Released
56022,24732,0,0,99,1.8896,6.767,58,1995-08-13,en,Released
56060,12555,0,0,115,2.3318,6.836,119,2007-01-11,cs,Released
56145,5876,18000000,57470220,126,19.3026,6.954,6092,2007-11-21,en,Released
56152,4523,85000000,340487652,107,16.4157,6.8,5821,2007-11-20,en,Released
56156,1620,24000000,101276318,89,8.8246,6.2,3772,2007-11-21,en,Released
56169,13483,86000000,14373825,84,7.9305,6.6,1621,2007-11-28,en,Released
56171,2268,180000000,372234864,113,14.5231,6.085,4936,2007-12-04,en,Released
56174,6479,150000000,585410052,101,26.3942,7.222,17331,2007-12-12,en,Released
56176,6477,60000000,361366633,92,21.3797,5.84,4830,2007-12-13,en,Released
56251,7249,0,0,89,5.9648,7.382,790,2007-11-27,en,Released
56274,13998,10000000,2900219,91,3.7583,5.796,334,2007-11-16,en,Released
56286,3902,20000000,4001121,135,6.6148,6.491,799,2007-10-01,en,Released
56333,8272,8000000,10653221,114,5.057,6.915,451,2007-11-28,en,Released
56336,13186,4000000,0,97,13.5428,6.2,1613,2007-08-25,en,Released
56339,6537,3400000,78638987,105,7.889,7.2,3208,2007-05-20,es,Released
56367,7326,7500000,232372681,96,12.5303,7.063,7824,2007-12-05,en,Released
56379,33003,0,0,90,1.7413,6.844,32,2006-03-10,en,Released
56389,1989,10000000,21800000,95,4.0236,6.4,868,2007-11-28,cn,Released
56563,13348,0,0,80,2.2838,7.159,182,2007-09-12,en,Released
56587,7350,45000000,175400000,97,11.8802,7.191,4228,2007-12-25,en,Released
56607,7979,20000000,73276047,128,7.7024,7.331,1284,2007-12-14,en,Released
56620,12171,10000,10000,87,3.4392,5.588,297,2008-07-18,en,Released
56715,13198,1000000,454026,88,4.3006,7.0,648,2007-10-19,en,Released
56757,13885,50000000,153384272,116,13.6157,7.176,6492,2007-12-21,en,Released
56775,6637,130000000,459200000,124,17.697,6.382,5680,2007-12-19,en,Released
56782,7345,25000000,77208711,158,19.4652,8.063,7715,2007-12-26,en,Released
56788,6538,75000000,119483446,102,10.5599,6.543,1715,2007-12-19,en,Released
56801,440,40000000,130290885,94,13.65,5.2,3439,2007-12-25,en,Released
56805,6575,35000000,18317151,96,6.1163,6.593,788,2007-12-21,en,Released
56837,19103,0,0,127,3.726,5.765,102,2006-09-01,en,Released
56869,40860,0,0,112,1.81,7.003,157,2006-09-27,pt,Released
56908,14118,0,0,95,1.7864,6.375,108,2007-08-24,en,Released
56915,54318,40000000,103967384,112,6.2562,6.549,1179,2007-12-25,en,Released
56921,69315,0,0,88,4.9406,7.181,480,2007-11-12,en,Released
56941,6023,30000000,156835339,126,11.8784,7.172,3544,2007-11-15,en,Released
56949,6557,30000000,160300000,111,12.5103,6.45,3508,2008-01-10,en,Released
57147,4787,15000000,22687639,108,5.0901,6.313,854,2007-10-31,en,Released
57183,7508,2600000,28430000,162,6.5843,7.994,1412,2007-12-20,hi,Released
57243,5259,0,0,83,2.1003,7.0,180,2007-09-13,he,Released
57274,8329,1500000,32511655,78,12.9518,7.238,5022,2007-11-23,es,Released
57326,2312,60000000,13097915,127,8.819,4.782,959,2007-11-29,en,Released
57368,7191,25000000,170764026,85,14.3117,6.729,8109,2008-01-15,en,Released
57421,11908,1500000,155873,84,4.7565,5.763,748,2006-04-27,en,Released
57499,41845,0,0,104,1.5068,6.316,19,1990-11-24,ja,Released
57502,25078,0,0,33,1.9547,7.125,176,2001-02-21,ja,Released
57504,14069,0,3478290,98,9.684,7.771,2312,2006-07-15,ja,Released
57522,14423,20000000,38800000,96,4.2384,5.619,278,2008-01-11,en,Released
57526,8090,35000000,52659594,101,7.0805,6.249,1020,2008-01-22,en,Released
57528,7555,50000000,113200000,92,16.5337,6.7,4412,2008-01-24,en,Released
57532,7278,30000000,85897593,84,10.6507,4.1,1897,2008-01-24,en,Released
57536,14220,20000000,7000000,85,3.7208,4.872,257,2008-02-01,en,Released
57637,13059,50000,249905,103,3.9962,5.9,349,2007-07-13,en,Released
57640,11253,85000000,160388063,120,12.9808,6.77,5751,2008-07-11,en,Released
57669,8321,15000000,34533783,108,13.8855,7.496,5978,2008-02-08,en,Released
57772,53094,,,,,,,,,
57843,13054,4000000,355345,119,3.6215,6.337,243,2007-09-07,en,Released
57910,13121,2000000,2340110,94,5.2788,5.393,832,2008-01-18,en,Released
57951,8676,70000000,111231041,112,10.2861,5.805,1648,2008-02-07,en,Released
58025,8247,85000000,222231186,88,13.2826,6.175,6429,2008-02-13,en,Released
58047,8390,0,55447968,112,12.0455,6.935,2685,2008-02-08,en,Released
58078,13641,0,0,95,6.8085,6.299,415,2007-02-07,en,Released
58103,7461,40000000,152039882,90,9.2651,6.415,2253,2008-02-01,en,Released
58105,8204,90000000,164200000,95,12.7817,6.702,2952,2008-02-14,en,Released
58107,8328,23000000,150988382,98,9.4492,6.698,2461,2008-02-14,en,Released
58154,12184,35000000,78269970,116,10.7979,6.709,2285,2008-02-28,en,Released
58156,13260,55000000,33500000,91,6.1603,5.644,916,2008-02-28,en,Released
58162,7942,10000000,33478921,100,5.7347,6.198,767,2007-09-06,en,Released
58191,13362,1000000,274661,106,1.8168,6.909,270,2008-01-18,en,Released
58287,21373,0,15233,110,1.6075,4.3,65,2007-08-10,en,Released
58291,13493,25000000,51549674,83,4.4145,5.418,421,2008-03-07,en,Released
58293,7840,105000000,269784201,109,13.0328,5.512,3253,2008-03-04,en,Released
58295,8848,20000000,64828421,112,12.857,6.857,2712,2008-02-28,en,Released
58297,13460,30000000,22472631,108,9.384,5.929,1451,2008-03-14,en,Released
58299,12222,85000000,298572799,86,17.9123,6.524,3628,2008-03-03,en,Released
58301,8461,15000000,7938872,111,7.2605,6.542,2349,2008-03-14,en,Released
58303,7862,6250000,20200000,98,6.7324,7.38,715,2007-03-22,de,Released
58306,12246,18000000,26527510,125,4.3846,6.805,807,2007-09-20,ru,Released
58309,16666,0,0,105,1.6786,7.158,19,2007-02-15,en,Released
58315,12177,62000000,40854735,87,6.7822,4.06,796,2008-06-20,en,Released
58332,13025,2000000,5540941,96,6.3778,5.532,927,2007-05-26,en,Released
58347,7985,15000000,21156270,104,4.6478,6.747,1509,2007-11-17,en,Released
58351,7343,0,307076,106,3.2545,7.031,307,2007-08-31,pt,Released
58376,13016,7000000,0,118,2.9574,6.949,558,2007-06-01,en,Released
58404,14011,3500000,5231128,75,5.7419,6.834,574,2008-02-26,en,Released
58425,14793,0,0,97,1.9258,7.718,94,2007-09-27,is,Released
58492,14054,1500000,414404,106,3.0398,6.476,165,2007-03-07,en,Released
58554,28205,145625,4117,97,3.1324,7.5,255,2007-03-16,et,Released
58559,155,185000000,1004558444,152,70.725,8.535,36768,2008-07-16,en,Released
58627,8456,20000000,41627431,113,14.633,6.8,2559,2008-03-04,en,Released
58655,8457,40000000,32900000,110,9.5675,5.861,1141,2008-02-04,en,Released
58783,7797,1000000,2624759,125,5.4053,6.116,250,2007-10-26,en,Released
58803,8065,35000000,159808370,123,10.543,6.7,5152,2008-03-27,en,Released
58806,12890,7000000,10569964,95,5.0134,5.8,295,2008-04-11,en,Released
58826,24411,8500000,0,95,5.2682,6.153,239,2008-03-04,en,Released
58839,4942,58000000,41299492,114,5.7646,5.879,515,2008-03-24,en,Released
58842,14044,16000000,34786960,123,2.5912,6.9,153,2007-10-09,zh,Released
58870,36223,0,3070596,115,1.782,6.311,95,2004-01-30,ja,Released
58876,8988,25000000,11207130,113,4.9622,6.089,287,2008-03-28,en,Released
58879,7944,1000000,15773307,122,3.2181,6.799,187,2008-04-04,en,Released
58964,13312,3000000,792184,83,4.9125,6.747,967,2007-06-13,fr,Released
58972,10488,37000000,100104565,96,8.6458,5.928,1217,2008-04-03,en,Released
58975,11152,8000000,22818256,91,8.309,6.0,1492,2008-04-02,en,Released
58998,9870,30000000,105173115,111,11.1602,6.508,3793,2008-04-17,en,Released
59014,11918,35000000,71571300,82,14.165,5.34,2090,2008-03-28,en,Released
59016,1266,20000000,66476363,109,11.6652,6.7,1807,2008-04-10,en,Released
59018,12473,4000000,18197518,104,5.1274,7.1,518,2008-02-21,en,Released
59022,13335,12000000,43493123,101,8.103,6.318,1685,2008-04-25,en,Released
59026,8827,13442285,12500000,104,2.3477,6.682,831,2007-09-26,fr,Released
59037,7459,120000000,93900000,135,13.0633,6.383,1862,2008-05-07,en,Released
59103,1729,55000000,127906624,104,13.1142,6.654,1988,2008-04-17,en,Released
59118,10503,4100000,18696602,118,5.6629,6.58,527,2008-04-18,en,Released
59126,13007,0,0,101,3.7665,7.031,674,2008-10-01,en,Released
59129,9017,0,0,90,3.6098,5.861,276,2008-03-11,en,Released
59131,25119,0,0,80,1.1471,3.695,64,2006-09-12,en,Released
59141,13258,4913400,10871449,95,4.6461,6.728,506,2007-01-22,en,Released
59143,14236,600000,0,89,3.4444,5.749,177,2007-10-13,en,Released
59220,7861,0,690905,102,2.4532,6.446,175,2007-09-28,en,Released
59258,8780,30000000,64400000,99,4.2499,5.972,720,2008-04-25,en,Released
59295,13359,3500000,7700000,90,1.9105,3.879,70,2008-04-18,en,Released
59306,8617,20000000,14800000,89,7.1805,5.1,808,2008-04-10,en,Released
59315,1726,140000000,585174222,126,43.468,7.666,28847,2008-04-30,en,Released
59333,10761,40000000,106407672,101,11.4796,6.5,1845,2008-04-30,en,Released
59336,12400,7000000,0,99,4.1667,6.411,302,2008-04-07,en,Released
59369,8681,25000000,226830568,94,18.0082,7.4,12402,2008-02-18,en,Released
59387,14784,30000000,3984390,117,11.7914,7.625,1612,2006-09-09,en,Released
59421,9029,35000000,219400000,99,12.3744,6.12,3391,2008-05-07,en,Released
59429,8277,10000000,18610260,89,9.7665,5.643,2069,2007-12-06,en,Released
59440,12586,3300000,12100000,91,2.117,6.332,104,2006-09-09,en,Released
59501,2454,225000000,419665568,150,18.9427,6.638,6928,2008-05-15,en,Released
59549,17483,500000,142666,89,2.634,7.752,512,2007-06-16,en,Released
59604,15356,0,0,91,6.8175,6.656,812,2007-07-19,en,Released
59615,217,185000000,786636033,122,23.2588,6.024,9252,2008-05-21,en,Released
59667,12808,0,0,94,2.4873,6.7,51,2006-09-28,en,Released
59725,4564,65000000,418800000,146,13.6318,6.539,2320,2008-05-12,en,Released
59727,10665,9000000,83051676,86,11.5384,6.118,2743,2008-05-29,en,Released
59731,13636,0,308575,105,2.6468,6.799,139,2008-05-30,en,Released
59738,9022,750000,1757270,90,4.7263,5.6,731,2006-09-09,en,Released
59784,9502,130000000,632091832,90,29.7271,7.339,13007,2008-06-04,en,Released
59810,14050,0,0,116,3.0016,6.799,189,2008-05-25,en,Released
59814,14019,3000000,231156,101,1.875,6.85,247,2007-01-31,nl,Released
59900,10661,90000000,204313400,113,14.0037,5.719,4176,2008-06-05,en,Released
59915,13848,5000000,151449,85,2.9937,6.191,202,2007-05-21,en,Released
59947,45408,5000000,11000000,94,7.955,5.96,211,1985-06-15,en,Released
59985,12912,0,240476,87,4.331,6.4,481,2008-04-11,en,Released
59995,14748,0,1200398,106,3.8681,7.1,512,2008-07-23,en,Released
60030,18467,1500000,0,90,2.2964,6.106,90,2007-01-27,en,Released
60037,8645,60000000,163403799,90,15.5357,5.409,4098,2008-06-11,en,Released
60040,1724,150000000,264770996,114,33.4186,6.261,13154,2008-06-12,en,Released
60046,13405,40000000,7785317,125,2.2141,6.663,175,2008-04-03,zh,Released
60069,10681,180000000,521311860,98,36.8612,8.124,20888,2008-06-26,en,Released
60072,8909,75000000,342463063,110,16.4593,6.53,7789,2008-06-19,en,Released
60074,8960,150000000,629400000,92,18.9084,6.357,10494,2008-07-01,en,Released
60126,11665,80000000,230685453,110,16.5627,6.218,4011,2008-06-19,en,Released
60128,13019,1500000,0,90,4.5178,5.846,250,2007-09-05,en,Released
60141,10748,14000000,29066483,101,4.1978,5.926,508,2007-12-21,en,Released
60161,12889,0,0,90,5.3927,6.979,630,2008-06-24,en,Released
60289,8359,10000000,17700000,100,3.351,6.5,145,2008-07-02,en,Released
60291,13003,0,0,120,2.3389,6.917,139,2008-07-18,en,Released
60293,13990,6000000,3175469,99,2.7879,6.405,322,2008-07-03,en,Released
60303,10842,0,0,108,1.7554,7.2,214,2005-12-24,ja,Released
60333,12172,0,0,99,3.2369,7.474,304,2007-09-01,en,Released
60363,13009,0,0,94,6.9589,4.843,452,2008-04-18,en,Released
60365,13675,0,0,25,3.391,6.947,407,1969-12-07,en,Released
60389,14111,0,0,97,1.6774,6.196,135,2007-09-11,en,Released
60397,11631,52000000,609841637,108,14.791,6.959,7171,2008-07-03,en,Released
60408,8265,11000000,245144417,106,6.7444,6.711,2620,2008-02-20,fr,Released
60471,13022,20000000,4600000,99,6.7209,6.298,792,2007-11-08,en,Released
60487,13353,0,0,25,9.9825,7.509,470,1966-10-27,en,Released
60514,88751,45000000,101702060,93,16.541,6.101,5300,2008-07-10,en,Released
60516,11260,60000000,50650079,90,6.7036,5.34,1601,2008-07-08,en,Released
60522,13964,0,0,96,2.6315,5.973,237,2008-01-02,ja,Released
60538,14456,0,4910682,84,3.319,4.9,412,2007-08-16,en,Released
60647,6687,15000000,5926410,111,4.6763,6.4,841,2008-01-18,en,Released
60674,12914,7000000,0,98,6.4074,7.13,623,2008-07-29,en,Released
60684,13183,130000000,185258983,163,17.6635,7.356,10272,2009-03-04,en,Released
60735,12247,250000,168237,92,3.1775,6.917,222,2007-10-01,en,Released
60737,22100,2000000,0,94,3.5871,6.3,200,2007-05-01,en,Released
60753,13012,2900000,0,103,6.8338,7.136,1022,2008-07-17,en,Released
60756,12133,65000000,128100000,98,14.1876,6.56,3517,2008-07-25,en,Released
60760,8836,30000000,69363381,104,10.0391,5.878,1721,2008-07-24,en,Released
60766,14048,0,2957978,94,3.3629,7.372,999,2008-08-01,en,Released
60803,18846,0,0,25,2.102,6.57,171,1968-12-19,en,Released
60818,11910,9364800,0,185,3.6512,6.832,188,2007-10-12,en,Released
60832,12192,8000000,0,95,4.7028,5.7,532,2008-04-11,en,Released
60857,16725,700000,31576,77,1.4282,5.9,132,2007-09-12,en,Released
60885,15865,0,0,97,2.0861,6.345,126,2007-09-01,es,Released
60894,14061,0,0,110,4.6456,6.169,400,2008-06-20,en,Released
60904,43680,0,0,136,2.0678,7.928,202,1988-11-11,ru,Released
60937,1735,145000000,403449830,112,18.958,5.52,4937,2008-07-01,en,Released
60941,10185,15000000,3533227,103,7.7628,6.2,1307,2008-08-07,en,Released
60943,10183,1000000,5457664,97,4.0562,6.64,368,2008-03-26,en,Released
60950,5038,15000000,96409830,96,7.6428,6.798,4121,2008-08-15,en,Released
60979,13851,0,0,76,6.0797,6.735,795,2008-07-08,en,Released
61011,13251,10000000,590416,108,3.8959,5.281,112,2007-02-13,en,Released
61024,10189,27000000,101624843,112,12.482,6.64,4332,2008-08-06,en,Released
61026,12289,80341000,250100000,145,7.5542,7.108,913,2008-07-10,zh,Released
61071,10188,27000000,44352417,117,5.7511,6.3,815,2008-08-06,en,Released
61073,13300,0,194287,84,3.3784,5.183,238,2008-08-08,en,Released
61123,13649,7000000,0,111,7.5036,6.5,3920,2007-08-17,en,Released
61132,7446,92000000,195702811,107,19.173,6.727,7208,2008-08-09,en,Released
61160,12180,8500000,68282844,98,10.7881,6.162,2275,2008-08-05,en,Released
61167,13107,0,1829917,99,3.866,5.903,191,2008-08-15,en,Released
61210,13256,8000000,2131057,111,4.5589,5.32,513,2008-08-07,en,Released
61236,8885,1500000,11179372,90,3.8472,7.677,1087,2008-06-12,he,Released
61240,13310,4000000,10785801,115,8.9007,7.544,3362,2008-10-24,sv,Released
61246,12621,9000000,4886216,92,2.5154,5.864,195,2008-01-21,en,Released
61248,10483,45000000,76000000,105,18.2031,6.3,4267,2008-08-22,en,Released
61250,12620,25000000,70442940,97,11.7141,5.685,2068,2008-08-22,en,Released
61255,10186,15000000,8762890,102,4.7299,6.07,652,2008-08-20,en,Released
61257,15320,0,0,85,0.9591,7.036,42,2008-01-19,en,Released
61262,13515,35000000,72400000,111,8.0895,6.3,2124,2008-08-14,en,Released
61289,13637,3800000,2725258,121,4.4603,6.168,368,2007-09-15,ja,Released
61319,14298,0,0,71,1.8595,6.816,103,2008-08-22,en,Released
61323,4944,37000000,163700000,96,10.977,6.679,5410,2008-09-05,en,Released
61348,13805,25000000,34816824,87,5.2828,3.2,1164,2008-08-29,en,Released
61350,9381,70000000,72109200,101,6.6974,5.67,2325,2008-08-20,en,Released
61352,13291,22000000,23530831,114,4.6324,6.657,745,2008-08-23,en,Released
61394,14771,0,0,90,4.2142,6.143,262,2008-05-31,en,Released
61401,8285,60000000,39164441,103,6.273,4.761,1098,2008-12-25,en,Released
61406,118309,,,,,,,,,
61465,13184,45000000,42487390,99,6.7787,5.3,1172,2008-08-21,en,Released
61628,38019,0,0,129,1.5551,6.063,16,2005-09-10,zh,Released
61692,14458,8000000,0,88,3.1851,5.458,264,2006-12-19,en,Released
61697,13389,60000000,79498846,101,9.4001,5.866,1398,2008-09-11,en,Released
61705,13279,20000000,27640028,110,5.9168,5.97,1185,2008-09-19,en,Released
61729,12797,20000000,27100000,102,6.2363,6.495,1110,2008-09-19,en,Released
61818,16456,8000000,0,99,4.8455,3.8,264,2005-05-04,en,Released
61986,12690,20000000,20211394,115,6.2921,6.572,1133,2008-09-19,en,Released
62008,37776,0,0,82,1.0543,4.4,8,2008-08-05,en,Released
62081,13027,80000000,178800000,118,14.8853,6.509,3230,2008-09-25,en,Released
62113,13092,28000000,17286299,110,6.0426,6.019,866,2008-10-02,en,Released
62155,12182,9000000,33600000,89,6.5997,6.443,1303,2008-10-03,en,Released
62208,46492,0,0,96,1.5845,7.421,70,1954-01-15,ja,Released
62250,8882,0,34861529,137,5.3508,6.877,1332,2008-05-16,it,Released
62293,12783,17759769,43306325,110,10.9353,6.976,1842,2008-09-05,en,Released
62299,12683,4600000,0,88,3.8346,3.5,115,2008-09-01,en,Released
62336,225130,,,,,,,,,
62344,14976,12000000,16937968,113,7.6311,6.294,674,2008-10-03,en,Released
62374,12113,70000000,113280098,128,11.3218,6.627,3435,2008-10-09,en,Released
62376,13600,55000000,17869048,95,15.4005,6.38,1953,2008-10-07,en,Released
62383,30266,200000,8000000,99,1.4601,6.1,64,1916-12-24,en,Released
62394,13051,35000000,85416905,100,8.598,5.416,2328,2008-10-15,en,Released
62434,10358,24000000,42105111,102,10.5393,6.334,2756,2008-09-18,en,Released
62437,10523,25100000,29506464,129,4.4382,6.148,714,2008-10-17,en,Released
62439,13596,20000000,41624687,101,5.7737,5.647,817,2008-09-19,en,Released
62511,4960,20000000,4383538,124,6.8678,7.529,1675,2008-10-24,en,Released
62553,12837,11000000,39952437,114,6.2063,7.477,598,2008-09-17,en,Released
62586,13948,20000000,7000000,82,2.8619,4.208,113,2008-10-03,en,Released
62644,7735,7500000,32350637,107,8.8994,7.489,3701,2008-03-13,de,Released
62662,76406,0,0,92,2.1478,7.085,106,1985-04-24,de,Released
62718,12689,0,14924998,100,7.1263,6.481,842,2008-07-25,en,Released
62792,13150,30000000,31200557,130,7.1551,6.33,982,2008-09-09,en,Released
62799,14325,40000000,9793496,130,4.0808,7.142,299,2008-10-10,en,Released
62834,16068,0,0,90,3.0242,6.004,114,2002-04-30,en,Released
62836,15289,0,0,75,2.258,6.46,125,2007-09-03,en,Released
62849,13809,18000000,25740863,114,9.2759,6.949,3429,2008-09-04,en,Released
62956,13253,0,0,88,5.5187,6.898,617,2008-11-03,en,Released
62970,114796,,,,,,,,,
62999,10527,150000000,603900354,89,20.5048,6.534,7606,2008-10-30,en,Released
63033,8338,25000000,19844979,121,7.4789,6.52,1421,2008-05-14,en,Released
63062,3580,55000000,113400000,142,10.8938,7.57,4604,2008-10-24,en,Released
63072,20766,32000000,27635305,111,14.7855,7.02,4431,2009-11-25,en,Released
63082,12405,15000000,378400000,121,17.5922,7.726,11601,2008-11-12,en,Released
63113,10764,200000000,589593688,106,18.5202,6.344,8766,2008-10-29,en,Released
63131,15373,28000000,92380927,99,9.2865,6.483,2218,2008-11-07,en,Released
63179,8938,0,1133863,112,4.8886,6.876,275,2008-08-16,ja,Released
63222,13672,6000000,2342211,96,2.7348,6.591,591,2008-06-04,fr,Released
63239,42884,0,0,88,2.9199,6.595,221,1997-11-02,en,Released
63276,14943,0,22036607,130,7.19,7.107,402,2007-10-26,ja,Released
63312,4627,8000000,0,120,3.1268,5.839,227,2008-09-07,de,Released
63393,13655,0,0,94,7.5445,6.389,2212,2008-06-20,en,Released
63433,13905,,,,,,,,,
63436,11917,10800000,118209778,95,9.488,6.171,3912,2008-10-23,en,Released
63479,13523,19000000,18755936,109,10.8239,6.397,1526,2008-10-16,en,Released
63515,22358,0,3557508,112,1.7195,6.962,172,2006-11-23,ru,Released
63540,14405,20000000,149281606,91,6.478,5.39,1125,2008-10-03,en,Released
63768,88435,0,0,87,1.0674,7.217,23,1965-11-13,ja,Released
63808,8841,0,28814580,128,3.7088,6.989,738,2008-09-24,fr,Released
63826,13220,0,124191,82,5.2129,6.189,840,2008-10-31,en,Released
63853,6972,130000000,211787511,165,6.9454,6.596,2499,2008-11-18,en,Released
63859,13053,150000000,309979994,98,17.798,6.554,6649,2008-11-21,en,Released
63876,10139,20000000,54600000,128,7.7958,7.212,2493,2008-11-05,en,Released
63992,8966,37000000,393616788,122,31.8069,6.3,14682,2008-11-20,en,Released
64010,16342,0,0,84,2.4776,6.1,428,2008-12-05,en,Released
64030,13387,30000000,109000000,104,15.2407,6.169,3781,2008-11-26,en,Released
64032,12193,80000000,164112721,88,7.9936,5.818,1280,2008-11-26,en,Released
64034,14574,12500000,20416563,94,20.7717,7.817,7840,2008-05-07,en,Released
64114,14438,500000,33473297,118,5.6479,7.698,880,2008-09-26,en,Released
64116,14248,25000000,30700000,87,5.4318,6.1,633,2008-09-19,en,Released
64167,12224,,,,,,,,,
64197,10360,0,2724474,96,4.9767,7.229,1258,2008-05-15,en,Released
64231,13056,20500000,10089373,102,10.9535,5.889,1376,2008-12-05,en,Released
64249,13394,60000000,0,28,10.7283,6.383,938,2007-11-28,en,Released
64278,34283,0,0,151,2.3421,7.329,181,2006-10-06,en,Released
64285,14447,0,0,30,5.9698,7.36,634,2008-12-26,en,Released
64497,10200,80000000,233093859,104,15.4528,5.668,3880,2008-12-10,en,Released
64499,8881,58000000,0,134,7.1971,6.794,854,2008-09-05,en,Released
64501,8880,58000000,8638163,135,7.2432,6.626,714,2008-12-12,en,Released
64575,14359,20000000,50907234,104,7.4519,7.208,1985,2008-12-12,en,Released
64614,13223,33000000,270000000,116,14.0,7.988,11825,2008-12-12,en,Released
64620,11499,25000000,27426335,122,7.3789,7.275,1348,2008-10-15,en,Released
64622,8055,32000000,108902486,124,14.1684,7.46,3475,2008-12-10,en,Released
64695,13980,0,0,103,4.9131,7.584,489,2007-09-29,ja,Released
64716,11321,55000000,168167691,123,14.5599,7.6,7389,2008-12-18,en,Released
64839,12163,6000000,44734660,109,10.7784,7.54,4141,2008-12-17,en,Released
64957,4922,150000000,335802786,166,20.6491,7.601,14043,2008-12-25,en,Released
64969,10201,70000000,223200000,104,13.2326,6.694,7578,2008-12-09,en,Released
64983,2253,75000000,200276000,121,14.5187,6.961,4211,2008-12-25,en,Released
64993,38142,5000000,548192,63,9.9596,7.292,2217,2007-03-03,ja,Released
64997,34812,1000000,0,100,2.9903,5.24,73,2005-06-28,en,Released
65037,6936,1500000,27,90,1.9315,7.0,341,2007-08-26,nl,Released
65088,10202,80000000,212874864,99,13.0649,6.154,3037,2008-12-24,en,Released
65126,13973,3000000,3982459,92,5.1753,6.095,455,2008-09-26,en,Released
65130,4148,35000000,76000000,119,14.2757,6.987,4204,2008-12-19,en,Released
65133,194113,4250000,0,33,2.2104,7.013,191,1999-03-29,en,Released
65135,51247,,,,,,,,,
65188,15584,0,0,94,2.9972,8.063,606,2008-10-31,en,Released
65193,13971,20000000,22000000,98,10.4105,6.7,1944,2008-08-15,en,Released
65216,13813,32000000,51155219,137,9.577,6.839,1960,2008-12-31,en,Released
65225,13180,0,0,123,1.738,7.207,275,2008-10-02,en,Released
65230,14306,60000000,255700000,115,13.1443,7.173,4879,2008-12-25,en,Released
65261,12429,34000000,202404009,100,13.0322,7.8,4978,2008-07-19,ja,Released
65350,113916,0,0,98,2.1525,6.478,23,1936-11-17,en,Released
65359,9795,,,,,,,,,
65514,14756,11700000,22100000,106,5.293,7.759,4247,2008-12-12,cn,Released
65577,10199,60000000,87000000,93,9.4284,6.151,1046,2008-12-18,en,Released
65585,10521,30000000,115375850,89,13.6243,6.247,3238,2009-01-09,en,Released
65588,26235,0,0,105,0.9643,6.9,42,2008-08-14,en,Released
65596,13635,25000000,15000000,113,6.1552,7.307,1023,2008-10-22,fr,Released
65601,14435,15000000,102836002,101,6.1723,5.6,1355,2009-01-16,en,Released
65631,13177,8000000,908847,99,4.0283,6.306,270,2007-09-07,en,Released
65642,14139,2600000,553198,93,12.3116,7.02,1534,2007-11-01,es,Released
65651,16999,3000000,0,84,3.1778,5.087,75,2008-09-18,en,Released
65682,12437,35000000,92158961,92,12.3378,6.539,4057,2009-01-22,en,Released
65685,2309,60000000,62803180,106,8.9899,6.308,2329,2008-12-11,en,Released
65738,18543,2000000,0,93,4.2841,4.6,132,1992-07-13,en,Released
65740,21029,2000000,0,92,3.8087,4.6,131,1994-05-09,en,Released
65802,14560,26000000,183293131,91,9.9504,5.449,2788,2009-01-15,en,Released
65810,14410,0,43051547,122,5.0203,6.965,823,2009-01-16,en,Released
65882,14254,0,41624046,87,9.0444,6.479,1677,2009-01-30,en,Released
65982,10529,50000000,7033683,115,8.753,6.462,1474,2008-04-24,en,Released
66090,13510,12850990,3984669,91,10.6309,6.826,2191,2008-09-12,en,Released
66097,14836,60000000,185860104,100,42.9978,7.939,9450,2009-02-05,en,Released
66171,13455,38000000,49678401,111,10.6785,6.149,2513,2009-02-04,en,Released
66198,4959,50000000,60161391,118,9.0724,6.3,1486,2009-02-03,en,Released
66203,10184,40000000,178866158,129,13.6393,6.62,4118,2009-02-06,en,Released
66240,14849,5000000,0,87,4.4349,6.401,323,2009-02-17,en,Released
66297,15060,0,0,90,4.7081,7.074,618,2009-02-06,en,Released
66310,13492,3000000,0,108,5.2295,6.194,831,2007-07-01,fr,Released
66320,4832,0,0,95,2.6796,6.792,101,2007-08-17,en,Released
66335,14711,0,0,101,3.5797,6.897,233,2009-04-24,en,Released
66371,16804,0,69932387,130,5.998,7.85,961,2008-09-13,ja,Released
66427,1961,1500000,173066,84,2.8283,5.803,376,2007-10-01,en,Released
66509,20829,75000000,71600000,146,7.8264,5.883,1475,2009-07-30,en,Released
66511,30508,0,598894,105,2.5764,6.815,378,2008-10-01,de,Released
66544,18884,,,,,,,,,
66665,19255,17000000,15779455,98,5.2508,6.669,661,2009-06-05,en,Released
66744,8832,7275000,11260366,113,3.0243,7.612,1206,2008-05-28,it,Released
66783,13207,19000000,91509154,97,16.1763,5.777,2938,2009-02-11,en,Released
66785,15067,10000000,0,130,4.936,7.155,848,2008-07-16,ko,Released
66798,15159,70000000,75871032,92,8.8978,5.708,1306,2009-02-06,en,Released
66915,20421,18000000,11657385,74,6.0331,6.2,325,1991-08-02,en,Released
66934,14301,,,,,,,,,
66943,13849,0,0,92,2.9239,5.97,270,2008-02-07,en,Released
67087,16538,41000000,92000000,105,12.0569,6.568,2001,2009-03-20,en,Released
67168,13094,0,0,87,3.8104,5.722,225,2008-10-14,en,Released
67186,18781,10000000,77578320,102,6.695,6.172,1239,2009-03-27,en,Released
67193,16558,60000000,78176181,125,7.2065,5.894,900,2009-03-18,en,Released
67197,13811,50000000,155446362,121,15.3687,6.264,5994,2009-03-19,en,Released
67255,15472,13000000,109421911,152,12.5553,7.537,3322,2009-02-27,sv,Released
67267,13090,5000000,16174377,91,5.3506,6.596,870,2008-01-18,en,Released
67295,15854,0,0,25,7.4987,6.796,488,2008-11-08,en,Released
67361,16325,0,2186782,105,4.1253,6.141,504,2009-02-27,en,Released
67408,15512,175000000,381509870,94,25.7575,6.268,5129,2009-03-19,en,Released
67508,6968,19700000,26937355,149,4.6698,6.971,670,2008-09-25,de,Released
67534,13161,7500000,8742330,109,10.6762,6.652,1106,2007-11-03,en,Released
67618,13808,0,0,100,2.3076,6.117,77,2008-12-02,en,Released
67665,18094,0,0,81,2.9996,7.576,283,2008-01-14,en,Released
67695,16991,18000000,24007324,86,4.6523,5.419,767,2009-04-10,en,Released
67734,16614,9800000,17200000,107,6.0223,6.4,2416,2009-04-03,en,Released
67788,20048,40000000,108394089,104,11.409,6.5,2810,2009-02-05,en,Released
67799,16258,0,0,90,6.9525,5.502,647,2009-01-09,en,Released
67888,55773,0,0,66,1.6859,6.235,17,1935-08-03,en,Released
67923,13804,85000000,363164265,107,2.3294,6.685,8005,2009-04-02,en,Released
67997,19833,1100000,6200000,106,4.0256,7.017,809,2009-01-22,en,Released
68073,18947,50000000,36348784,135,7.0482,7.221,2351,2009-04-01,en,Released
68135,16996,20000000,136300000,102,13.3073,6.321,5529,2009-03-11,en,Released
68157,16869,70000000,321457747,153,38.3858,8.217,24795,2009-08-02,en,Released
68159,16995,60000000,87800000,127,11.2962,6.809,2216,2009-04-17,en,Released
68194,21641,10000000,0,97,4.6883,7.241,724,2009-03-27,en,Released
68205,15092,20000000,34600000,96,13.0133,6.09,3263,2009-04-16,en,Released
68237,17431,5000000,9760104,97,12.2367,7.562,6519,2009-06-12,en,Released
68269,18320,35000000,29196409,105,4.8327,7.158,1081,2009-03-04,en,Released
68319,2080,150000000,373062864,107,2.5365,6.297,11553,2009-04-28,en,Released
68347,21191,0,5102705,96,4.9078,7.63,806,2009-03-20,es,Released
68358,13475,150000000,386839614,127,18.0622,7.437,10728,2009-05-06,en,Released
68444,16279,0,900689,90,5.958,6.021,281,2008-01-18,en,Released
68480,11160,0,0,104,2.5761,6.218,174,1980-03-01,it,Released
68486,15384,80000000,121059225,141,5.0628,7.278,508,2009-01-07,zh,Released
68522,10946,15000000,109000000,90,4.308,7.654,382,2007-10-10,en,Released
68536,30416,0,0,141,5.1944,7.395,204,2001-02-17,de,Released
68552,15577,25000000,1037335,113,8.4222,6.099,420,2009-02-10,en,Released
68554,13448,150000000,485930816,139,23.7577,6.7,7504,2009-04-20,en,Released
68597,42738,0,0,114,3.5116,6.169,124,1973-04-11,en,Released
68600,14141,0,0,87,2.7299,5.083,126,2009-01-13,en,Released
68650,17740,0,17835,106,4.5913,6.102,261,2009-05-08,en,Released
68659,13532,3900000,948753,90,6.6654,6.162,924,2009-02-06,en,Released
68791,534,200000000,371353001,115,18.5912,6.102,7248,2009-05-20,en,Released
68793,18360,150000000,413106170,105,15.3794,6.155,7451,2009-05-20,en,Released
68835,19375,0,120000,97,2.1119,6.3,100,2008-06-24,en,Released
68848,21755,20000000,5530764,114,5.2071,6.558,733,2008-09-09,en,Released
68872,8429,0,0,125,2.0406,7.514,364,1946-12-10,it,Released
68886,19955,0,0,90,2.9916,6.364,365,2006-11-01,fr,Released
68932,17332,60000000,38332994,117,7.4724,6.669,853,2009-04-24,en,Released
68945,21832,0,15877,101,5.9834,7.4,517,1997-03-15,ja,Released
68952,16871,30000000,91388487,99,14.5822,6.488,4217,2009-05-27,en,Released
68954,14160,175000000,735103954,96,36.3997,7.96,22150,2009-05-28,en,Released
68959,14003,0,10197984,105,4.9826,7.332,422,2005-07-21,ja,Released
69069,17927,20000000,18599102,90,8.953,6.1,716,2009-02-20,en,Released
69118,13975,0,0,117,5.5227,6.068,477,2009-04-15,en,Released
69122,18785,35000000,469310836,100,32.4581,7.337,18528,2009-06-02,en,Released
69131,16164,0,2960993,95,4.4499,5.824,327,2008-11-13,en,Released
69134,17609,11000000,7413863,104,8.1335,6.611,2920,2009-05-20,en,Released
69140,37924,0,0,91,2.6865,6.4,116,2006-01-03,en,Released
69211,27134,5000000,0,80,1.6309,4.93,57,2005-08-02,en,Released
69224,64968,0,0,105,2.1724,6.847,62,1997-11-19,fr,Released
69227,34300,0,0,99,2.2578,4.352,64,1993-11-12,en,Released
69251,13856,1000000,7202,81,2.2208,6.303,105,2006-11-17,en,Released
69275,14451,800000,2166797,88,6.0313,5.978,1271,2009-01-09,no,Released
69278,18162,100000000,68688831,102,9.4812,5.483,1505,2009-06-05,en,Released
69304,19724,55000000,23000000,107,5.9187,5.963,612,2009-06-19,en,Released
69306,18487,100000000,150166126,106,13.177,6.367,3497,2009-06-10,en,Released
69394,33409,0,1100000,114,3.7121,7.684,266,2009-06-26,en,Released
69406,18240,40000000,317400000,108,25.5207,7.181,7776,2009-06-02,en,Released
69436,17610,60000000,62357900,97,8.9589,5.003,2099,2009-06-18,en,Released
69453,27085,625000,4408872,90,2.4976,5.7,204,1974-08-13,en,Released
69469,19508,0,11445294,77,4.0285,5.5,111,2009-09-11,en,Released
69481,12162,15000000,49259766,131,15.6784,7.248,6370,2008-10-10,en,Released
69495,16240,0,46060,95,2.2454,6.104,53,2007-11-16,en,Released
69516,8284,0,0,116,4.3179,6.048,325,2009-05-01,en,Released
69524,62128,,,,,,,,,
69526,8373,200000000,836304167,150,8.5789,6.228,9414,2009-06-19,en,Released
69529,62320,0,0,95,3.6923,7.807,573,2009-06-03,fr,Released
69604,19265,15000000,36020534,92,5.0644,7.073,1884,2009-06-19,en,Released
69606,12556,37500000,102366815,115,8.4429,5.967,2489,2009-05-01,en,Released
69640,11322,100000000,214104620,140,14.6724,6.685,4965,2009-07-01,en,Released
69644,8355,90000000,886686817,94,25.1822,6.779,9075,2009-06-26,en,Released
69654,176241,0,0,89,7.4083,7.492,750,2009-09-10,en,Released
69685,24232,0,0,65,2.09,7.4,85,2002-01-21,en,Released
69712,10024,30000000,95714875,109,9.655,7.37,2304,2009-06-26,en,Released
69720,15423,5000000,25900,85,2.8849,4.8,82,2006-06-27,en,Released
69746,16440,0,0,26,3.3,6.628,227,2009-03-24,en,Released
69757,19913,7500000,60781545,95,21.6318,7.305,11307,2009-07-17,en,Released
69784,18480,42000000,138805831,83,8.2436,5.637,1986,2009-07-08,en,Released
69805,14728,0,0,95,6.4327,6.265,539,2008-10-25,en,Released
69844,767,250000000,933959197,153,40.7566,7.682,21206,2009-07-15,en,Released
69849,67479,,,,,,,,,
69860,14687,8000000,0,100,2.967,5.999,102,2007-09-22,en,Released
69904,9592,1200000,6816129,94,4.3717,5.476,729,2006-07-10,en,Released
69951,8054,30000000,64352607,123,10.1195,6.4,2956,2009-10-01,en,Released
69953,19929,0,0,113,3.3765,5.791,91,2008-08-24,en,Released
69988,23720,0,0,94,1.914,5.348,107,2009-01-16,en,Released
70015,22302,0,0,77,2.5617,7.12,714,2009-02-06,fr,Released
70159,21208,20000000,77912251,123,13.2923,7.0,5771,2009-07-24,en,Released
70183,20943,38000000,321700000,96,13.5877,6.5,3844,2009-07-24,en,Released
70206,21407,3400000,114000000,90,8.5374,6.626,1738,2009-07-09,en,Released
70208,12403,14000000,22852638,98,8.6537,6.339,1481,2009-06-08,en,Released
70286,17654,30000000,210888950,112,18.8655,7.478,10661,2009-08-05,en,Released
70293,24803,40000000,129500000,123,11.8627,6.713,2258,2009-08-06,en,Released
70301,17335,20000000,73830340,108,7.7134,5.758,720,2009-02-26,en,Released
70305,13836,50000000,106387141,98,10.9881,5.799,1865,2009-03-13,en,Released
70334,18126,35000000,155545279,102,7.0037,6.581,2130,2009-04-10,en,Released
70336,14869,175000000,302500000,118,13.499,5.782,5029,2009-08-03,en,Released
70361,17134,22000000,17280326,108,5.5072,5.902,867,2009-03-19,en,Released
70451,13752,6500000,0,118,3.8197,7.091,287,2008-12-18,no,Released
70492,40743,0,0,54,2.4765,5.226,31,1936-07-06,en,Released
70521,19422,,,,,,,,,
70533,15137,7000000,20121073,101,8.51,7.6,1132,2007-09-01,ja,Released
70545,11115,5000000,0,85,2.6472,5.3,79,2008-01-29,en,Released
70565,19905,10000000,15300000,89,5.3665,5.368,246,2009-05-29,en,Released
70599,24420,39000000,101344412,107,11.9807,6.955,2786,2009-08-14,en,Released
70637,31216,0,40945,82,3.4695,7.504,335,2008-06-01,en,Released
70641,19556,6000000,4591629,93,6.5213,5.555,394,2009-03-13,en,Released
70663,19840,18000000,15300000,102,7.7027,6.057,1015,2009-07-10,en,Released
70687,25183,1000000,1296971,88,1.9142,5.81,124,2009-08-07,en,Released
70697,19585,150000000,292817841,88,10.777,5.5,2053,2009-07-24,en,Released
70703,41682,40000000,8251071,120,4.2054,4.8,59,1992-08-20,en,Released
70708,11928,15000000,2852915,127,4.4217,6.777,224,2009-06-11,en,Released
70728,18533,230000,2300000,92,5.8727,6.9,2779,2009-03-13,en,Released
70862,22492,0,1896244,97,2.9011,7.165,200,2008-09-05,en,Released
70932,23049,17000000,20455276,95,6.4692,6.134,445,2009-06-05,en,Released
70946,26914,65000,0,95,2.7131,3.919,485,1990-10-12,en,Released
70984,26320,30000000,9975737,120,6.5442,6.186,489,2009-08-26,en,Released
70990,35203,0,0,97,3.7937,6.772,92,1996-09-11,en,Released
70994,24150,10000000,39421467,105,8.8961,5.306,1575,2009-08-28,en,Released
71033,25376,2000000,33965843,130,9.5509,7.971,2958,2009-08-13,es,Released
71057,12244,30000000,48428063,79,16.019,6.966,4024,2009-08-19,en,Released
71106,22494,0,23820,83,3.4545,6.883,714,2009-04-24,en,Released
71108,37903,21555450,11652157,144,8.8345,7.481,1182,2009-09-24,de,Released
71129,17445,3500000,0,75,8.2143,6.942,519,2009-07-28,en,Released
71131,63581,0,0,60,1.6074,7.301,88,2007-04-24,en,Released
71135,19898,33000000,20648328,108,9.5407,6.605,2764,2009-09-08,en,Released
71147,72083,0,0,88,2.3231,7.119,113,1955-09-07,es,Released
71156,10313,24000000,68729358,94,8.7096,5.971,2479,2009-10-17,en,Released
71160,17632,,,,,,,,,
71205,19994,16000000,31556061,107,17.5795,6.0,4401,2009-09-18,en,Released
71211,11323,22000000,41771168,108,6.7777,6.159,1017,2009-09-18,en,Released
71248,12569,8000000,10848783,92,4.2655,5.867,700,2009-09-03,en,Released
71252,19912,40000000,187384627,82,13.7416,5.609,4044,2009-08-26,en,Released
71254,18501,50000000,40800000,95,10.4392,5.696,2716,2009-09-03,en,Released
71264,22794,100000000,242988466,90,21.9403,6.669,6632,2009-09-17,en,Released
71268,26367,19000000,51733921,113,2.8359,6.286,147,2009-09-11,en,Released
71282,18570,1000000,4606199,94,2.7956,7.361,684,2008-09-07,en,Released
71302,18724,88000,480000,66,3.953,4.8,172,1958-05-18,en,Released
71304,22536,5000000,13085023,134,4.5508,7.117,1123,2009-04-30,ko,Released
71327,29963,10000000,14374652,119,5.4348,6.615,494,2009-09-18,en,Released
71341,30685,0,0,90,3.6642,5.315,311,2009-10-09,en,Released
71379,23827,15000,193355800,86,9.6496,6.06,5583,2007-09-14,en,Released
71429,20178,10000000,295750,99,4.713,6.6,675,2009-08-20,en,Released
71438,25050,0,3511120,114,3.7034,7.8,466,2008-06-28,ja,Released
71453,91262,0,0,23,1.5856,7.512,84,1949-01-01,fr,Released
71462,23128,0,1162422,92,4.6089,7.953,697,2009-07-31,en,Released
71464,12573,7000000,31400000,106,8.2614,6.689,2462,2009-10-02,en,Released
71466,28053,6000000,7875862,104,3.3653,6.941,410,2009-03-06,en,Released
71468,24869,250000,0,106,2.0764,6.319,352,2009-01-23,en,Released
71484,36800,5060730,0,86,3.2522,6.088,200,2009-10-21,en,Released
71494,23127,10000000,0,77,4.3025,5.905,232,2009-09-22,en,Released
71500,23202,12000000,27909,82,9.7658,7.0,2139,2007-12-09,en,Released
71518,22798,15000000,16633035,111,6.8072,6.691,1157,2009-04-09,en,Released
71520,23082,18500000,32400000,100,9.2983,6.213,2411,2009-10-02,en,Released
71530,19959,80000000,122444772,89,10.2666,6.165,3544,2009-09-24,en,Released
71535,19908,23600000,102391540,88,18.0656,7.259,13491,2009-10-02,en,Released
71550,18176,11500000,69564,94,4.7094,5.775,335,2008-01-17,en,Released
71579,24684,10000000,26096852,100,5.6956,6.931,1465,2009-10-29,en,Released
71619,11156,0,0,110,7.294,6.858,1053,2009-04-22,fr,Released
71640,26763,0,0,84,1.4497,7.284,44,2008-11-12,en,Released
71668,19899,70000000,171844840,113,9.2202,5.563,2136,2009-09-19,en,Released
71732,21910,750000,8050,85,3.1115,5.877,216,2008-08-07,en,Released
71745,16523,100000000,100140916,101,8.47,6.5,2075,2009-10-16,en,Released
71810,3513,20000000,67900000,98,5.5898,5.85,634,1998-12-03,en,Released
71823,12572,14700000,9961023,103,8.4023,5.956,619,2008-09-06,en,Released
71838,22803,53000000,127900000,109,17.5682,7.395,5856,2009-10-15,en,Released
71867,33806,0,0,108,2.2695,7.146,229,2009-10-07,nl,Released
71899,24238,8240000,1740429,92,9.0333,7.879,2330,2009-04-09,en,Released
71902,19918,0,12035862,98,8.3067,5.578,970,2009-01-16,en,Released
71910,24056,8000000,0,95,6.4732,5.948,696,2009-05-01,en,Released
71970,30506,0,0,94,3.3551,6.929,28,1944-11-17,en,Released
71999,2973,0,0,111,1.4391,6.0,83,1924-09-24,ru,Released
72011,22947,25000000,166842739,110,10.5464,6.901,4140,2009-12-04,en,Released
72104,44338,0,0,7,1.4191,7.467,150,1989-05-25,de,Released
72129,22804,11000000,69752402,90,9.0514,6.295,3607,2009-10-22,en,Released
72142,28422,0,0,237,4.8421,7.925,540,2008-11-29,ja,Released
72165,24418,40000000,28169671,109,7.5013,5.866,1190,2009-10-23,en,Released
72167,22821,8000000,10629321,118,7.7096,5.995,860,2009-11-24,en,Released
72171,24804,2900000,296557,85,4.6172,7.1,741,2009-10-16,en,Released
72178,14968,8000000,33579813,133,2.2709,7.417,205,2005-08-04,ko,Released
72224,22820,10000000,118492,89,2.4397,5.73,202,2009-09-30,en,Released
72226,10315,40000000,46471023,87,18.48,7.8,6324,2009-10-14,en,Released
72294,17979,200000000,325286646,96,16.328,6.911,4994,2009-11-04,en,Released
72308,105077,0,0,112,5.3882,6.716,501,2009-10-27,en,Released
72330,4475,0,2860973,98,5.5515,5.854,237,2009-07-07,en,Released
72356,24480,0,0,6,5.1887,7.738,1135,2009-05-28,en,Released
72378,14161,200000000,791217826,158,20.7356,5.897,13040,2009-10-10,en,Released
72395,25793,10000000,47536959,110,7.9825,7.3,1821,2009-11-06,en,Released
72405,11699,25000000,10589102,122,9.9582,6.181,1315,2009-09-11,en,Released
72407,18239,50000000,709827462,131,21.8253,5.984,9907,2009-11-18,en,Released
72424,17774,11000000,297835,88,3.4032,5.227,320,2002-05-19,en,Released
72479,28089,6500000,1595417,113,4.5366,6.751,498,2009-11-13,en,Released
72489,22832,40000000,61601280,99,13.1369,6.755,1871,2009-09-29,en,Released
72554,33273,5700000,19300483,108,4.3574,7.442,1391,2009-11-06,es,Released
72591,6058,25000000,0,90,4.0231,5.577,413,1998-07-10,en,Released
72601,34003,0,0,73,2.8455,7.29,164,2009-11-21,en,Released
72603,25472,0,0,30,5.404,6.512,328,2009-11-16,en,Released
72605,7445,26000000,43500000,105,13.4108,7.3,4035,2009-12-02,en,Released
72624,18595,0,0,85,2.0199,6.594,48,2007-10-05,en,Released
72641,22881,29000000,309231694,129,21.0546,7.661,6998,2009-11-20,en,Released
72692,15400,0,0,66,7.5922,7.1,734,1999-10-31,en,Released
72694,22640,5100000,303431,104,3.2399,6.192,261,2009-07-24,en,Released
72696,22949,35000000,96753696,88,7.7807,5.558,807,2009-11-24,en,Released
72701,16866,70000000,104945765,91,11.1563,5.924,2227,2009-11-19,en,Released
72714,30238,0,0,95,4.5314,8.122,348,2005-09-24,en,Released
72720,34653,7000000,25000000,100,8.5938,7.26,1709,2009-12-11,en,Released
72731,7980,65000000,93600000,136,18.7644,7.056,5076,2009-12-26,en,Released
72733,22954,60000000,122400000,134,8.2231,7.179,4434,2009-12-11,en,Released
72737,10198,105000000,270997378,98,23.3485,7.239,6287,2009-12-08,en,Released
72874,27719,0,0,98,1.9973,4.779,52,1997-08-22,en,Released
72919,24438,58000000,85280250,103,9.5204,5.394,1050,2009-12-17,en,Released
72921,174598,0,0,63,0.8238,5.853,17,1916-12-24,en,Released
72982,61872,,,,,,,,,
72998,19995,237000000,2923706026,162,53.4717,7.609,34710,2009-12-16,en,Released
73015,22897,85000000,219103655,121,9.5648,6.518,1566,2009-12-23,en,Released
73017,10528,90000000,524028679,129,17.9631,7.222,15051,2009-12-23,en,Released
73023,25196,7000000,47405566,112,5.8454,6.909,1227,2009-12-16,en,Released
73042,23398,75000000,443140005,89,16.1774,5.656,3192,2009-12-21,en,Released
73106,26123,8000000,5021219,93,9.349,5.258,1864,2009-12-02,en,Released
73160,27390,90000,0,80,2.3584,4.8,142,1988-01-29,en,Released
73211,23963,1500000,32000,96,3.9498,6.5,728,2009-03-06,en,Released
73266,22327,18000000,19651093,89,4.1935,6.141,1004,2009-09-11,en,Released
73268,19901,20000000,51417188,98,9.9406,6.282,2258,2010-01-06,en,Released
73290,28178,16000000,46800000,93,18.6588,8.003,7332,2009-06-08,en,Released
73319,25195,19000000,32686500,100,9.7256,6.894,2209,2010-01-08,en,Released
73321,20504,80000000,157107755,118,17.8424,6.81,6899,2010-01-14,en,Released
73323,33613,4000000,43498108,147,8.1713,7.067,1525,2009-11-27,sv,Released
73344,21575,13000000,17874044,155,6.4379,7.556,1784,2009-08-26,fr,Released
73386,25927,0,0,96,2.608,5.984,125,2009-02-07,en,Released
73431,24271,20000000,96008,91,4.7149,5.658,392,2009-05-09,en,Released
73488,1450,30000000,5874530,91,4.3688,5.912,438,2009-04-02,en,Released
73499,81895,0,0,93,2.2014,6.3,64,1994-05-14,en,Released
73501,148435,0,0,74,0.9582,5.7,10,1958-04-25,fi,Released
73515,20107,2000000,53760,80,2.5113,5.669,77,2008-04-25,en,Released
73569,21521,0,18681490,105,6.058,7.1,353,1987-07-25,cn,Released
73676,25676,0,0,136,5.3342,6.969,703,2006-09-28,cn,Released
73681,25205,0,0,119,4.2422,7.2,536,2009-11-04,fr,Released
73741,25602,10000000,36100000,83,4.9139,6.185,419,2009-10-22,en,Released
73804,2395,97250400,131856927,116,7.4274,5.2,2134,2008-01-25,fr,Released
73808,13855,2600000,35800000,125,6.8434,7.8,1625,2008-02-14,ko,Released
73822,57978,0,0,107,2.2266,6.725,109,1983-10-16,en,Released
73854,13382,0,0,52,5.4024,7.424,673,1964-12-06,en,Released
73858,13358,2000000,0,83,4.2055,5.5,113,2007-11-13,en,Released
73876,15255,8000000,71000000,93,9.9808,7.4,966,2006-04-11,en,Released
73881,20453,50000000,60262836,171,14.7822,8.0,2836,2009-12-23,hi,Released
73929,22894,26000000,67918658,100,10.0941,5.912,2959,2010-01-21,en,Released
74075,23988,365000,1400000,90,4.3459,4.215,507,2009-10-23,en,Released
74089,51120,0,0,101,1.4872,6.596,26,1960-12-08,en,Released
74095,21453,0,0,82,3.91,6.711,296,1987-04-19,ja,Released
74154,13477,55000000,43042835,91,8.6583,5.911,1302,2010-01-29,en,Released
74226,94706,0,0,138,1.3987,7.318,55,1992-10-01,es,Released
74228,26466,12000000,1594955,99,12.71,6.91,3132,2009-10-16,en,Released
74275,8952,13000000,20768906,98,7.0745,6.403,1870,2010-02-04,en,Released
74282,40724,0,0,232,3.5835,7.9,127,1987-05-19,en,Released
74324,33602,0,0,108,4.0978,7.897,587,2010-02-06,en,Released
74342,33728,0,0,126,3.8312,6.7,35,1963-12-25,en,Released
74370,25983,0,0,95,4.8076,6.228,882,2009-10-30,en,Released
74450,32856,52000000,216528528,125,10.1133,5.93,3213,2010-02-10,en,Released
74452,7978,150000000,140700000,103,13.3571,5.901,2250,2010-02-10,en,Released
74458,11324,80000000,294804195,138,35.0712,8.2,26454,2010-02-14,en,Released
74508,13949,0,0,93,2.812,7.24,287,2007-04-01,en,Released
74510,24253,4400000,67126795,129,7.9547,6.991,1852,2009-09-18,sv,Released
74530,32657,95000000,226497209,118,22.4943,6.214,7957,2010-02-01,en,Released
74532,23742,30000000,55600000,107,6.8438,5.554,1680,2010-02-26,en,Released
74545,11439,45000000,60300000,128,8.2821,6.816,2524,2010-02-12,en,Released
74553,26963,8000000,1803412,79,6.4618,7.379,817,2009-02-09,en,Released
74580,23172,28000000,66166000,94,11.0153,5.9,1455,2010-01-15,en,Released
74624,26428,70000000,39457342,127,6.976,7.003,1613,2009-05-17,en,Released
74647,22805,5000000,726936,90,3.2858,4.996,139,2009-01-21,en,Released
74668,15357,15000000,14103752,101,7.3789,6.395,1309,2009-02-18,fr,Released
74677,18489,0,0,87,1.6514,7.1,105,2009-01-18,en,Released
74683,19962,0,0,89,2.3778,6.993,74,2001-09-28,en,Released
74685,29427,20000000,54956140,101,7.5996,6.3,2359,2010-02-26,en,Released
74688,22971,25000000,114977104,108,10.2861,6.833,4345,2010-02-04,en,Released
74696,45576,0,288,85,1.1757,7.429,70,2009-06-06,zh,Released
74698,23023,48000000,112462508,101,8.025,5.491,2153,2010-01-14,en,Released
74727,20871,0,0,88,2.1277,7.776,277,1971-12-13,ru,Released
74750,10664,5600000,18469680,84,7.4658,6.6,2254,2009-09-15,es,Released
74754,17473,6000000,1752988,100,5.3014,4.0,1584,2003-06-27,en,Released
74789,12155,200000000,1025467110,108,26.1773,6.642,15059,2010-03-03,en,Released
74791,40623,0,0,77,1.7872,7.475,224,2009-06-17,fr,Released
74795,22972,100000000,94882889,115,10.493,6.485,2458,2010-03-11,en,Released
74851,26389,52000000,52800000,92,13.4393,6.475,2456,2010-02-04,en,Released
74868,23488,0,4706919,112,6.9535,6.045,2277,2009-09-09,en,Released
74916,27583,25000000,6344112,107,5.1906,5.886,642,2010-03-26,en,Released
74946,34016,20000000,49800000,104,11.0445,6.511,2425,2010-03-11,en,Released
74948,25941,7300000,10329747,103,5.3922,6.816,1201,2009-11-11,en,Released
75341,23169,16000000,56000000,113,9.6262,7.096,3802,2010-03-11,en,Released
75389,15846,7000000,0,96,2.5681,5.9,244,2008-09-09,en,Released
75395,44363,0,3065860,94,5.5861,6.003,2057,2010-02-05,en,Released
75416,26623,7000000,0,87,2.3876,4.3,70,1996-02-20,en,Released
75446,31299,2500000,767567,112,3.3057,5.82,139,2008-10-06,en,Released
75803,34563,14000000,21409028,103,3.5367,5.619,143,2010-03-12,en,Released
75805,27573,40000000,136300000,110,7.3595,5.851,3121,2010-03-16,en,Released
75813,12834,9000000,1034214,104,6.3705,6.004,480,2009-09-13,en,Released
75816,31723,3000000,18097,92,3.2473,5.115,131,2009-11-13,en,Released
75947,32688,0,0,105,3.1917,6.24,104,1962-03-30,it,Released
75985,31867,32000000,18409891,111,10.1492,6.339,2185,2010-03-18,en,Released
76030,28355,27000000,29000000,109,8.5444,6.319,2433,2009-08-13,en,Released
76054,36970,80000000,83090556,104,3.812,7.471,346,2010-01-22,en,Released
76060,34423,0,60421,98,4.0981,5.839,214,2009-12-11,en,Released
76077,23048,36000000,64780213,101,9.8228,6.049,2829,2010-03-26,en,Released
76091,30018,5000000,17112713,129,6.304,7.711,1751,2009-05-28,ko,Released
76093,10191,165000000,495141736,98,28.1616,7.867,14738,2010-03-18,en,Released
76143,21467,0,0,117,2.1833,7.344,112,2009-02-09,de,Released
76173,27936,33000000,14000000,104,5.1402,6.649,686,2009-10-28,fr,Released
76175,18823,125000000,493214993,106,17.1856,5.923,6852,2010-03-26,en,Released
76251,23483,28000000,96188903,118,17.9419,7.124,12648,2010-03-26,en,Released
76293,35056,55000000,152300000,88,11.6147,6.117,3146,2010-04-08,en,Released
76301,13417,0,0,75,10.3871,6.41,1383,2005-12-05,en,Released
76738,52903,580000,0,80,1.7678,7.1,42,2010-03-26,fi,Released
76743,8980,0,0,103,2.0773,5.899,159,2003-02-07,es,Released
76751,25572,0,0,118,1.1943,6.8,23,2007-01-01,en,Released
76763,27586,10000000,2995811,107,3.7605,6.473,868,2010-03-19,en,Released
77177,141714,,,,,,,,,
77191,34803,21000000,49050886,92,8.5661,5.884,1103,2010-04-15,en,Released
77201,37861,5650000,31000,93,4.4855,6.103,1374,2010-03-10,en,Released
77206,33217,15000000,75700000,92,12.2798,6.286,1836,2010-03-19,en,Released
77233,36443,200000,0,104,1.5503,7.339,84,2007-05-08,en,Released
77266,12411,0,0,120,2.1439,6.246,90,2008-09-06,en,Released
77364,34813,25000000,23580000,97,9.972,6.261,2051,2010-04-23,en,Released
77414,35690,20000000,89137047,107,8.4672,7.229,3419,2010-03-31,en,Released
77421,39053,7000000,9900000,91,4.3864,5.928,474,2010-06-18,en,Released
77427,37169,2000000,252207,92,22.3738,5.2,2472,2009-10-31,en,Released
77455,39452,0,4790751,86,4.1906,7.541,996,2010-03-05,en,Released
77561,10138,200000000,623933331,124,51.7925,6.855,22937,2010-04-28,en,Released
77667,37931,10000000,9322895,90,5.5832,5.4,637,2010-05-21,en,Released
77688,4180,0,2052466,106,2.5527,6.367,297,1985-09-18,fr,Released
77709,15877,0,0,121,4.4815,6.7,184,2008-08-02,ja,Released
77795,34069,4500000,0,120,2.5,5.905,453,2009-09-24,de,Released
77798,23437,35000000,115665418,95,11.7631,5.52,2979,2010-04-30,en,Released
77800,37495,3900000,6200000,97,4.9089,6.946,1331,2010-05-07,en,Released
77841,37565,9000000,11198830,106,3.9968,5.6,237,2009-12-18,en,Released
77846,12219,1750000,2000000,117,10.4189,7.698,473,1997-08-17,en,Released
77866,20662,200000000,321669741,140,14.9227,6.4,5149,2010-05-12,en,Released
77881,21245,0,0,119,1.2989,4.8,18,2002-02-01,fi,Released
77893,34626,0,154660,134,3.2674,6.478,250,2009-08-06,id,Released
77931,37511,0,0,61,2.3436,7.0,18,2009-01-20,en,Released
78034,36801,0,0,94,3.1558,6.512,328,2010-04-14,en,Released
78039,46705,1000000,15440333,112,9.7193,6.971,3622,2010-12-26,en,Released
78041,37821,75000000,98159963,100,7.5175,5.962,2352,2010-06-04,en,Released
78088,26388,1987650,19152480,95,8.987,6.634,3145,2010-09-24,en,Released
78103,30527,11000000,0,112,2.8789,7.223,74,2007-09-28,en,Released
78105,9543,200000000,336365676,116,16.2052,6.312,7334,2010-05-19,en,Released
78116,40247,3000000,4313829,90,2.9938,6.204,167,2010-04-30,en,Released
78142,25846,30000000,16017513,160,3.7599,7.197,674,2009-09-25,it,Released
78160,198306,0,0,73,1.5885,7.054,84,2003-11-17,en,Released
78174,37786,100000000,290700000,146,7.582,6.039,1758,2010-05-26,en,Released
78209,32823,40000000,90029656,109,7.6476,5.96,2003,2010-06-03,en,Released
78218,38199,15000000,0,97,9.1088,6.816,1515,2010-05-26,en,Released
78264,34806,35000000,77477008,106,13.3489,6.124,1512,2010-04-23,en,Released
78266,37707,26000000,0,104,9.1046,5.876,2524,2010-06-03,en,Released
78316,37056,30000000,82148538,105,11.1454,7.004,3061,2010-05-13,en,Released
78349,29917,600000,394717,101,7.1514,6.7,2378,2009-06-19,en,Released
78467,20533,47000000,10539000,81,9.3904,4.98,1588,2010-06-18,en,Released
78469,34544,110000000,177238796,117,15.8848,6.421,5129,2010-06-09,en,Released
78499,10193,200000000,1067316101,103,38.9081,7.817,16250,2010-06-16,en,Released
78544,198308,0,0,79,1.4049,6.746,65,2007-11-12,en,Released
78574,39013,2000000,13831503,101,9.2663,6.773,2060,2010-06-11,en,Released
78620,32068,0,0,102,4.8018,6.396,125,1968-02-29,en,Released
78626,21531,0,0,110,3.2394,6.773,319,2000-02-19,ko,Released
78637,10192,165000000,752600867,93,31.5465,6.414,8128,2010-05-16,en,Released
78703,39545,0,0,100,3.8719,6.279,270,2009-05-14,en,Released
78746,40819,0,0,93,1.464,7.079,184,2009-03-14,en,Released
78772,24021,68000000,698491347,124,16.6735,6.187,9389,2010-06-23,en,Released
78836,34647,13000000,754249,161,7.3036,7.283,2055,2010-05-05,en,Released
78893,10196,150000000,319713881,103,11.7823,4.641,4362,2010-06-30,en,Released
78959,15102,22000000,0,109,2.1323,5.863,51,2009-01-18,en,Released
79006,76180,0,0,151,4.0471,7.644,218,2004-09-20,en,Released
79008,16023,0,0,67,1.8145,7.891,313,2008-03-11,en,Released
79057,34851,40000000,127233108,107,17.1105,6.31,4789,2010-07-07,en,Released
79073,37659,0,0,86,3.9779,7.264,232,2010-04-09,en,Released
79091,20352,69000000,543284256,95,55.5539,7.262,16397,2010-07-08,en,Released
79132,27205,160000000,839030630,148,64.5788,8.373,40234,2010-07-15,en,Released
79134,38365,80000000,271457606,102,31.2724,6.437,6886,2010-06-24,en,Released
79139,27022,150000000,215300000,109,14.9432,6.145,5384,2010-07-13,en,Released
79185,37834,117000000,261989769,109,18.2031,6.238,5037,2010-06-15,en,Released
79224,38575,40000000,359126022,140,20.3205,6.567,6714,2010-06-10,en,Released
79242,39781,3500000,34705850,106,6.6129,6.592,1632,2010-07-09,en,Released
79251,73861,0,0,104,30.4264,5.447,2275,2010-01-06,sr,Released
79259,40850,0,0,86,2.4805,5.472,125,2009-02-08,en,Released
79274,40662,0,6629178,75,8.2844,7.761,1782,2010-07-27,en,Released
79293,27576,110000000,293329073,100,11.0088,6.418,6071,2010-07-21,en,Released
79333,39768,0,9928,94,1.9231,7.514,144,1966-05-22,ru,Released
79357,31011,47000000,2331721,141,9.847,7.785,6367,2009-11-06,en,Released
79428,38778,69000000,86387857,114,8.3756,5.724,1986,2010-07-30,en,Released
79501,36274,0,0,96,1.4034,6.597,36,2002-09-21,ja,Released
79536,25335,2500000,0,136,0.9035,6.4,51,2009-01-09,fi,Released
79553,37472,12900000,36000000,108,1.3406,7.457,2561,2010-04-29,cn,Released
79572,38843,15000000,27293743,103,5.1772,6.59,805,2010-07-23,en,Released
79590,24122,0,21791288,95,8.5657,6.505,983,2009-09-16,en,Released
79592,27581,100000000,170432927,107,16.4049,6.34,4698,2010-08-06,en,Released
79677,53190,0,0,100,1.4815,7.4,51,2010-06-22,en,Released
79684,39414,0,13514,110,4.8044,6.32,376,2009-06-15,en,Released
79695,27578,80000000,274470394,103,21.9278,6.251,8471,2010-08-07,en,Released
79702,22538,73000000,51825248,113,17.6121,7.484,8881,2010-08-12,en,Released
79798,26280,0,0,100,3.4161,7.442,1183,2009-06-05,fr,Released
79868,38150,5000000,20435,114,1.9126,5.9,180,2010-05-21,en,Released
79879,43593,24000000,83188165,88,10.3517,5.426,2460,2010-08-20,en,Released
79895,35552,25000000,34604339,107,9.2978,6.275,1515,2010-04-09,fr,Released
79897,44718,700000,10522511,103,3.6203,6.716,352,2010-07-30,en,Released
79946,41479,10000000,7022728,96,5.2588,6.2,662,2010-04-16,en,Released
80083,28609,0,9060335,41,5.4513,6.842,636,1989-07-15,ja,Released
80094,38358,1800000,69400000,87,7.9527,5.679,1146,2010-08-27,en,Released
80124,49943,0,0,83,1.6032,6.811,98,2001-05-10,ru,Released
80126,27579,20000000,67900000,104,11.1953,6.011,1567,2010-08-31,en,Released
80139,14158,0,0,64,3.2966,6.127,643,2007-12-18,en,Released
80162,37905,3100000,2943372,98,3.1349,6.002,536,2010-02-10,fr,Released
80166,41210,19000000,49830607,101,7.284,6.234,2078,2010-08-20,en,Released
80219,23631,10500000,45491656,105,8.9377,6.334,3657,2010-09-01,en,Released
80241,38073,32000000,42045846,102,6.993,6.097,795,2010-08-27,en,Released
80363,35791,60000000,300228084,97,1.252,6.056,4349,2010-09-01,en,Released
80454,60678,0,0,104,1.0784,5.774,31,2010-09-10,fi,Released
80463,37799,40000000,224920315,121,23.1064,7.376,13531,2010-10-01,en,Released
80478,85692,0,0,130,0.9782,6.904,26,1967-07-08,ja,Released
80489,23168,37000000,154026136,125,14.4841,7.227,5835,2010-09-15,en,Released
80549,37735,8000000,75026327,93,14.1431,6.8,7549,2010-09-16,en,Released
80551,38167,60000000,204594016,133,15.5666,6.245,2687,2010-08-12,en,Released
80553,38568,5000000,1183258,84,2.9629,6.46,200,2010-08-26,en,Released
80572,43939,0,626396,107,6.8957,5.948,417,2010-09-10,en,Released
80584,15179,0,3250537,98,1.6324,6.77,122,2008-09-12,sv,Released
80586,43949,14000000,4324817,89,11.3402,8.017,3416,2010-08-06,en,Released
80590,33909,70000000,134748021,133,9.2553,6.094,1739,2010-09-20,en,Released
80615,41216,80000000,140073390,97,12.0771,6.843,2561,2010-07-10,en,Released
80693,43923,8000000,6491240,102,8.2186,6.943,2514,2010-10-08,en,Released
80727,38842,22000000,0,105,4.5576,6.496,357,2009-05-17,en,Released
80748,25694,0,0,76,2.5998,6.119,67,1933-12-18,en,Released
80831,41402,20000000,24145613,116,10.6921,6.798,2270,2010-10-01,en,Released
80834,45745,450000,0,14,2.5262,7.333,177,2010-09-30,en,Released
80839,39486,35000000,60300000,123,7.4524,7.412,651,2010-08-20,en,Released
80846,44040,10000000,33583175,80,8.5581,6.098,3192,2010-09-16,en,Released
80858,38303,20000000,32054369,105,11.6404,6.28,1328,2010-09-23,en,Released
80860,38408,38000000,105734416,114,9.6627,6.9,3333,2010-10-02,en,Released
80862,42296,30000,3045943,87,2.0777,6.807,567,2010-09-17,en,Released
80864,38031,22000000,36015260,98,7.1011,5.921,923,2010-09-22,en,Released
80880,44113,22000000,9479718,105,5.9151,5.323,759,2010-10-07,en,Released
80906,44639,2000000,7871522,109,5.5911,7.707,1073,2010-10-08,en,Released
80917,43933,500000,5639730,94,5.7581,6.191,1836,2010-06-18,en,Released
80969,42188,15000000,9918093,104,9.1975,6.846,2539,2010-03-18,en,Released
81018,41201,18000000,6007194,80,4.4746,7.2,694,2010-06-16,fr,Released
81087,16344,2300000,3000000,155,2.7019,6.5,76,2009-01-30,hi,Released
81132,45649,500000,98017,82,5.0301,5.924,1151,2010-11-09,fr,Released
81156,16290,20000000,117224271,94,7.0301,6.642,1524,2010-10-15,en,Released
81158,39312,0,1437000,93,3.3494,7.249,377,2010-06-25,en,Released
81191,39440,0,0,111,1.4324,6.899,150,2010-09-24,en,Released
81229,39514,58000000,199006387,111,15.286,6.707,7298,2010-10-13,en,Released
81257,44716,15000000,13004198,118,4.6588,7.148,475,2010-08-26,da,Released
81383,41211,8700000,47355187,105,5.7281,6.615,1427,2010-03-17,fr,Released
81417,41436,3000000,177512032,91,6.2562,5.806,2701,2010-10-20,en,Released
81456,51241,464229,62985,97,2.7664,7.1,1073,2010-06-11,fr,Released
81512,44603,50000000,107000000,129,7.4417,6.146,1856,2010-10-22,en,Released
81520,38234,3000000,76500000,96,9.4758,7.6,1072,2010-04-17,en,Released
81535,41439,17000000,136151680,90,10.6205,5.975,3392,2010-10-22,en,Released
81537,41733,65000000,211800000,95,13.4291,6.392,5980,2010-11-03,en,Released
81562,44115,18000000,35700000,94,17.6482,7.091,8296,2010-11-12,en,Released
81564,38055,130000000,321885765,96,24.0268,7.041,7694,2010-10-28,en,Released
81591,44214,13000000,329398046,108,24.4984,7.683,15895,2010-12-03,en,Released
81681,41058,0,0,81,1.8764,6.2,65,1949-02-26,en,Released
81782,44048,100000000,167805466,98,11.1409,6.628,4014,2010-11-04,en,Released
81784,38357,40000000,60040976,107,10.8326,6.372,1671,2010-11-10,en,Released
81786,48303,7000000,7736632,106,5.6282,7.011,461,2010-05-19,fr,Released
81788,43539,30000000,67448651,133,13.8039,7.089,3198,2010-11-18,en,Released
81791,39210,8000000,14788642,98,4.398,6.075,837,2010-09-03,en,Released
81819,45958,0,25147786,148,6.4327,7.2,1249,2010-10-20,es,Released
81831,36940,0,0,122,2.5641,7.239,528,2010-01-15,it,Released
81834,12444,250000000,954305868,146,39.7086,7.732,20812,2010-11-17,en,Released
81845,45269,15000000,414211549,118,19.9584,7.731,9520,2010-11-26,en,Released
81847,38757,260000000,592461732,100,32.2754,7.617,12710,2010-11-24,en,Released
81910,41999,0,0,101,1.2846,6.924,46,2010-02-26,en,Released
81932,45317,25000000,129190869,116,14.2706,7.377,4845,2010-12-10,en,Released
81949,41556,4500000,123820,97,3.6796,4.902,264,2010-09-10,en,Released
82041,46420,4000000,358399,84,4.1284,6.737,870,2010-11-04,en,Released
82053,45324,12500000,1083683,108,2.8679,5.869,333,2010-09-16,en,Released
82088,47979,0,0,96,1.6833,6.7,132,2010-04-21,de,Released
82093,48838,25000000,8307227,103,4.4648,5.9,836,2010-11-10,en,Released
82095,42684,10500000,66984887,93,7.7892,5.069,1852,2010-11-11,en,Released
82152,38117,17000000,43200000,86,6.9376,6.3,2897,2011-01-21,en,Released
82167,43347,30000000,102800000,112,17.2316,7.042,5722,2010-11-22,en,Released
82169,10140,155000000,415686217,113,17.2527,6.445,6019,2010-12-02,en,Released
82202,37710,100000000,278731369,103,14.2257,6.188,5862,2010-12-08,en,Released
82242,48395,0,0,83,5.4178,6.212,690,2010-12-03,fi,Released
82366,43919,2500000,156190,85,4.1476,5.527,414,2010-10-01,en,Released
82378,46503,0,1754389,101,8.0622,6.064,1034,2010-12-03,en,Released
82459,44264,38000000,252300000,110,14.7641,7.304,5927,2010-12-22,en,Released
82461,20526,170000000,409912892,126,19.5551,6.549,8161,2010-12-14,en,Released
82499,42888,120000000,48668907,121,6.5598,5.342,1078,2010-12-17,en,Released
82527,46829,30000000,8454301,134,5.0383,6.959,500,2010-10-26,en,Released
82534,44129,15000000,4882577,104,6.3055,6.542,826,2010-10-21,en,Released
82641,54178,0,0,111,2.447,6.9,112,1967-07-26,zh,Released
82667,49797,6000000,12966357,144,10.8362,7.809,3165,2010-08-12,ko,Released
82684,46788,0,24998,77,2.2815,5.139,144,2010-05-07,en,Released
82744,41283,24000000,23081726,98,11.3375,6.355,2160,2010-11-23,en,Released
82765,35138,25000000,0,96,3.1817,6.872,351,2010-02-14,zh,Released
82767,27585,5000000,5144717,91,7.9934,6.634,678,2010-12-16,en,Released
82848,23282,0,0,25,2.0824,7.8,341,1920-08-29,xx,Released
82852,39451,100000000,310650585,98,13.3525,5.664,3526,2010-12-21,en,Released
82854,38745,112000000,237382724,85,9.0003,5.225,2616,2010-12-23,en,Released
82857,50071,0,206728,101,1.1095,6.696,28,2009-11-18,en,Released
83086,42297,55000000,89500000,119,9.9721,7.214,2410,2010-11-23,en,Released
83132,51739,23000000,149660003,95,11.6773,7.68,3282,2010-07-16,ja,Released
83134,46838,5000000,5224938,89,9.5224,7.4,3307,2010-01-22,en,Released
83177,41515,80000000,203509374,80,8.5072,5.563,962,2010-12-17,en,Released
83270,46138,7200000,12629471,113,3.6798,6.673,347,2010-10-01,en,Released
83349,40805,120000000,227817248,119,11.4321,5.597,3566,2011-01-12,en,Released
83369,49009,30000000,24172201,133,7.2944,7.007,1818,2010-11-22,en,Released
83374,46528,42000000,11100000,100,4.9058,6.616,694,2010-12-01,en,Released
83480,23047,40000000,91627228,95,9.964,5.5,2725,2011-01-07,en,Released
83601,43950,0,0,90,2.637,6.224,181,2009-09-23,fr,Released
83613,49849,163000000,174822325,119,14.5497,5.708,5621,2011-07-29,en,Released
83796,14556,10000000,0,96,3.3039,6.964,306,2008-12-03,fr,Released
83803,40619,0,0,6,5.9464,7.69,977,2010-06-17,en,Released
83827,52013,0,58,83,0.9825,7.275,72,2010-03-12,en,Released
83910,44564,70000000,67112664,111,7.5768,5.4,942,2011-01-13,en,Released
83969,43810,0,0,89,1.5178,6.367,30,1940-10-11,en,Released
83976,63578,0,951179,107,2.1959,6.661,330,2011-04-24,en,Released
84152,51876,27000000,161900000,106,18.2349,7.203,11754,2011-03-17,en,Released
84156,89704,0,338987,94,1.5587,7.278,142,2010-09-03,en,Released
84187,22843,10000000,44339362,112,5.5667,7.8,1045,2009-06-26,ja,Released
84189,43947,2000000,572809,108,13.0526,6.508,2670,2010-06-17,en,Released
84240,53596,10600000,0,103,2.267,7.0,301,2011-01-05,es,Released
84246,52844,0,0,116,2.5373,7.063,87,1947-04-17,en,Released
84273,54293,0,0,161,1.3413,6.998,243,2011-01-15,en,Released
84374,41630,25000000,149200000,107,31.0708,6.3,5076,2011-01-21,en,Released
84392,50348,40000000,85412898,119,9.3708,7.206,3767,2011-03-17,en,Released
84414,56590,3500000,0,76,4.642,6.882,578,2011-01-01,en,Released
84512,120843,0,0,80,1.4607,6.6,11,1931-11-07,en,Released
84523,39029,0,0,114,1.4181,7.048,84,1968-06-22,ja,Released
84553,148432,0,0,82,0.9651,5.556,9,1957-08-23,fi,Released
84601,48138,30000000,130786397,113,10.3616,6.696,4288,2011-02-16,en,Released
84615,52067,0,6861102,87,4.8717,5.944,472,2011-02-11,en,Released
84637,45772,36000000,189712432,84,10.8034,5.903,2120,2011-01-13,en,Released
84696,50204,10000000,4791599,91,4.639,6.083,529,2010-10-29,en,Released
84716,18438,0,0,119,4.2083,7.908,749,2009-05-14,ko,Released
84772,39513,40000000,98000000,104,13.163,6.749,6482,2011-02-14,en,Released
84799,37618,0,0,99,2.2879,6.0,85,1972-12-05,en,Released
84844,20993,1500000,1080000,122,2.4642,7.091,342,2000-05-11,ru,Released
84847,183894,,,,,,,,,
84942,47327,50000000,40909909,104,10.3009,5.55,2115,2011-02-24,en,Released
84944,44896,135000000,245724603,107,16.7269,6.92,7326,2011-03-02,en,Released
84950,50725,19000000,6900000,97,4.1466,6.0,739,2011-03-04,en,Released
84952,54186,0,45203103,107,5.435,7.585,1025,2010-06-04,ja,Released
84954,38050,50200000,127900000,106,14.0324,6.791,5081,2011-03-03,en,Released
85020,27582,40000000,51070807,93,14.702,6.546,3715,2011-01-13,en,Released
85022,48988,36000000,83200000,105,9.4746,5.753,2190,2011-02-25,en,Released
85025,49494,25000000,27122040,114,10.6733,6.248,1474,2011-02-08,en,Released
85056,46529,50000000,149900000,109,13.9978,6.206,5129,2011-02-18,en,Released
85131,44943,70000000,211800000,116,13.6506,5.83,3849,2011-03-08,en,Released
85179,28874,0,18434328,114,6.7431,7.5,1070,2009-08-01,ja,Released
85213,56831,0,0,91,5.3266,7.224,530,2011-02-12,en,Released
85259,36540,0,0,25,3.0542,7.578,103,1966-02-04,en,Released
85261,50321,150000000,39000000,88,11.1331,5.989,816,2011-03-09,en,Released
85295,47533,0,3400000,80,6.7106,6.2,544,2010-10-16,en,Released
85316,72185,0,0,25,2.2579,7.706,68,1974-12-20,en,Released
85334,26011,0,0,96,3.5952,5.043,140,1987-03-01,en,Released
85342,47931,0,63027681,115,8.1765,7.851,2110,2010-10-08,pt,Released
85354,15362,25000000,15000000,133,4.3192,7.279,963,2008-11-19,fr,Released
85367,50546,80000000,214945591,117,19.4868,6.704,6245,2011-02-10,en,Released
85394,59490,0,6467348,90,2.8996,7.081,369,2010-11-03,en,Released
85397,49730,42000000,89162162,100,13.4059,5.975,3360,2011-03-10,en,Released
85399,38322,32000000,82686066,107,10.9532,5.534,1327,2011-02-16,en,Released
85401,45132,2500000,1185012,96,6.7443,6.523,1794,2010-11-26,en,Released
85412,46146,3500000,4159678,104,6.7224,6.715,1808,2010-10-29,no,Released
85414,45612,32000000,147332697,93,21.414,7.311,9421,2011-03-30,en,Released
85438,38684,13000000,34710627,120,10.0687,7.191,1601,2011-03-11,en,Released
85510,23629,82000000,89792502,110,12.6256,6.205,5239,2011-03-24,en,Released
85565,58232,8000000,5468650,97,5.4549,6.383,673,2011-02-02,en,Released
85736,13413,0,0,8,4.095,7.511,831,2008-11-17,en,Released
85774,58496,0,8212430,106,5.6891,8.099,1243,2010-10-07,en,Released
85780,110639,,,,,,,,,
85788,49018,1500000,100106454,102,27.8113,6.958,7608,2011-03-31,en,Released
85796,49010,3000000,748453,86,3.5442,5.9,713,2011-05-06,en,Released
85881,55725,10831173,10654385,106,3.7034,6.825,570,2011-03-18,en,Released
85885,48650,0,844281,109,18.3889,6.41,848,2010-05-07,es,Released
86000,39356,0,9116968,88,2.4573,7.289,509,2010-03-25,en,Released
86014,60307,18000000,72200000,99,9.6488,6.736,1298,2011-03-25,en,Released
86028,53172,12000000,2100000,108,5.2094,5.8,395,2010-01-14,en,Released
86059,50359,63000000,183953723,95,12.0609,5.81,1428,2011-03-30,en,Released
86066,64484,0,0,97,0.9912,6.507,67,2006-06-08,ru,Released
86068,75725,0,0,75,1.7298,6.355,76,2005-10-27,es,Released
86142,58857,6000000,17555141,141,4.9604,7.3,1319,2010-09-25,ja,Released
86190,50456,30000000,63782078,111,8.6295,6.586,3773,2011-04-07,en,Released
86237,367647,,,,,,,,,
86279,54527,900000,0,75,1.2765,7.157,86,2010-11-12,en,Released
86286,23521,0,0,72,2.8368,6.758,153,1988-09-24,en,Released
86290,46105,0,90275,102,1.5098,7.372,82,2010-04-10,en,Released
86293,49012,40000000,48147945,110,4.8356,5.559,823,2011-04-08,en,Released
86295,41446,40000000,97231420,111,15.4644,6.483,4302,2011-04-13,en,Released
86298,46195,90000000,483866772,96,17.6041,6.77,7339,2011-04-03,en,Released
86320,62215,7400000,15946321,136,10.0179,7.148,3940,2011-03-16,en,Released
86332,10195,150000000,449326618,115,30.0204,6.772,22822,2011-04-21,en,Released
86345,45523,0,0,84,1.8926,7.805,315,2010-01-26,en,Released
86347,30969,0,0,60,1.6608,7.831,219,2008-10-01,en,Released
86355,56780,20000000,4627375,97,3.7815,5.473,222,2011-04-14,en,Released
86377,24447,0,0,57,1.2416,7.776,185,2007-01-13,en,Released
86487,202241,,,,,,,,,
86504,167966,0,0,77,1.3383,6.864,11,2004-03-09,en,Released
86548,55787,38000000,117094902,122,8.8608,6.929,2664,2011-04-15,en,Released
86593,57586,5000000,30857747,89,4.1846,7.328,264,2011-04-21,en,Released
86628,51209,0,1188194,106,6.2716,6.785,730,2011-03-10,en,Released
86644,51497,125000000,626100000,131,2.5306,7.247,9086,2011-04-20,en,Released
86668,241620,0,0,60,1.1514,7.339,31,2008-12-07,en,Released
86721,42521,0,0,79,1.356,6.705,78,2008-04-26,en,Released
86781,46738,6800000,6788659,131,14.4543,8.101,3473,2010-09-17,fr,Released
86815,43959,18000000,47088990,112,8.1657,7.017,1279,2011-04-08,en,Released
86817,49022,35000000,65090821,112,7.6168,6.236,1115,2011-05-05,en,Released
86833,55721,32500000,288383523,125,15.5925,6.509,4777,2011-05-13,en,Released
86835,38321,60000000,84154026,87,14.3537,5.9,2631,2011-05-05,en,Released
86864,39410,0,2237760,101,2.8785,7.179,195,1961-07-30,ja,Released
86880,1865,379000000,1046721266,136,31.5721,6.574,15257,2011-05-15,en,Released
86882,59436,17000000,151119219,94,16.1842,7.509,7889,2011-05-11,en,Released
86892,51608,1255000,43059790,119,9.6935,7.7,1561,2010-08-04,ko,Released
86898,8967,32000000,54700000,139,11.7635,6.715,3419,2011-05-17,en,Released
86911,45243,80000000,586764305,102,24.1016,6.512,11551,2011-05-25,en,Released
86922,52077,28000000,93800000,108,5.1701,5.889,1202,2010-12-20,fr,Released
86960,21469,0,0,93,4.0559,6.0,126,2009-08-27,en,Released
87028,49950,16000000,52545707,91,5.2384,5.4,1020,2011-02-04,en,Released
87192,59678,13000000,6333688,88,6.3537,6.464,2349,2011-05-11,en,Released
87194,59468,0,13900000,128,4.2408,7.088,673,2010-09-10,en,Released
87197,51533,0,104731450,132,5.7603,7.801,362,2010-12-20,zh,Released
87222,49444,150000000,665692281,91,24.9487,7.085,8141,2011-05-25,en,Released
87232,49538,160000000,353624124,132,1.5547,7.306,13875,2011-06-01,en,Released
87234,49020,1500000,864659,98,5.6674,7.355,1641,2011-03-18,en,Released
87287,70862,0,0,82,2.3718,6.739,67,2011-02-04,en,Released
87298,45658,5000000,2614773,97,4.1408,6.174,683,2011-05-13,en,Released
87304,55347,3200000,14311701,105,4.7998,6.839,1177,2011-06-03,en,Released
87306,37686,50000000,260100000,112,13.1901,6.782,7288,2011-06-09,en,Released
87413,19963,0,0,87,1.4573,6.8,298,1996-11-27,fr,Released
87430,44912,200000000,219851172,114,24.5073,5.201,7863,2011-06-14,en,Released
87444,56272,0,10,98,2.7396,4.757,171,2011-03-11,en,Released
87483,58224,55000000,187361754,94,12.3948,5.976,3241,2011-06-17,en,Released
87485,52449,20000000,216197492,92,11.2995,5.612,5043,2011-05-16,en,Released
87520,38356,195000000,1123794079,154,5.903,6.24,9166,2011-06-28,en,Released
87522,59861,30000000,75055070,98,8.1376,5.996,1451,2011-06-30,en,Released
87529,38319,49900000,28013733,102,8.8314,5.313,1492,2011-04-08,en,Released
87660,65034,0,0,97,5.8015,6.94,277,2011-11-25,en,Released
87785,22907,32000000,80205382,107,10.617,6.253,1418,2010-08-26,en,Released
87834,73884,0,0,75,0.9469,7.036,42,2001-12-15,zh,Released
87867,38317,80000000,169900000,102,7.5459,5.446,1823,2011-07-06,en,Released
87869,51540,35000000,209838559,98,17.5724,6.573,6974,2011-07-08,en,Released
87876,49013,200000000,559852396,106,41.048,6.191,8703,2011-06-11,en,Released
87960,24792,0,0,56,0.5618,7.7,22,2008-05-31,en,Released
88069,67109,4090000,18035000,102,2.0245,7.066,228,2011-07-01,hi,Released
88094,64780,0,0,101,1.2509,6.906,16,2010-10-19,en,Released
88108,59860,20000000,39800000,109,6.9461,6.8,2351,2011-07-01,en,Released
88125,12445,125000000,1341511219,130,45.2211,8.08,22463,2011-07-12,en,Released
88129,64690,15000000,79713640,100,19.2887,7.584,14015,2011-09-15,en,Released
88140,1771,140000000,370569774,124,22.7138,7.013,23266,2011-07-22,en,Released
88163,50646,50000000,145079584,118,19.8244,7.278,9522,2011-07-29,en,Released
88179,51828,15000000,59400000,107,10.3785,7.42,4620,2011-03-02,en,Released
88235,67913,6000000,19560274,96,6.5947,7.0,1458,2011-07-07,en,Released
88267,51162,30000000,49871429,63,10.9769,6.905,985,2011-04-06,en,Released
88272,65599,0,0,102,3.977,6.062,611,2011-10-14,en,Released
88327,28039,0,0,102,2.0951,6.9,83,1971-02-07,zh,Released
88345,13931,0,0,3,7.2313,6.908,781,2002-05-24,en,Released
88356,41513,110000000,563749323,103,19.0238,5.754,4087,2011-07-29,en,Released
88405,50544,35000000,149500000,109,14.063,6.6,8521,2011-07-21,en,Released
88448,50004,0,0,118,2.0823,6.671,38,2010-03-12,es,Released
88515,55846,15774948,15800000,97,8.3087,6.2,1877,2011-05-20,en,Released
88593,57361,8170000,15789762,156,4.5181,7.353,613,2010-12-22,ko,Released
88672,59968,5000000,24816118,90,5.0507,6.126,1067,2011-08-26,en,Released
88697,209802,0,0,81,2.3713,5.647,17,1997-07-24,en,Released
88699,51620,7000000,0,100,9.8606,5.861,1237,2010-11-12,en,Released
88744,61791,93000000,481800873,105,27.7626,7.354,13084,2011-08-03,en,Released
88746,51993,0,655802,105,2.8465,6.34,162,2011-07-01,en,Released
88785,49520,52000000,75500000,112,16.0,6.16,3055,2011-08-05,en,Released
88810,50014,25000000,216600000,146,20.1516,8.206,9281,2011-08-09,en,Released
88812,62206,28000000,40500000,83,6.153,5.777,1879,2011-08-11,en,Released
88911,39413,0,0,82,3.5454,6.961,256,2010-06-02,fr,Released
88932,55779,40000000,157887643,91,15.4529,6.158,4233,2011-08-12,en,Released
88954,55465,19000000,36192775,90,6.6477,6.0,1094,2011-11-04,en,Released
89028,46261,25000000,36993168,99,6.2546,5.843,1171,2010-11-06,en,Released
89030,58151,30000000,41002607,106,9.3806,6.25,2184,2011-07-26,en,Released
89039,55420,100000,1938783,92,7.8764,6.709,1868,2011-07-22,en,Released
89047,44835,7000000,449702,106,5.3986,6.798,770,2010-01-22,en,Released
89072,52015,650000,33245,98,3.8966,6.2,903,2010-09-30,en,Released
89085,48289,20000000,45636368,113,8.0199,6.548,987,2010-09-30,en,Released
89087,62835,40000000,71508440,108,10.903,6.648,2954,2011-07-27,en,Released
89090,55244,0,1339650,85,1.9242,7.561,99,2011-03-16,en,Released
89118,63311,13000000,33750478,120,14.7069,7.479,4745,2011-08-17,es,Released
89190,37430,90000000,63523283,113,12.2214,5.315,2076,2011-08-17,en,Released
89208,16335,10000000,0,92,3.9132,4.9,197,2009-02-20,en,Released
89281,40016,10000,0,93,1.8112,2.2,379,2010-02-27,en,Released
89305,69798,4500000,88823111,97,6.1541,6.193,1019,2011-08-19,en,Released
89343,48572,4000000,1104682,88,5.0004,6.043,1072,2011-08-19,en,Released
89386,72744,0,471334,119,1.5163,7.75,118,2011-09-20,en,Released
89388,70868,24000000,31410151,89,6.6121,5.2,418,2011-09-16,en,Released
89427,65055,25000000,41363927,91,8.6194,5.1,621,2011-09-02,en,Released
89470,39538,60000000,137551594,106,14.1899,6.655,6721,2011-09-08,en,Released
89492,60308,50000000,110206216,134,13.87,7.299,5995,2011-09-23,en,Released
89580,55785,0,0,124,2.5052,6.682,164,2010-10-08,en,Released
89582,68341,0,0,146,3.75,6.927,419,2011-01-29,ja,Released
89586,71689,0,0,78,11.0134,7.115,622,2011-08-05,en,Released
89678,18093,0,0,93,3.6297,6.8,319,2007-10-24,en,Released
89745,24428,220000000,1518815515,143,68.3311,8.1,39792,2012-04-25,en,Released
89753,49517,30000000,81515369,127,11.7259,6.6,3006,2011-09-16,en,Released
89759,60243,5000000,24426169,123,5.4595,7.905,2022,2011-02-15,fa,Released
89761,48231,15000000,27462041,99,6.8397,6.347,2271,2011-09-30,en,Released
89774,59440,25000000,23300000,140,12.1206,7.84,5145,2011-09-09,en,Released
89804,10316,12500000,76338111,101,9.3524,6.675,2801,2011-10-07,en,Released
89837,74725,500000,450275,95,4.0855,6.186,915,2011-09-02,en,Released
89840,49021,66000000,57777106,116,11.8843,6.266,2400,2011-09-22,en,Released
89862,58699,17000,101236,106,1.2447,5.879,170,2011-04-16,en,Released
89864,40807,8000000,39187783,100,8.4354,7.201,4266,2011-09-30,en,Released
89898,63375,7000000,0,112,1.9863,6.431,130,2011-04-14,ru,Released
89904,74643,15000000,133432856,100,10.9849,7.431,3615,2011-10-12,fr,Released
89939,123723,0,0,82,1.7635,6.1,15,1949-10-05,fr,Released
89945,59852,61733,0,13,1.1165,6.804,97,2011-03-21,en,Released
90057,64720,5000000,3741098,120,9.5354,7.055,2080,2011-09-30,en,Released
90243,58878,0,0,93,1.8701,7.462,117,1964-05-13,ja,Released
90245,37239,0,0,72,0.9636,7.114,35,1984-05-25,ja,Released
90249,39254,110000000,299300000,127,33.2208,7.147,9561,2011-09-28,en,Released
90343,68817,24000000,63543328,113,7.5801,6.575,1760,2011-10-06,en,Released
90345,60935,35000000,31505287,103,10.0255,6.3,3332,2011-10-12,en,Released
90353,59437,0,63931,101,3.9161,6.005,110,2011-06-03,en,Released
90357,76543,0,676111,87,3.9881,7.234,523,2011-10-07,en,Released
90374,50837,1000000,3500000,101,5.9912,6.578,848,2011-10-21,en,Released
90376,71859,7000000,10800000,113,9.7715,7.533,3201,2011-09-28,en,Released
90384,10005,0,0,96,4.8525,4.902,132,2006-10-17,en,Released
90403,52451,75000000,132274484,110,10.1782,5.794,2857,2011-08-31,en,Released
90405,49530,40000000,173900000,109,20.8536,6.97,12431,2011-10-27,en,Released
90428,44754,14000000,46495,150,3.5568,6.38,350,2011-09-30,en,Released
90430,72113,25000000,30722632,80,7.6498,7.164,3223,2011-09-16,en,Released
90439,50839,3500000,19504039,107,11.7114,6.856,2184,2011-09-28,en,Released
90469,72571,5000000,207039844,83,7.6281,5.925,2435,2011-10-19,en,Released
90471,72432,0,68945,100,4.9135,6.661,445,2011-09-23,en,Released
90522,58233,45000000,160078586,101,11.5288,6.251,3676,2011-09-15,en,Released
90524,59965,35000000,82087155,106,10.5755,5.838,3077,2011-09-22,en,Released
90528,53487,25000000,11790979,118,3.9402,6.968,1325,2011-08-24,en,Released
90531,76025,6500000,3909002,102,12.941,6.928,3521,2011-10-02,en,Released
90576,63492,20000000,30426096,106,9.9667,6.464,2468,2011-09-30,en,Released
90600,70670,0,18962444,100,7.1983,7.231,1421,2011-08-26,no,Released
90603,69735,3500000,0,64,7.3384,7.259,1081,2011-09-27,en,Released
90630,77801,750000,0,85,1.8828,6.9,88,2011-01-20,en,Released
90647,58423,,,,,,,,,
90717,59108,75000000,152930623,104,11.0826,6.118,3269,2011-11-02,en,Released
90719,88794,35000000,84606030,137,7.6055,6.23,2640,2011-11-09,en,Released
90738,73499,17000000,4729855,98,5.3734,5.8,735,2011-10-27,en,Released
90746,17578,130000000,373993951,107,16.6759,6.9,5971,2011-10-24,en,Released
90769,40658,0,0,103,1.4346,6.667,12,2009-09-30,en,Released
90809,65229,1000000,1424716,82,3.8108,7.298,769,2011-04-20,fr,Released
90863,75964,,,,,,,,,
90866,44826,170000000,185770160,126,12.8534,7.172,7824,2011-11-22,en,Released
90888,37958,75000000,226904017,110,15.1943,6.054,2900,2011-11-10,en,Released
90890,71880,79000000,149700000,91,10.6919,4.39,2264,2011-11-11,en,Released
90943,77365,0,393714,107,2.6417,6.91,289,2011-11-11,en,Released
90945,94174,,,,,,,,,
91077,65057,20000000,177200000,115,10.7907,6.83,3156,2011-09-09,en,Released
91079,60420,250000,3542353,90,5.5154,6.355,1099,2011-10-28,en,Released
91094,64328,45000000,165184237,103,12.434,6.667,1741,2011-11-23,en,Released
91104,50619,110000000,712171856,117,20.8927,6.186,9415,2011-11-16,en,Released
91126,57212,66000000,177584879,146,11.6346,7.3,3771,2011-12-25,en,Released
91128,23514,45000000,24000000,120,8.3464,5.89,1365,2011-10-13,en,Released
91233,13060,0,0,5,4.146,7.46,848,2006-12-28,en,Released
91261,38336,15000000,17101695,130,1.9267,6.521,117,2008-12-25,ru,Released
91266,15157,5000000,0,92,6.7804,7.3,2146,2008-09-16,en,Released
91273,30618,25000000,129706,125,4.6249,5.8,366,2010-09-01,en,Released
91323,57431,25000000,34942188,81,7.3231,5.569,1045,2011-12-09,en,Released
91325,64685,40000000,55200000,129,10.0062,6.997,2181,2011-12-25,en,Released
91337,45708,1100000,659483,105,2.6274,5.797,37,2009-02-27,en,Released
91353,9369,0,768488,85,5.0005,6.208,660,1994-09-29,de,Released
91355,9642,0,22501596,78,7.4619,6.099,774,2006-04-12,fr,Released
91386,65759,130000000,150406466,99,14.6608,6.208,1771,2011-11-17,en,Released
91414,51052,10000000,151300000,97,13.0238,6.776,1678,2011-11-10,en,Released
91470,91550,8000000,108139,88,2.938,6.062,290,2013-06-06,en,Released
91483,70074,55000000,9489829,92,9.2179,5.607,1420,2012-11-14,en,Released
91485,76163,100000000,314975955,103,16.0316,6.355,7323,2012-08-15,en,Released
91488,13396,0,0,25,4.2145,7.565,370,1982-12-26,en,Released
91500,70160,75000000,694000000,142,20.0696,7.2,23730,2012-03-12,en,Released
91529,49026,250000000,1081041287,165,51.4091,7.797,24980,2012-07-17,en,Released
91535,49040,130000000,276600000,135,18.027,6.252,6284,2012-08-08,en,Released
91542,58574,125000000,334615000,129,18.7493,7.146,11156,2011-11-22,en,Released
91571,101173,7700000,1072602,123,5.017,5.838,515,2011-02-14,en,Released
91622,57157,12000000,22939027,94,8.4938,5.805,1390,2011-11-11,en,Released
91628,62838,56000000,142044638,118,8.4044,5.9,2245,2011-12-08,en,Released
91630,56292,145000000,694713380,133,24.228,7.117,11015,2011-12-07,en,Released
91653,74465,50000000,120081841,124,13.8725,6.837,3021,2011-11-26,en,Released
91658,65754,90000000,232617430,158,18.6369,7.387,7807,2011-12-14,en,Released
91660,71469,30000000,64626786,89,8.8722,5.301,1629,2011-12-22,en,Released
91666,16939,0,0,88,2.0336,7.1,57,1950-05-15,en,Released
91671,55301,75000000,342695435,87,15.5903,5.704,2397,2011-12-14,en,Released
91688,51995,5500000,89182,96,2.3984,5.308,86,2011-07-15,en,Released
91690,80038,0,12186625,100,6.3343,5.934,499,2012-03-09,en,Released
91784,59006,1000000,0,80,2.9215,5.131,88,2011-03-07,en,Released
91842,77866,25000000,96262212,109,9.1063,6.344,2281,2012-01-12,en,Released
91860,269963,0,0,143,0.6999,5.857,7,1981-01-01,nl,Released
91869,75301,0,286201,80,3.1607,7.225,158,2011-10-21,en,Released
91873,63574,25000000,31158113,117,4.9168,6.4,170,2012-01-13,en,Released
91890,71688,13000000,115890792,105,9.4651,6.349,1928,2011-12-26,en,Released
91935,72842,0,0,90,1.4982,6.029,121,2011-10-14,en,Released
91947,79896,0,0,117,3.1117,6.174,285,2009-08-16,en,Released
91974,52520,70000000,160112671,88,12.0507,6.333,4468,2012-01-19,en,Released
91976,75174,25000000,79781695,117,12.735,6.578,4250,2011-12-11,en,Released
91978,49527,42000000,46221189,102,12.0936,6.439,2884,2012-01-13,en,Released
91981,55741,10000000,0,128,2.1031,5.946,56,2010-12-17,zh,Released
92008,70435,23000000,33372606,93,9.8562,5.706,1524,2011-11-01,en,Released
92046,31337,0,0,98,1.7944,6.643,35,2009-03-19,de,Released
92048,65760,0,1870392,112,4.1867,6.7,632,2010-09-13,en,Released
92094,15044,0,0,93,3.3257,6.8,163,2008-11-29,en,Released
92192,50357,5000000,25562924,86,5.2928,5.311,1135,2011-07-20,en,Released
92198,74998,17000000,14089528,105,7.5012,5.937,1129,2011-09-02,en,Released
92234,72431,58000000,50365377,125,5.3331,6.687,743,2012-01-19,en,Released
92243,76758,94000000,95311434,146,5.0137,7.423,933,2011-12-15,zh,Released
92259,77338,13000000,426590315,113,29.3671,8.272,18835,2011-11-02,fr,Released
92264,54054,40000000,36893721,91,8.5606,5.6,1017,2012-01-26,en,Released
92309,58428,750000,1200000,101,2.9434,5.374,721,2012-02-03,en,Released
92348,58704,0,0,80,2.5204,7.0,36,1969-03-18,ja,Released
92391,50698,1000000,0,93,5.2537,6.333,1723,2011-09-09,en,Released
92420,76726,15000000,145000000,84,13.0788,6.869,5940,2012-02-01,en,Released
92422,65086,32000000,129000000,95,9.0873,6.145,3765,2012-02-03,en,Released
92427,80125,0,0,108,1.4544,5.911,112,2011-12-15,de,Released
92439,64678,0,1406224,83,6.5104,6.6,1380,2011-06-17,en,Released
92475,192695,,,,,,,,,
92494,13976,0,0,85,1.0459,7.776,57,2004-11-15,en,Released
92507,59961,85000000,208076205,115,16.378,6.492,4022,2012-02-08,en,Released
92509,72570,30000000,196114570,104,10.9617,7.227,4334,2012-02-05,en,Released
92535,80379,250000,1000000,62,2.0023,7.83,261,2011-12-10,en,Released
92637,54146,0,0,97,1.3792,7.333,114,1962-07-01,ja,Released
92643,78480,0,6581915,94,2.659,7.178,371,2011-09-10,fr,Released
92665,84200,850000,1243961,87,4.665,5.847,324,2012-08-31,en,Released
92674,73700,0,0,114,2.1523,6.3,40,2010-09-17,en,Released
92681,72545,79000000,355692760,94,15.9482,6.155,4624,2012-01-19,en,Released
92694,51999,0,138868,93,7.1995,6.87,1283,2011-09-29,en,Released
92730,64029,2200000,0,92,1.1679,6.9,17,2001-12-21,fi,Released
92760,37464,0,0,65,1.0519,3.5,51,1963-09-01,en,Released
92938,71676,57000000,132563930,96,15.1455,5.02,4194,2011-12-10,en,Released
92954,21634,0,0,89,4.9742,8.059,653,2009-01-24,en,Released
93006,54507,,,,,,,,,
93008,59017,,,,,,,,,
93022,51875,0,90647,86,2.4533,5.23,61,2010-06-10,en,Released
93040,26397,,,,,,,,,
93114,59045,0,0,122,2.126,7.2,133,1963-02-19,it,Released
93134,57243,0,0,106,2.9694,6.757,421,2011-02-16,fr,Released
93139,52454,100000,0,90,3.1712,3.883,180,2010-12-21,en,Released
93193,45569,0,324424,97,1.9283,6.078,180,2010-11-05,en,Released
93208,25831,0,0,27,4.5597,6.779,247,1990-11-16,en,Released
93242,79548,0,18100189,94,6.3248,6.237,1274,2012-02-23,en,Released
93270,57214,12000000,102731865,88,12.812,6.927,7046,2012-03-01,en,Released
93272,73723,70000000,349305397,86,39.4145,6.537,3985,2012-03-01,en,Released
93287,73937,41000000,8200000,102,7.5323,6.006,913,2011-10-13,en,Released
93297,75674,12000000,82499399,110,9.3647,6.56,1298,2012-02-24,en,Released
93320,38674,0,0,67,1.7285,7.125,64,1999-07-15,en,Released
93326,59962,65000000,156974557,98,11.7056,6.2,3676,2012-02-14,en,Released
93363,49529,263700000,284100000,132,19.0953,6.387,6293,2012-03-07,en,Released
93443,74387,12000000,6985158,92,5.4471,6.431,1064,2012-01-06,en,Released
93502,63493,10000000,610986,101,6.2194,6.204,402,2011-05-06,en,Released
93510,64688,42000000,201585328,109,17.169,6.9,11277,2012-03-14,en,Released
93512,82532,10000000,4400000,83,4.7319,6.233,703,2012-03-16,en,Released
93563,81796,20000000,32948113,95,9.1575,5.933,2053,2012-04-12,en,Released
93598,67748,2000000,1349387,120,4.0931,6.296,370,2011-05-19,en,Released
93610,61984,12000000,49827298,131,4.9843,6.428,276,2010-12-01,ja,Released
93721,80767,0,2550508,82,2.9135,7.719,797,2011-06-11,en,Released
93723,82533,0,1314358,99,2.36,5.51,209,2012-04-06,en,Released
93740,81025,14400000,34564651,107,4.5351,6.411,973,2012-03-09,en,Released
93766,57165,150000000,301970083,99,17.0977,5.772,4608,2012-03-28,en,Released
93790,74308,3000000,3742697,98,9.6909,7.6,2090,2011-04-24,en,Released
93805,10679,7500000,10109659,93,6.3348,5.747,1849,2012-04-04,en,Released
93819,74777,70000,8555,91,2.8738,5.832,402,2011-03-03,en,Released
93831,71552,50000000,234989584,113,13.692,6.323,4814,2012-04-04,en,Released
93838,94329,1100000,9148519,101,11.2281,7.411,4038,2012-03-22,id,Released
93840,22970,30000000,71038838,95,14.9632,6.656,8811,2012-04-12,en,Released
93855,74306,0,0,104,4.7434,6.965,1095,2012-05-11,en,Released
93980,76489,30000000,54819301,92,6.6421,5.833,672,2012-04-13,en,Released
93982,70436,26000000,29657751,111,7.5344,6.305,1479,2012-03-09,en,Released
93988,147269,,,,,,,,,
94011,54271,17000000,0,101,3.363,5.354,151,2011-02-03,en,Released
94015,62764,85000000,183018522,106,8.934,5.922,3326,2012-03-15,en,Released
94018,44833,209000000,303025485,131,20.1099,5.9,6180,2012-04-11,en,Released
94070,74534,10000000,150501815,124,5.751,6.953,1493,2012-02-23,en,Released
94122,91356,0,34665,88,2.9557,6.864,66,2011-09-10,en,Released
94130,84404,1100000,3483795,92,1.5631,7.166,166,2011-04-23,en,Released
94150,75802,0,9504139,100,3.7498,6.707,887,2011-06-06,en,Released
94160,31967,0,0,88,4.1893,6.991,585,2010-02-09,en,Released
94262,37467,0,0,72,1.7464,5.3,49,1959-11-29,en,Released
94266,72207,30000000,54169363,124,8.7891,5.849,1439,2012-04-27,en,Released
94323,67660,12000000,96070507,122,7.1474,6.808,918,2012-04-20,en,Released
94325,77877,25000000,99400000,101,12.808,7.181,3880,2012-04-19,en,Released
94405,72387,30000000,40300000,94,11.9143,6.5,2765,2012-04-16,en,Released
94478,62213,150000000,245527149,113,14.9507,6.106,7738,2012-05-09,en,Released
94494,89326,0,0,93,2.2122,5.7,90,2011-10-14,en,Released
94503,40161,0,0,89,3.5963,5.976,253,2011-06-06,en,Released
94661,26815,1250000,0,156,1.4026,6.895,133,2009-12-10,hi,Released
94677,76493,65000000,179379533,83,17.8598,6.246,6624,2012-05-15,en,Released
94735,28500,0,0,87,1.5258,7.329,35,2005-11-05,en,Released
94777,41154,225000000,654213485,106,18.9384,6.548,11207,2012-05-23,en,Released
94780,58595,170000000,396600000,127,14.1576,5.982,8368,2012-05-30,en,Released
94799,86812,0,405614,85,3.0846,6.322,444,2011-01-22,en,Released
94810,77561,7971518,0,94,4.0586,6.4,422,2011-10-06,es,Released
94833,72197,60000000,123054041,88,13.5099,6.539,1257,2012-03-12,en,Released
94864,70981,130000000,403354469,124,22.9745,6.61,13645,2012-05-30,en,Released
94867,111440,0,0,89,3.5624,5.667,543,2012-05-25,en,Released
94896,92591,5000000,9206470,99,3.0473,6.585,1069,2012-04-27,en,Released
94919,12645,10000000,55089,100,2.1757,6.041,133,2010-08-27,en,Released
94931,86555,0,4965950,116,4.2379,6.397,409,2011-11-25,en,Released
94953,50647,35000000,24200000,98,6.4438,5.486,1355,2012-02-23,en,Released
94959,83666,16000000,68263166,94,12.6315,7.676,6484,2012-05-16,en,Released
94985,80389,35000000,8826837,96,8.9913,6.607,1855,2012-03-15,en,Released
95004,13640,3500000,0,75,5.0937,6.729,723,2007-09-18,en,Released
95067,72358,40000000,22044277,91,9.9438,6.134,1448,2012-03-07,en,Released
95088,84332,750000,4424699,86,6.6783,6.782,1685,2012-06-08,en,Released
95105,80321,145000000,746921274,93,26.5707,6.649,6730,2012-06-06,en,Released
95135,84355,125000,3242802,90,3.8429,6.473,375,2011-09-11,en,Released
95145,39144,0,7417517,50,6.9277,6.871,385,1986-12-20,ja,Released
95147,39145,0,0,45,4.9214,6.684,335,1987-07-18,ja,Released
95149,22855,0,0,67,5.6176,7.089,742,2009-09-29,en,Released
95163,116776,0,9714846,48,4.3511,6.676,315,1988-07-09,ja,Released
95165,39100,0,1009767,60,7.9565,6.6,567,1990-03-10,ja,Released
95167,62177,185000000,538983207,93,34.7518,7.036,14451,2012-06-21,en,Released
95170,13313,0,0,72,10.9201,6.2,1114,1997-11-11,en,Released
95175,63193,0,0,95,5.5805,8.042,335,2008-12-07,en,Released
95182,39101,0,8633074,61,8.1404,6.548,641,1990-06-07,ja,Released
95193,13761,0,0,72,8.1846,5.557,1468,1998-08-04,en,Released
95199,76494,40000000,79700000,110,9.5496,6.011,1882,2012-05-17,en,Released
95201,81836,17000000,73258078,111,6.3929,5.794,2119,2012-04-20,en,Released
95207,72331,69000000,116500000,105,12.4265,5.773,3643,2012-06-20,en,Released
95218,89874,0,894471,90,1.5789,7.234,47,2011-09-11,en,Released
95307,80585,75000000,59400000,123,8.5823,6.197,1387,2012-06-13,en,Released
95309,88005,10000000,9636289,101,8.2338,6.567,2310,2012-06-22,en,Released
95311,13042,0,0,5,3.3549,7.799,1106,2008-06-27,en,Released
95313,13932,0,0,5,7.6225,7.3,1020,2005-03-15,en,Released
95377,13933,0,0,5,4.9849,7.3,624,2005-06-21,en,Released
95441,72105,50000000,549368315,107,24.6518,6.455,13474,2012-06-29,en,Released
95449,77930,7000000,167200000,110,9.2515,6.16,3139,2012-06-28,en,Released
95473,39103,0,19581369,46,9.2171,6.461,1124,1992-03-07,ja,Released
95475,24752,0,16331742,48,8.6419,7.0,764,1991-07-20,ja,Released
95497,39104,0,18554927,46,4.6949,6.953,632,1992-07-11,ja,Released
95499,34433,0,21658982,70,7.3184,7.262,1033,1993-03-06,ja,Released
95508,95516,0,0,108,4.5483,5.657,369,2012-03-08,en,Released
95510,1930,215000000,758725893,136,39.4527,6.762,19125,2012-06-23,en,Released
95519,39105,0,18435583,51,8.6134,7.2,649,1993-07-10,ja,Released
95543,57800,95000000,877244782,88,28.631,6.394,8277,2012-06-27,en,Released
95558,84175,1800000,21107746,93,4.4243,6.839,1178,2012-06-29,en,Released
95583,82525,45000000,82966152,131,8.3507,6.355,2341,2012-07-06,en,Released
95624,31218,0,0,90,2.1296,5.699,88,2009-09-18,en,Released
95633,40770,0,0,96,1.2124,4.4,19,2009-09-25,en,Released
95654,13929,0,0,4,4.7515,7.623,1258,1997-11-24,en,Released
95690,80468,300000,0,97,2.5261,6.072,118,2011-04-14,en,Released
95717,83191,,,,,,,,,
95720,80035,68000000,68267862,102,9.8273,5.6,2540,2012-07-26,en,Released
95738,193976,,,,,,,,,
95744,84165,8000000,1653792,91,4.3086,5.612,316,2012-03-28,en,Released
95761,73567,10000000,4633668,102,5.9178,6.531,1628,2012-06-07,en,Released
95771,44251,0,21916093,48,5.8317,6.8,741,1994-03-12,ja,Released
95780,39106,0,17121947,50,5.1369,5.8,579,1994-07-09,ja,Released
95796,14863,0,0,91,7.5983,4.608,389,2008-10-23,en,Released
95839,16716,0,0,97,3.0692,7.0,238,1999-12-05,en,Released
95843,52906,0,0,116,2.7023,5.85,30,1964-11-18,en,Released
95858,13930,0,0,4,5.0903,7.491,1346,2000-11-02,en,Released
95873,103332,8000000,9368803,104,7.8011,7.109,1837,2012-07-25,en,Released
95875,64635,125000000,198800000,118,17.7695,6.035,6014,2012-08-02,en,Released
95939,103747,0,13090471,101,3.4229,6.924,637,2012-06-01,en,Released
95949,56909,0,22043584,108,1.9598,6.202,815,2011-01-21,it,Released
95965,39323,0,0,48,8.0388,7.6,792,1990-10-17,ja,Released
96004,39324,0,0,48,7.6411,7.6,627,1993-02-24,ja,Released
96007,18095,0,0,45,4.9568,6.8,379,1997-03-26,ja,Released
96020,76696,11000000,2140,94,3.2902,7.483,321,2011-06-01,es,Released
96079,37724,200000000,1108594176,143,21.322,7.266,16418,2012-10-24,en,Released
96084,58383,0,0,101,2.4773,7.383,163,1963-10-11,it,Released
96110,77953,95000000,104907746,85,8.113,5.841,1933,2012-08-09,en,Released
96114,85414,0,4876,92,2.9699,5.793,230,2012-03-22,en,Released
96121,82696,30000000,114281051,100,6.9632,6.269,847,2012-08-07,en,Released
96150,84327,0,714544,100,2.262,6.904,219,2012-07-06,en,Released
96281,77174,60000000,107307220,93,11.4872,7.051,2865,2012-08-03,en,Released
96283,82650,22000000,77100000,94,9.2633,6.4,1095,2012-08-02,en,Released
96373,109584,0,0,91,3.1303,6.872,300,2012-08-22,en,Released
96411,76360,0,0,42,2.1826,7.571,147,2011-10-09,en,Released
96417,49526,35000000,31100000,91,9.2733,6.368,2383,2012-08-24,en,Released
96430,71864,25000000,56012642,105,8.5393,7.005,1275,2012-08-15,en,Released
96432,82633,26000000,55404207,115,10.7818,7.071,3418,2012-08-29,en,Released
96448,71668,5000000,8493728,83,10.6315,4.3,1185,2012-05-11,en,Released
96471,202043,,,,,,,,,
96488,84334,1000000,3696196,85,2.9645,7.871,1068,2012-06-30,en,Released
96518,263947,,,,,,,,,
96520,215999,,,,,,,,,
96530,83403,0,0,77,2.0565,4.552,29,2011-04-28,en,Released
96563,83660,0,0,121,1.9566,7.396,154,2012-10-13,en,Released
96567,83686,6000000,13231461,102,6.1468,6.702,1331,2012-09-07,en,Released
96588,114150,17000000,115647737,112,16.0668,7.265,6995,2012-09-28,en,Released
96606,89708,4000000,2639616,102,4.4588,8.06,709,2011-09-16,en,Released
96608,67166,0,0,8,2.8085,6.753,91,1995-08-11,en,Released
96610,59967,30000000,47042000,118,19.0946,6.917,11208,2012-09-26,en,Released
96616,87428,70000000,57719093,116,14.3154,5.82,2205,2012-06-14,en,Released
96655,84329,2500000,3325038,89,5.5598,6.9,1199,2012-08-24,en,Released
96691,71679,65000000,240159255,95,3.1164,5.828,4447,2012-09-12,en,Released
96726,100529,0,252603,87,3.8757,5.027,149,2012-04-24,en,Released
96728,68722,32000000,28258060,137,9.1016,7.095,3419,2012-09-14,en,Released
96737,49049,50000000,41037742,96,13.7051,6.862,5723,2012-09-07,en,Released
96811,77016,7000000,55078146,109,12.8018,7.361,3779,2012-09-20,en,Released
96815,84348,242000,100345,116,7.3651,6.107,1774,2012-07-28,en,Released
96821,84892,13000000,33384127,103,19.593,7.805,11457,2012-09-20,en,Released
96829,103663,3800000,18300000,116,15.1019,8.097,4989,2012-10-25,da,Released
96832,103328,4000000,641100,116,5.6119,6.983,1302,2012-07-02,fr,Released
96861,82675,45000000,376100000,91,17.3266,6.371,7270,2012-09-27,en,Released
96917,82505,6900000,44287131,101,8.5785,5.8,1943,2012-09-21,en,Released
96935,45397,0,0,97,1.906,6.3,45,2002-07-13,cn,Released
96945,85735,0,0,98,2.7939,5.726,436,2011-12-10,fr,Released
96964,86597,18200000,7462847,106,6.1475,6.051,1269,2012-03-19,en,Released
96975,80271,11000000,10500000,97,5.4321,6.093,2757,2012-02-10,en,Released
97024,97365,15400000,25762027,123,6.2525,7.158,1494,2012-05-17,fr,Released
97168,90125,0,3512106,144,2.39,7.531,287,2012-04-20,en,Released
97172,62214,39000000,81493846,87,10.0909,7.01,3705,2012-10-04,en,Released
97188,82507,3000000,82515113,110,15.357,6.873,6227,2012-10-04,en,Released
97194,92171,0,0,83,1.6906,7.448,29,1998-09-08,en,Released
97225,76492,85000000,358375603,91,25.7597,6.97,9368,2012-09-20,en,Released
97230,110354,0,0,99,2.7486,7.25,318,2012-08-19,en,Released
97285,71723,0,0,79,1.2287,6.15,30,1960-01-27,ja,Released
97304,68734,44500000,232300000,120,15.6098,7.285,9196,2012-10-11,en,Released
97306,86838,15000000,33035736,110,11.3216,6.817,4415,2012-10-12,en,Released
97328,84306,0,327345,97,5.0962,6.468,591,2012-09-14,en,Released
97470,75736,7000000,0,93,4.4803,5.04,379,2011-12-08,en,Released
97643,80280,6400000,11019975,80,6.7741,5.3,1671,2012-03-30,es,Released
97665,99770,61000000,61319383,110,6.5256,5.1,1429,2012-10-17,fr,Released
97701,82990,5000000,142802657,87,7.7108,5.403,2078,2012-10-17,en,Released
97742,94348,45000000,30353232,101,6.1211,5.125,793,2012-10-18,en,Released
97752,83542,102000000,130482868,172,16.7185,6.899,7690,2012-10-26,en,Released
97757,72867,0,0,143,1.8859,6.909,11,2004-07-27,en,Released
97785,61012,20000000,55975672,94,11.6117,5.56,1937,2012-10-10,en,Released
97836,87826,42000000,73100000,105,8.7605,6.227,1614,2012-10-10,en,Released
97858,126797,0,0,116,2.4139,5.6,86,2012-10-04,en,Released
97860,64689,15000000,37930465,97,9.2656,6.025,2486,2012-07-30,en,Released
97866,84287,0,898317,99,3.5894,7.297,819,2012-07-13,en,Released
97870,113947,1000000,9138338,95,6.0888,6.887,635,2012-05-02,en,Released
97904,84341,500000,377000,85,3.275,6.463,313,2012-01-22,en,Released
97913,82690,165000000,471222889,101,26.6203,7.362,13328,2012-11-01,en,Released
97921,82693,21000000,236412453,122,16.6648,7.154,12853,2012-11-16,en,Released
97923,87502,31000000,161772575,138,14.7594,6.864,6602,2012-02-22,en,Released
97936,96724,40600000,68929150,129,8.9335,6.691,2450,2012-09-06,en,Released
97938,87827,120000000,609016565,127,23.0744,7.414,14025,2012-11-20,en,Released
97950,97430,15000000,20546518,96,8.5053,5.518,1251,2012-11-02,en,Released
97988,123105,2000000,1581252,85,3.731,5.821,909,2012-09-13,en,Released
98061,98631,0,1234841,130,2.2988,7.036,182,2012-01-14,ja,Released
98083,65851,0,0,85,3.3048,6.377,718,2011-04-01,en,Released
98122,80215,0,0,103,1.4595,7.507,499,2012-05-18,en,Released
98124,123025,3500000,0,76,8.3166,7.74,1744,2012-09-25,en,Released
98154,72976,65000000,275300000,150,10.3838,6.839,4149,2012-11-09,en,Released
98160,135708,0,646,79,2.3657,4.094,53,2012-03-10,en,Released
98175,73935,16000000,92748,93,3.9594,5.305,308,2012-08-25,en,Released
98203,50620,120000000,829747654,115,20.5773,6.452,9503,2012-11-13,en,Released
98230,58547,0,203373,100,4.1578,5.833,587,2012-09-14,en,Released
98239,60747,65000000,44806783,93,11.3235,5.74,1784,2012-03-15,en,Released
98243,81188,145000000,306941670,97,21.6176,7.379,7290,2012-11-21,en,Released
98279,101519,1500000,96948,100,2.7945,5.648,324,2012-06-07,en,Released
98296,97614,12000000,1900000,95,5.8221,6.0,746,2012-11-08,en,Released
98361,102780,10000000,89237,118,4.7492,6.291,992,2013-04-11,en,Released
98491,140420,0,0,7,4.538,7.976,1838,2012-11-02,en,Released
98499,19274,0,0,97,3.1223,6.7,183,1979-02-17,cn,Released
98503,18867,0,0,97,2.7197,6.2,94,1978-06-30,zh,Released
98585,112336,15700000,27039669,98,5.1351,6.557,1669,2012-11-22,en,Released
98604,83389,22000000,61037844,91,8.5455,7.513,1998,2011-07-16,ja,Released
98607,71883,0,0,102,4.7647,7.5,599,2009-08-14,ja,Released
98623,25539,0,2804977,108,4.9566,7.0,229,1983-07-07,cn,Released
98633,10044,0,3925341,96,4.6468,6.6,258,1985-02-10,cn,Released
98697,34280,0,0,120,2.0792,6.657,194,1972-05-04,fr,Released
98799,110392,0,0,85,2.1853,5.915,53,2012-11-02,en,Released
98809,49051,250000000,1021103568,169,32.7631,7.382,20086,2012-12-12,en,Released
98836,87504,0,8887603,94,4.5966,5.3,218,2012-12-07,en,Released
98908,40722,0,0,91,3.1232,4.345,55,2010-07-13,en,Released
98961,97630,40000000,132800000,157,14.6146,6.991,5021,2012-12-19,en,Released
99005,139567,20000000,2500277,97,7.6789,5.668,749,2012-08-31,en,Released
99007,82654,35000000,117000000,98,8.8762,6.475,6488,2013-01-31,en,Released
99030,83186,0,0,93,2.3755,6.248,395,2012-09-05,en,Released
99087,77875,35000000,30962335,106,6.7109,5.6,737,2012-11-29,en,Released
99106,82687,40000000,41863726,95,7.2804,5.619,784,2012-12-19,en,Released
99112,75780,60000000,218300000,130,26.0284,6.677,7867,2012-12-20,en,Released
99114,68718,100000000,425368238,165,43.8707,8.192,28627,2012-12-25,en,Released
99117,89492,35000000,88200000,134,10.4545,5.905,2400,2012-12-20,en,Released
99122,41153,0,0,101,2.7269,5.3,60,1990-07-06,en,Released
99130,44470,2000000,0,87,4.8398,5.5,153,1995-05-09,en,Released
99145,80278,45000000,198100000,113,15.6785,7.378,6859,2012-09-09,en,Released
99149,82695,61000000,442636309,158,16.0192,7.293,5694,2012-12-18,en,Released
99191,16315,0,0,88,2.7162,5.894,121,1997-02-28,en,Released
99415,88042,25000000,119772232,104,5.0169,5.961,498,2012-12-25,en,Released
99437,75761,1000000,142000,99,3.813,6.267,747,2013-01-25,en,Released
99532,193380,,,,,,,,,
99574,133694,15000000,8100000,106,6.5982,6.296,764,2012-09-23,en,Released
99636,118628,2840000,11620000,134,2.1019,7.247,307,2012-09-21,hi,Released
99638,38010,0,0,112,1.5054,7.136,70,2009-03-20,ja,Released
99721,76617,20000000,47340586,92,9.9686,5.5,1863,2013-01-03,en,Released
99728,82682,60000000,105200000,113,10.4247,6.379,4331,2013-01-09,en,Released
99750,68812,20000000,1969193,105,5.3097,6.556,1185,2012-09-01,en,Released
99764,147538,,,,,,,,,
99813,142061,3500000,0,78,9.1398,7.922,1633,2013-01-03,en,Released
99846,135921,0,0,98,2.4522,7.263,80,2012-10-05,en,Released
99853,105538,0,0,76,1.0453,4.5,17,2012-01-06,en,Released
99910,76640,30000000,0,107,12.104,6.096,3069,2013-01-12,en,Released
99917,145197,100000,444098,96,3.2311,6.339,833,2013-04-05,en,Released
99992,84336,6300000,1777709,101,3.8843,5.946,289,2012-02-12,en,Released
100044,69372,,,,,,,,,
100068,85872,0,306724,84,5.3306,6.167,651,2012-03-07,fr,Released
100083,87818,6000000,32443111,98,10.2986,4.661,2575,2013-01-24,en,Released
100106,128190,0,0,131,1.8556,7.313,155,2012-11-15,en,Released
100159,117974,0,61782,88,4.2685,6.287,588,2012-11-30,en,Released
100163,60304,50000000,226349749,88,14.3826,6.109,7230,2013-01-17,en,Released
100194,146837,0,0,60,1.3038,7.718,78,2012-10-30,en,Released
100226,118677,0,2400,88,2.0365,5.387,111,2012-08-17,en,Released
100277,93858,0,0,120,3.4894,6.978,179,2012-04-05,pt,Released
100302,58244,60000000,22187813,104,8.9892,6.279,2667,2012-09-27,en,Released
100304,162145,0,0,86,3.3632,5.634,224,2012-11-24,en,Released
100306,18912,472000,0,75,5.2753,7.071,442,1983-01-01,de,Released
100326,121824,15000000,5100000,95,9.196,6.034,1036,2012-12-14,en,Released
100383,109421,30000000,63414135,106,9.1769,6.617,3393,2013-02-07,en,Released
100390,109431,35000000,173965010,111,12.6898,5.852,3573,2013-02-07,en,Released
100397,87436,0,23589,129,4.8088,4.944,642,2013-03-08,en,Released
100487,109491,60000000,60052138,124,9.488,6.052,2980,2013-02-13,en,Released
100498,47964,92000000,304654182,98,11.8497,5.326,6874,2013-02-06,en,Released
100507,107811,13000000,48065672,93,7.3281,5.82,1641,2013-03-01,en,Released
100527,112949,28000000,97600000,115,9.9417,7.234,2466,2013-02-07,en,Released
100553,134481,,,,,,,,,
100556,123678,1000000,722714,159,4.7076,7.668,787,2012-11-01,da,Released
100579,122857,11500000,113706000,114,8.1332,5.589,502,2012-10-04,en,Released
100611,68179,40000000,74597643,89,8.3335,5.794,844,2013-02-14,en,Released
100714,132344,3000000,11176469,109,10.1736,7.5,2793,2013-04-05,en,Released
100737,134411,35000000,42930462,112,9.794,6.133,2533,2013-02-21,en,Released
100810,145135,3500000,27858103,97,7.5554,6.376,2030,2013-02-21,en,Released
100843,130739,300000,2750275,88,2.3651,7.205,356,2012-11-01,de,Released
100882,170657,0,215637183,110,6.4093,6.958,465,2013-02-07,zh,Released
100906,28090,4000000,0,87,4.0071,5.935,271,1990-07-18,en,Released
101025,81005,195000000,197700000,114,16.6532,5.911,5357,2013-02-27,en,Released
101070,129112,0,6499169,98,5.5842,7.222,531,2012-12-06,ar,Released
101072,59255,0,0,113,1.149,6.804,28,2010-10-01,de,Released
101074,43650,0,0,37,2.1981,7.439,301,1949-10-08,en,Released
101076,72559,130000000,371900000,110,16.0752,5.663,5881,2013-03-27,en,Released
101088,86825,12000000,12077441,99,7.7126,6.639,2493,2013-02-28,en,Released
101112,68728,200000000,491868548,130,12.6195,5.9,6913,2013-03-07,en,Released
101142,49519,135000000,587204668,99,26.3894,6.947,7706,2013-03-15,en,Released
101283,124459,30000000,27437881,100,6.7098,5.757,1577,2013-03-14,en,Released
101360,158011,13000000,68572378,96,10.6207,6.787,3132,2013-03-14,en,Released
101362,117263,70000000,170270201,120,17.4231,6.417,7210,2013-03-20,en,Released
101415,84199,2000000,92654,95,5.0739,7.0,2179,2012-10-19,en,Released
101423,55892,0,0,55,3.0695,6.5,63,2000-05-25,ja,Released
101525,97367,15000000,47135966,140,11.2255,6.982,5328,2013-03-20,en,Released
101529,127867,0,0,100,3.7103,6.132,520,2012-09-08,en,Released
101531,173153,0,0,92,3.0575,5.7,146,2013-06-14,en,Released
101577,72710,44000000,63300000,126,11.6062,6.296,4132,2013-03-22,en,Released
101612,144340,13000000,18637201,107,4.6948,5.601,661,2013-03-21,en,Released
101739,109428,17000000,99010045,91,18.2203,6.665,5358,2013-04-05,en,Released
101741,68727,20000000,24300000,101,6.5933,6.613,2419,2013-03-27,en,Released
101765,133698,0,0,104,3.4157,5.9,667,2012-10-29,fr,Released
101864,75612,120000000,286168572,124,20.5984,6.692,11838,2013-04-10,en,Released
101884,59963,25000000,432274,113,3.27,4.732,244,2012-03-28,en,Released
101895,109410,40000000,95020213,128,8.3657,7.215,2011,2013-04-12,en,Released
101962,110420,0,55262158,117,9.4819,8.217,2541,2012-07-21,ja,Released
101973,127517,10000000,3428048,116,5.8755,7.076,1251,2013-04-12,en,Released
102007,13647,0,0,83,4.7371,6.135,274,2007-01-23,en,Released
102025,42699,0,0,79,1.4766,4.8,92,1967-08-13,ko,Released
102033,134374,25000000,87305549,130,13.488,6.295,4915,2013-04-18,en,Released
102058,15257,0,0,38,4.2877,7.119,302,2009-01-27,en,Released
102066,121606,0,0,93,2.992,6.339,483,2013-01-25,en,Released
102070,84204,0,427335,94,4.5016,6.1,530,2012-08-10,en,Released
102084,76589,0,0,77,5.7892,7.413,958,2012-02-28,en,Released
102088,44865,38600000,64076736,130,7.176,6.6,1012,2013-01-10,zh,Released
102123,109414,32000000,126041322,106,17.9075,6.232,7027,2013-06-12,en,Released
102125,68721,200000000,1215577205,130,33.3666,6.932,23895,2013-04-18,en,Released
102165,174321,0,104810,92,3.8279,5.561,379,2013-05-16,en,Released
102194,103731,10000000,32613173,130,7.1572,7.059,3151,2013-04-26,en,Released
102217,25117,0,0,74,1.2399,8.013,75,1993-05-27,en,Released
102278,165739,83000000,0,88,3.664,5.538,199,2013-04-23,en,Released
102338,45736,0,0,126,1.9935,6.176,37,1976-12-22,zh,Released
102378,72525,6000000,0,90,2.0197,5.517,207,2013-06-07,en,Released
102407,64682,105000000,351040419,143,20.9176,7.345,13176,2013-05-09,en,Released
102445,54138,190000000,467381584,132,19.9577,7.32,9877,2013-05-05,en,Released
102481,116741,58000000,93500000,119,0.5959,6.241,4576,2013-06-07,en,Released
102590,16150,0,0,93,1.9047,6.875,20,2006-09-12,en,Released
102602,27861,0,0,92,2.2139,7.574,128,1977-06-06,ru,Released
102666,20803,0,0,88,3.5975,7.89,422,1973-09-17,ru,Released
102684,77987,4800000,10300000,89,7.0401,5.814,2638,2013-05-30,en,Released
102686,109439,103000000,362000072,100,18.4797,6.211,9440,2013-05-23,en,Released
102716,82992,160000000,788700000,130,2.1387,6.815,11367,2013-05-21,en,Released
102720,116711,100000000,268426634,102,14.564,6.565,3011,2013-05-15,en,Released
102735,197467,0,0,97,3.353,3.951,91,1979-01-19,en,Released
102742,86282,0,0,551,1.4707,7.8,53,2004-06-09,zh,Released
102747,2077,0,0,30,1.8256,6.597,154,1916-12-04,en,Released
102749,197481,0,0,88,3.4804,3.8,67,1979-11-23,en,Released
102760,42151,31192,10000,93,1.5551,6.167,87,2010-07-30,en,Released
102800,121986,0,8986144,86,5.2772,7.332,1867,2013-05-17,en,Released
102802,104755,1500000,1165882,101,5.183,5.439,937,2013-04-18,en,Released
102819,119675,23000000,15600000,118,4.7971,6.592,849,2013-05-26,en,Released
102823,130824,0,0,288,2.3681,7.82,86,2000-11-05,en,Released
102852,86843,0,0,80,3.395,6.818,33,2010-07-24,en,Released
102880,82700,130000000,243843127,100,11.3112,5.178,6980,2013-05-30,en,Released
102903,75656,75000000,351723989,116,27.4737,7.324,17138,2013-05-29,en,Released
102984,133463,500000,1000000,93,1.5624,5.418,91,2012-11-03,en,Released
102993,147773,4600000,23198652,103,8.1331,7.13,2007,2013-06-06,en,Released
103027,91739,0,4327764,109,5.0358,6.764,294,2013-05-28,en,Released
103042,49521,225000000,668045518,143,29.8253,6.66,16615,2013-06-12,en,Released
103048,156700,1500000,1400000,95,4.7451,6.954,1270,2013-01-19,en,Released
103075,158015,3000000,91266581,85,16.798,6.245,9013,2013-05-31,en,Released
103085,174188,0,0,85,3.6267,5.2,280,2013-06-07,en,Released
103107,159014,1000000,5892466,89,2.9107,7.182,267,2013-06-14,en,Released
103137,96936,15000000,19145732,90,7.3966,5.433,3192,2013-06-12,en,Released
103141,62211,200000000,743559465,104,20.9551,7.058,11547,2013-06-19,en,Released
103171,160085,0,0,110,1.4336,5.886,154,2013-01-10,de,Released
103210,80518,0,7621364,110,5.2905,6.832,298,2011-07-02,ja,Released
103219,103620,6000000,2631275,89,4.7403,6.0,1055,2012-12-26,en,Released
103221,120292,0,0,97,2.1376,5.288,111,2012-07-12,en,Released
103228,68726,180000000,411000000,131,27.6444,6.949,13824,2013-07-11,en,Released
103233,177271,0,0,71,1.3256,6.5,308,2013-05-21,en,Released
103235,152742,13500000,19255873,131,6.5862,7.806,3147,2013-01-01,it,Released
103245,53928,0,0,93,2.4766,3.978,45,2005-11-04,en,Released
103249,72190,200000000,531865000,116,32.5965,6.851,17063,2013-06-19,en,Released
103253,68724,115000000,286140700,109,16.9646,6.5,9824,2013-08-07,en,Released
103335,93456,76000000,970766005,98,30.092,6.949,12239,2013-06-26,en,Released
103339,117251,150000000,205366737,131,16.0858,6.468,5226,2013-06-27,en,Released
103341,107985,20000000,46100000,109,14.1857,6.811,6075,2013-07-18,en,Released
103366,136418,20000000,8352885,100,12.3671,6.178,1928,2013-05-07,en,Released
103372,136795,43000000,229930771,117,11.2617,6.6,4273,2013-06-27,en,Released
103384,57201,215000000,260502115,149,12.4717,6.133,6277,2013-07-03,en,Released
103449,109099,20000000,713616,101,6.032,5.216,464,2013-02-13,en,Released
103483,159117,0,21833,96,5.6435,6.212,1233,2013-06-06,en,Released
103502,136386,0,0,92,1.7493,4.3,30,2012-10-05,en,Released
103539,157386,2500000,6854611,95,7.0115,6.687,3079,2013-08-02,en,Released
103543,157375,0,0,98,2.5488,5.453,306,2013-08-30,en,Released
103596,205321,1000000,0,87,5.3294,3.924,1740,2013-07-11,en,Released
103602,178946,0,0,81,0.9892,6.1,30,2013-03-14,en,Released
103606,111969,0,977671,97,6.1378,7.378,2046,2013-06-14,en,Released
103609,30963,0,0,98,3.0906,6.262,128,1992-06-05,en,Released
103624,157354,900000,17600000,85,7.7117,7.372,1484,2013-07-26,en,Released
103655,49524,130000000,61600000,96,15.1975,5.864,4397,2013-07-18,en,Released
103685,179111,300000,600000,90,2.4274,6.215,305,2013-07-05,en,Released
103688,138843,13000000,321293998,112,41.2421,7.541,13078,2013-07-18,en,Released
103755,77950,135000000,282570682,96,14.277,6.282,3790,2013-07-11,en,Released
103772,76170,120000000,415440673,126,5.1407,6.435,10572,2013-07-24,en,Released
103801,172533,0,343341,90,5.1151,6.0,893,2013-08-23,en,Released
103810,146216,84000000,148075565,116,13.3633,6.53,4424,2013-07-18,en,Released
103819,198062,2000000,0,87,1.8658,6.4,109,2013-07-09,en,Released
103865,192126,10000000,0,85,2.3847,4.577,52,2012-07-17,en,Released
103883,136400,61000000,131940411,109,12.7451,6.539,4620,2013-08-02,en,Released
103980,160588,18000000,99104804,99,9.4561,6.98,3733,2013-08-01,en,Released
103984,179144,9200000,24930592,142,8.0244,7.506,3360,2013-05-21,it,Released
104017,58447,0,0,81,1.2615,4.531,32,1973-11-01,tr,Released
104069,185574,0,0,58,2.0799,7.617,222,2013-04-13,en,Released
104074,76285,90000000,199850315,106,9.1051,6.028,5462,2013-08-07,en,Released
104076,77931,105000000,347434178,105,16.4316,5.746,2415,2013-07-30,en,Released
104078,177699,4000000,9800000,90,2.9168,6.616,514,2013-07-24,en,Released
104129,76544,25000000,2054941,105,7.3005,6.11,1018,2013-07-04,en,Released
104141,21683,0,0,74,6.8156,6.719,463,2003-10-21,en,Released
104211,138832,37000000,270000000,110,19.9178,6.84,9669,2013-08-07,en,Released
104218,109418,80000000,247022278,101,26.7692,6.193,4822,2013-07-11,en,Released
104241,59859,28000000,60795985,103,11.2096,6.405,6721,2013-07-17,en,Released
104243,87421,38000000,98337295,119,11.5614,6.346,4533,2013-09-02,en,Released
104245,151960,50000000,219788712,91,13.3001,5.938,1878,2013-08-09,en,Released
104272,158999,0,2063312,83,4.6071,7.851,1217,2013-06-07,en,Released
104283,149870,30000000,117932401,126,10.409,7.785,3486,2013-07-20,ja,Released
104303,115782,12000000,42100000,129,7.945,6.129,2661,2013-08-15,en,Released
104337,132363,25000000,177313795,132,8.8615,7.314,3081,2013-08-16,en,Released
104339,157360,1000000,2963902,93,3.9889,6.344,585,2013-08-09,en,Released
104374,122906,12000000,87100449,123,23.1322,7.902,9511,2013-09-04,en,Released
104419,30061,0,0,75,7.1292,7.299,799,2010-02-23,en,Released
104457,83899,1000000,14347000,94,10.3157,6.595,2763,2013-08-22,en,Released
104644,147129,0,0,50,1.1372,6.15,20,2012-11-28,en,Released
104760,146227,18000000,10501938,90,4.0253,5.02,680,2013-08-29,en,Released
104780,49802,0,0,50,2.7188,7.421,126,1981-07-31,ru,Released
104837,17282,0,0,92,2.2592,5.731,26,1987-02-01,en,Released
104841,49047,105000000,723192705,91,19.0709,7.172,16681,2013-10-03,en,Released
104863,212716,11000000,8500000,98,7.4796,6.743,2115,2013-09-07,en,Released
104875,115199,0,0,86,2.2521,6.608,61,2012-06-15,en,Released
104879,146233,46000000,122127446,153,29.024,8.1,13513,2013-09-19,en,Released
104906,156711,4900000,2159041,97,5.1824,6.352,489,2013-08-15,en,Released
104908,91586,5000000,161921515,106,21.6987,6.703,4758,2013-09-12,en,Released
104913,96721,38000000,90200000,123,19.1724,7.744,8046,2013-09-02,en,Released
104925,112205,30000000,36894225,111,10.5019,6.362,3172,2013-09-13,en,Released
104944,169813,1000000,1645164,96,6.9953,7.741,1457,2013-08-23,en,Released
105020,102059,13000000,0,100,3.9218,4.158,38,1989-04-27,en,Released
105037,129139,1500000,3566225,104,9.0896,5.765,1117,2013-07-24,en,Released
105121,121676,0,0,93,2.6207,5.172,64,2012-09-14,en,Released
105197,129670,12000000,27700000,115,5.5605,7.447,1977,2013-09-21,en,Released
105211,209263,0,25288872,93,5.6997,6.734,942,2013-09-18,en,Released
105213,138697,3000000,0,90,11.9877,6.019,4682,2013-09-12,en,Released
105246,157820,16040770,10435322,131,3.5545,6.132,659,2013-01-10,fr,Released
105250,51452,,,,,,,,,
105254,157409,0,223821,99,2.4261,5.911,175,2013-07-12,es,Released
105325,172828,0,19613,84,4.1053,5.739,262,2013-08-28,en,Released
105351,146238,30000000,62600000,91,11.9181,5.634,1340,2013-09-24,en,Released
105355,152584,4300000,19796489,180,9.5969,7.076,4942,2013-10-09,fr,Released
105468,109451,78000000,248384621,95,17.5014,6.457,3579,2013-09-26,en,Released
105504,109424,55000000,218791811,134,16.4342,7.5,7691,2013-10-10,en,Released
105540,51985,0,0,73,3.8789,6.135,111,1998-11-17,en,Released
105585,106747,20000000,17537186,108,10.5571,5.62,2095,2013-09-12,en,Released
105593,85889,5000000,9114264,97,7.7485,6.825,1976,2013-09-27,en,Released
105653,107846,50000000,137328301,115,15.8083,6.718,5741,2013-10-09,en,Released
105720,55370,0,0,120,2.0011,6.7,88,1967-02-22,fr,Released
105731,133805,30000000,84790678,101,12.8107,6.067,4831,2013-10-16,en,Released
105746,173495,0,0,84,1.3056,5.245,49,2013-12-06,en,Released
105755,109091,25000000,71009334,117,15.1183,5.3,2035,2013-10-25,en,Released
105801,158752,650000,171962,90,2.0334,4.796,248,2013-10-11,en,Released
105835,146015,0,200000,93,5.2603,6.499,1119,2014-04-03,en,Released
105844,76203,20000000,187000000,134,18.2796,7.927,12222,2013-10-18,en,Released
105954,152747,9000000,6108720,106,6.7619,6.647,1815,2013-08-23,en,Released
106002,80274,110000000,125537191,114,10.9758,6.595,6421,2013-10-24,en,Released
106062,208134,15000000,151831537,92,7.9096,6.192,1753,2013-10-22,en,Released
106072,76338,170000000,644783140,112,28.8803,6.508,18741,2013-10-30,en,Released
106100,152532,5000000,55736588,117,12.7924,7.905,9285,2013-11-01,en,Released
106144,194101,0,12189,91,2.4615,7.236,252,2013-10-25,en,Released
106330,137093,28000000,134400000,105,9.0459,6.398,2322,2013-10-31,en,Released
106438,205220,12000000,100100000,98,5.7936,7.339,1753,2013-11-01,en,Released
106441,203833,19000000,76586316,131,14.5575,7.491,4584,2013-11-08,en,Released
106487,101299,130000000,865011746,146,31.0912,7.4,18792,2013-11-15,en,Released
106489,57158,250000000,958400000,161,28.6886,7.579,14591,2013-12-11,en,Released
106491,64686,175000000,151783839,119,14.5241,6.213,4259,2013-12-06,en,Released
106540,146239,26000000,51164106,105,7.7136,6.3,1616,2013-10-10,en,Released
106542,41602,0,11650,108,4.7506,6.371,667,2013-02-09,en,Released
106594,137312,0,0,85,1.1234,4.4,9,2013-02-22,en,Released
106642,253941,,,,,,,,,
106648,80662,0,246091,145,3.9133,6.899,248,2011-09-30,ja,Released
106696,109445,150000000,1274219009,102,32.8089,7.249,17899,2013-11-20,en,Released
106766,86829,11000000,32935319,105,10.0174,7.182,3008,2013-10-18,en,Released
106782,106646,100000000,407039432,180,37.2041,8.027,26563,2013-12-25,en,Released
106785,204082,22000000,51695362,100,13.3487,6.95,3959,2013-11-12,en,Released
106839,192136,35000000,27985788,141,5.1916,6.861,592,2013-11-28,en,Released
106873,75629,13000000,67282623,96,8.4018,7.197,968,2012-11-17,ja,Released
106883,174311,10000000,0,107,2.873,5.4,140,2013-09-10,en,Released
106889,212063,0,0,80,2.0373,7.254,173,2013-12-06,en,Released
106916,168672,40000000,251171807,138,15.0637,6.852,7913,2013-12-12,en,Released
106918,116745,90000000,188133322,114,18.2043,7.23,8485,2013-12-18,en,Released
106920,152601,23000000,47351251,126,23.3618,7.835,15646,2013-12-18,en,Released
106927,39260,250000,0,102,1.6548,5.4,79,2009-10-03,ja,Released
107013,45697,0,0,58,1.7501,6.7,23,1977-12-24,en,Released
107069,193756,40000000,149295601,121,13.4848,7.43,4875,2013-12-24,en,Released
107141,140823,35000000,112544580,126,10.0133,7.337,3568,2013-11-29,en,Released
107159,40897,0,0,83,1.3995,6.949,59,1964-03-14,ja,Released
107314,87516,30000000,5200000,104,12.7772,5.922,2191,2013-11-14,en,Released
107338,209232,0,5378537,87,1.7288,6.816,152,2013-07-31,de,Released
107348,109443,50000000,173700000,119,10.8,6.144,2908,2013-12-18,en,Released
107406,110415,39200000,86758912,127,14.9258,6.909,10691,2013-08-01,ko,Released
107408,37129,269750,0,92,1.6271,7.877,138,1974-08-12,ru,Released
107410,20894,0,0,334,1.0834,7.592,87,1984-07-07,ru,Released
107412,20878,0,0,82,3.0682,7.634,299,1967-04-03,ru,Released
107436,166271,0,0,97,4.3607,6.125,666,2013-10-17,en,Released
107447,158990,0,0,83,2.5734,6.061,347,2013-12-18,en,Released
107449,27190,5000000,0,43,3.1133,5.958,77,2008-12-17,en,Released
107462,180894,0,82000100,95,6.5186,6.715,443,2013-12-27,en,Released
107565,233063,0,77676735,117,7.5743,6.997,1791,2013-11-07,de,Released
107630,27584,10000000,221590,99,3.5887,5.627,166,2010-06-03,en,Released
107702,64807,40000000,44907260,113,8.9538,6.105,1401,2013-12-25,en,Released
107723,13194,0,0,86,3.5784,7.153,137,2007-06-05,ja,Released
107771,152603,7000000,8213623,123,10.2985,7.202,2463,2013-12-12,en,Released
107780,230657,,,,,,,,,
107846,13632,0,0,93,2.225,6.0,65,1994-11-24,en,Released
107945,122796,0,0,87,1.8634,4.529,17,2012-09-12,en,Released
107951,204810,2300000,4500000,107,1.6254,5.912,34,2013-07-03,he,Released
107953,126963,0,50461371,85,12.5592,6.852,1691,2013-03-30,ja,Released
107962,243531,0,0,83,2.0656,5.2,128,2014-01-17,en,Released
107997,159128,0,81381,105,3.6956,5.75,602,2013-09-27,en,Released
107999,39102,0,15218214,52,5.1679,6.53,605,1991-03-19,ja,Released
108078,206408,0,16968297,117,5.2213,6.579,746,2013-12-04,fr,Released
108090,39148,0,0,80,3.9073,7.4,411,1996-03-04,ja,Released
108156,168530,25000000,153997819,99,10.1301,6.256,2483,2014-01-07,en,Released
108188,137094,60000000,135500000,105,14.3583,6.1,3180,2014-01-15,en,Released
108190,157350,85000000,288885818,140,21.2017,6.9,13731,2014-03-14,en,Released
108192,6418,0,0,13,3.1629,6.891,943,2007-10-26,en,Released
108540,126319,12500000,8170333,80,6.0279,7.756,714,2012-12-12,fr,Released
108601,137968,11000000,0,113,2.2834,5.807,145,2013-05-02,en,Released
108689,100241,65000000,76801179,92,10.1708,5.4,2108,2014-01-22,en,Released
108715,157099,5000000,75143,91,5.2236,5.9,326,2014-03-14,en,Released
108727,110414,,,,,,,,,
108729,181886,3500000,3396726,91,9.795,6.838,6612,2014-03-14,en,Released
108795,15359,0,0,74,5.3495,7.198,640,2009-03-03,en,Released
108928,152760,70000000,154984035,118,10.096,6.064,3895,2014-01-24,en,Released
108932,137106,60000000,470759687,100,23.7194,7.432,8723,2014-02-06,en,Released
108945,97020,120000000,242688965,118,14.6738,5.891,6004,2014-01-30,en,Released
108949,209247,0,64065,90,4.5386,6.17,629,2013-09-20,en,Released
108981,249397,2350000,4934725,124,13.6141,6.71,3267,2013-12-25,en,Released
109042,74461,0,86746,85,3.544,5.565,456,2014-01-21,en,Released
109161,197082,0,342183,96,4.7851,7.191,768,2013-05-28,fr,Released
109183,99367,0,0,91,4.1616,5.788,264,2014-02-14,en,Released
109187,157834,8500000,770706,107,7.4183,6.09,1389,2013-09-20,en,Released
109191,137321,60000000,30800231,118,7.2924,6.3,1432,2014-02-13,en,Released
109241,146375,0,25109572,96,4.4077,5.644,711,2012-12-15,fr,Released
109282,103732,33157,0,76,1.4119,6.488,42,2012-08-21,en,Released
109295,210047,0,16971,90,3.7652,5.434,271,2013-09-20,en,Released
109313,17684,0,0,105,2.3101,5.256,476,2003-03-19,fr,Released
109317,249923,0,0,86,2.2295,5.63,192,2014-02-07,en,Released
109372,222899,12500000,49002684,100,6.3573,5.978,542,2014-02-14,en,Released
109374,120467,30000000,174600318,100,26.6127,8.026,16514,2014-02-26,en,Released
109383,84319,0,65975,95,0.0575,5.45,20,2012-01-30,en,Released
109416,21474,0,0,102,0.368,6.761,600,2009-07-30,en,Released
109483,225565,8000000,45600000,94,6.7359,6.143,2767,2014-01-29,en,Released
109487,157336,165000000,746606706,169,72.8231,8.488,41219,2014-11-05,en,Released
109569,192102,28000000,53260230,113,11.5898,6.106,2379,2014-02-14,en,Released
109576,205724,3500000,0,95,5.2042,5.036,466,2013-04-27,en,Released
109578,225574,50000000,222809600,107,11.4718,6.811,5873,2014-02-26,en,Released
109596,85444,2000000,0,89,3.119,7.6,141,2011-09-19,es,Released
109633,198375,0,820165,46,7.021,7.585,2295,2013-05-31,ja,Released
109673,53182,110000000,337580051,102,18.9766,6.121,7126,2014-03-05,en,Released
109687,202141,0,0,99,1.9875,7.076,251,2013-06-14,en,Released
109723,242076,0,56574,108,4.4593,5.307,387,2014-02-28,en,Released
109846,82703,145000000,272912430,92,13.21,6.733,2604,2014-02-07,en,Released
109848,97370,13300000,7229933,108,11.2994,6.1,3948,2014-03-14,en,Released
109850,136797,66000000,203277636,132,15.8989,6.453,4827,2014-03-12,en,Released
109853,242042,6000000,15071,90,5.9564,6.704,710,2014-02-02,en,Released
109864,177494,6000000,3500000,107,4.779,6.6,1182,2014-03-13,en,Released
109895,209403,9500000,7800000,89,5.53,6.418,924,2013-09-06,en,Released
109897,235260,22000000,70829270,138,5.905,6.831,361,2014-02-28,en,Released
109941,83201,0,0,13,7.5084,6.539,536,2012-02-07,en,Released
109968,134350,0,1265872,130,2.5093,7.327,333,2013-09-14,ja,Released
109971,236737,3000000,78768613,98,3.3958,6.644,685,2014-03-14,es,Released
110102,100402,170000000,714766572,136,20.5171,7.655,20479,2014-03-20,en,Released
110127,86834,125000000,362600000,138,15.6287,5.678,6742,2014-03-07,en,Released
110130,227783,42000000,120885527,85,10.3572,5.917,1069,2014-01-17,en,Released
110281,53168,0,3850000,89,4.3122,7.369,218,1999-02-08,cn,Released
110286,155084,5000000,13809,93,5.778,6.324,1238,2014-04-11,en,Released
110297,145220,50000000,80383113,107,9.531,6.324,915,2014-03-20,en,Released
110330,119360,0,0,96,2.1267,6.195,243,2012-10-24,it,Released
110350,256561,150000,0,75,1.0285,6.9,162,2014-03-19,en,Released
110387,209799,0,0,102,1.0303,6.833,96,2013-08-29,en,Released
110501,180299,4500000,6566916,150,12.1926,7.618,2693,2014-03-27,id,Released
110541,25706,4500000,0,88,2.6809,5.2,35,1993-11-17,en,Released
110553,102382,200000000,716934779,141,32.1297,6.561,14753,2014-04-16,en,Released
110586,157832,0,3593460,101,4.0052,7.102,1107,2014-04-11,en,Released
110591,157547,5000000,44459951,104,9.1923,6.499,3288,2014-04-03,en,Released
110603,249660,17000000,29789000,113,5.7647,5.974,980,2014-03-21,en,Released
110611,244509,0,427418,109,4.5689,6.538,845,2014-05-23,en,Released
110655,172385,103000000,498781117,101,12.6678,6.51,3859,2014-03-19,en,Released
110669,262481,0,0,90,2.5028,7.093,243,2014-04-18,en,Released
110718,214030,0,2681345,90,3.9193,5.806,625,2013-09-07,en,Released
110730,157353,100000000,103039258,119,9.5917,6.08,5947,2014-04-16,en,Released
110746,167575,1169935,0,81,3.7358,5.667,395,2013-06-14,en,Released
110771,193610,40000000,196800000,109,10.9104,6.42,3806,2014-04-16,en,Released
110773,184345,4000000,25343661,87,14.3225,6.2,1630,2014-04-17,en,Released
110781,12242,0,0,79,9.4197,6.528,2564,2004-11-03,en,Released
110826,254473,28000000,71416730,90,6.2987,5.9,1642,2014-04-22,en,Released
110882,210479,2000000,4635300,85,7.5819,6.89,3040,2014-04-10,en,Released
111113,195589,18000000,270665134,97,12.2119,6.178,7415,2014-05-08,en,Released
111146,258096,0,0,45,2.5385,5.3,61,2014-03-25,en,Released
111320,252680,5000000,10429707,98,3.9998,5.615,314,2014-03-25,en,Released
111360,240832,40000000,469058574,89,22.3364,6.478,17391,2014-07-25,en,Released
111362,127585,250000000,748045700,132,36.5255,7.537,16677,2014-05-15,en,Released
111364,124905,160000000,524978362,123,22.1448,6.367,10023,2014-05-14,en,Released
111375,187596,6000000,8100000,95,9.5419,5.969,1558,2014-05-02,en,Released
111384,188166,420000,993313,90,4.8036,6.795,1689,2014-04-25,en,Released
111443,212778,11000000,50440695,114,8.555,7.113,3771,2014-05-08,en,Released
111551,210947,318000,121179,85,4.1355,6.426,655,2014-04-04,en,Released
111617,232672,40000000,128000000,117,14.4397,6.9,3900,2014-05-21,en,Released
111622,198277,8000000,63500000,104,12.6991,7.234,4078,2013-09-07,en,Released
111659,102651,180000000,758539785,97,19.7887,7.089,13938,2014-05-28,en,Released
111663,254474,0,14947,77,5.2524,4.953,796,2014-10-20,en,Released
111680,194722,2500000,0,101,3.7555,6.278,200,2013-10-09,en,Released
111732,137698,3000000,558636,130,2.3928,7.217,212,2013-06-19,es,Released
111743,188161,40000000,86400000,116,15.1657,6.052,4522,2014-05-22,en,Released
111759,137113,178000000,370541256,114,27.1363,7.643,15524,2014-05-27,en,Released
111781,177677,150000000,682716636,131,27.6379,7.226,9950,2015-07-28,en,Released
111785,20880,0,0,100,1.2947,4.7,21,2008-01-01,en,Released
111795,198185,25000000,38307627,124,4.76,6.7,685,2014-05-09,en,Released
111800,174323,3200000,0,93,0.1423,5.943,410,2014-01-17,en,Released
111817,192133,0,340911,118,3.1865,5.586,174,2013-09-07,en,Released
111844,255268,5500000,0,91,4.3679,6.081,221,2014-04-08,en,Released
111913,248212,0,0,91,2.966,6.947,133,2014-08-08,en,Released
111921,222935,14000000,307166834,126,18.1038,7.589,11699,2014-06-03,en,Released
112006,82881,0,0,6,6.7401,7.136,1133,2012-01-13,en,Released
112070,157851,15000000,4510000,112,8.2202,6.166,1173,2014-05-21,en,Released
112138,187017,50000000,331333876,112,16.9874,6.825,8729,2014-06-05,en,Released
112171,156022,55000000,192330738,132,39.3376,7.293,10207,2014-09-24,en,Released
112175,82702,145000000,621537519,102,27.5413,7.685,10680,2014-06-05,en,Released
112183,194662,18000000,103215094,120,23.5891,7.436,13846,2014-10-17,en,Released
112290,85350,4000000,48137666,165,10.7965,7.5,5645,2014-06-05,en,Released
112303,184098,24000000,70181428,105,5.6969,6.4,608,2014-06-20,en,Released
112316,209451,40000000,67347013,134,4.6934,6.751,756,2014-06-18,en,Released
112326,27460,0,0,91,3.437,4.606,104,1998-05-26,en,Released
112334,250658,0,48911,105,4.7228,7.878,479,2014-06-27,en,Released
112370,91314,210000000,1105261713,165,24.9578,5.973,8950,2014-06-25,en,Released
112421,171372,1000000,1897363,95,5.271,6.838,1770,2014-05-09,en,Released
112450,180296,0,0,83,7.5869,5.554,461,2014-06-27,en,Released
112454,186988,0,0,96,2.3202,6.623,73,2013-05-01,it,Released
112460,218836,50000000,151165787,83,14.63,6.207,950,2014-07-17,en,Released
112497,226486,20000000,100375432,97,4.6006,5.348,1300,2014-07-02,en,Released
112512,64246,0,0,127,2.5776,7.213,324,2010-08-21,ja,Released
112515,242224,2000000,10300000,94,11.3721,6.54,6562,2014-05-22,en,Released
112552,244786,3300000,50307484,107,40.6075,8.376,17104,2014-10-10,en,Released
112556,210577,61000000,370890259,149,40.0537,7.889,20431,2014-10-01,en,Released
112580,152790,0,615198,84,4.8413,5.634,559,2014-05-23,en,Released
112623,119450,170000000,710644566,130,27.6416,7.3,12509,2014-07-08,en,Released
112727,184346,30000000,87937815,118,9.8736,6.261,2290,2014-07-01,en,Released
112749,253235,18000000,25312387,94,7.3905,6.0,495,2014-07-10,en,Released
112788,225886,40000000,126069509,94,18.5803,5.406,4281,2014-07-17,en,Released
112804,244267,1000000,481234,106,9.094,7.567,3559,2014-07-18,en,Released
112818,238636,9000000,111928365,103,18.4707,6.618,6814,2014-07-17,en,Released
112852,118340,170000000,772776600,121,22.3543,7.908,30330,2014-07-30,en,Released
112868,242095,4000000,2665322,97,7.798,6.027,1910,2014-03-15,en,Released
112897,138103,95000000,214657577,126,18.9021,6.203,5455,2014-08-07,en,Released
112911,184315,100000000,244819862,98,23.8327,5.806,4442,2014-07-23,en,Released
112940,157849,15000000,31554855,121,7.8954,6.47,1530,2014-07-25,en,Released
113159,244566,2400000,88273,89,4.1564,5.51,737,2014-08-15,en,Released
113186,209269,0,0,105,2.426,5.699,196,2014-08-28,en,Released
113207,239566,30000000,33448971,139,5.2892,6.776,587,2014-08-01,en,Released
113225,229297,16800000,51029361,98,9.9416,6.492,2202,2014-07-25,en,Released
113252,253306,0,0,111,3.1518,6.567,936,2014-09-04,en,Released
113275,228194,22000000,89500000,122,8.4185,7.268,1580,2014-08-06,en,Released
113278,242643,0,4571025,76,11.0838,7.328,1214,2014-08-12,en,Released
113280,192623,0,0,93,2.3261,5.846,52,2013-05-10,en,Released
113313,244610,500000,410129,77,2.9567,6.058,396,2013-12-12,en,Released
113345,76757,176000000,184000000,127,21.5822,5.474,7243,2015-02-04,en,Released
113348,98566,125000000,485004754,101,23.4531,5.931,7321,2014-08-07,en,Released
113350,273404,0,0,93,3.7248,6.03,198,2013-07-28,en,Released
113374,48347,0,0,25,1.3255,7.65,70,1997-05-27,fr,Released
113378,227156,25000000,66980456,97,11.7789,6.558,4704,2014-08-13,en,Released
113394,174337,0,13769,90,2.4938,6.108,259,2014-02-07,en,Released
113416,286709,5000000,107412,95,3.5953,5.18,111,2014-10-31,en,Released
113453,193893,17000000,136600000,104,18.2653,6.5,3039,2014-08-13,en,Released
113532,242022,0,63852235,96,2.874,6.066,555,2014-08-06,en,Released
113565,211067,4000000,9221,99,3.7402,6.0,512,2014-05-01,en,Released
113573,189,65000000,39407616,102,18.2119,6.4,4270,2014-08-20,en,Released
113604,249164,11000000,78300000,106,8.0137,7.342,4362,2014-08-21,en,Released
113705,221902,7000000,9016922,95,5.9441,6.91,1034,2014-05-21,fr,Released
113741,220289,50000,139745,89,10.4674,7.21,3611,2014-04-06,en,Released
113780,256274,5000000,41898409,93,13.029,6.758,3988,2014-08-14,en,Released
113829,242090,100000,513447,91,4.5309,6.87,809,2014-08-08,en,Released
113849,88573,0,456,105,0.9858,6.147,51,2011-11-24,th,Released
113862,241848,5000000,2700051,101,11.2272,6.624,2211,2014-09-05,en,Released
114028,234200,0,16700000,120,7.4223,7.685,1447,2014-09-12,en,Released
114044,254191,1000000,9318,88,2.7798,5.433,651,2014-09-12,en,Released
114060,154400,12600000,19054534,106,15.7589,6.8,2498,2014-09-12,en,Released
114066,246400,0,0,97,2.1971,7.046,218,2014-07-05,en,Released
114074,244772,1000000,5300000,92,4.7319,6.642,717,2014-06-05,en,Released
114126,27286,0,56386,90,0.9634,6.466,29,2008-04-01,en,Released
114180,198663,34000000,348319861,113,44.2994,7.19,18477,2014-09-10,en,Released
114184,244506,1000000,59744,117,5.7356,6.716,1129,2014-10-17,en,Released
114246,169917,28000000,58834384,114,13.8149,6.343,3098,2014-09-18,en,Released
114265,244264,5000000,2379154,100,4.369,6.119,1189,2014-09-25,en,Released
114335,32891,0,0,21,1.8219,6.136,59,1957-03-31,fr,Released
114396,230779,10000000,0,102,3.5601,6.218,71,2014-03-28,en,Released
114494,284427,0,7700259,105,6.9003,7.557,1769,2014-09-25,de,Released
114554,149871,49300000,24366656,137,10.0537,8.1,2049,2013-11-23,ja,Released
114601,239678,19800000,41300000,103,9.5555,6.655,1538,2014-09-10,en,Released
114627,15916,0,0,71,5.9976,7.692,617,1985-12-22,ja,Released
114662,190859,58800000,542300000,133,18.661,7.408,13894,2014-12-25,en,Released
114670,246403,3000000,1882074,102,8.5858,5.5,1721,2014-09-19,en,Released
114678,254375,0,1124445,114,5.3017,6.68,989,2014-08-14,en,Released
114707,149509,0,3900000,120,6.6719,6.299,2501,2013-09-06,en,Released
114713,250546,6500000,257589952,99,12.8556,5.791,6661,2014-10-01,en,Released
114762,286554,1645000,868081,86,7.0259,6.412,1947,2014-09-26,en,Released
114795,49017,70000000,217124280,92,12.7549,6.466,6628,2014-10-01,en,Released
114818,227300,5000000,0,94,2.7601,6.191,744,2014-10-14,en,Released
114847,262543,7000000,6237990,110,9.549,5.902,1855,2014-10-09,en,Released
114925,244761,0,1075178,112,7.9013,5.848,1194,2014-09-05,en,Released
114935,206487,5500000,5386852,98,14.106,7.413,7334,2014-08-28,en,Released
115065,146381,22000000,19799759,90,7.543,5.9,338,2013-08-09,en,Released
115111,48585,0,0,15,1.7608,7.7,20,2003-06-06,en,Released
115122,246741,1600000,6300000,86,9.0278,7.541,4072,2014-06-19,en,Released
115149,245891,20000000,86085191,101,22.7698,7.463,21355,2014-10-16,en,Released
115151,208869,0,0,102,3.36,5.978,208,2014-04-30,en,Released
115170,205587,40000000,84419388,141,16.8512,7.328,4539,2014-10-08,en,Released
115203,295538,0,0,120,1.1404,7.449,49,2014-09-18,en,Released
115210,228150,68000000,211817906,135,40.9549,7.545,13244,2014-10-15,en,Released
115216,266285,10500000,1363964,92,6.2148,6.505,999,2014-05-22,da,Released
115231,239563,13000000,54837234,102,10.8993,7.136,2143,2014-10-09,en,Released
115502,289727,0,4453524,107,6.7158,6.0,650,2014-06-15,en,Released
115569,242582,8500000,47425835,118,26.7533,7.708,12070,2014-10-23,en,Released
115617,177572,165000000,657870525,102,44.7842,7.7,16924,2014-10-24,en,Released
115664,228326,50000000,97437106,95,14.5301,7.537,3014,2014-10-01,en,Released
115667,200727,0,4439431,102,12.7054,7.812,6573,2014-10-16,en,Released
115680,273271,0,19572,104,5.2831,6.539,1446,2014-05-18,en,Released
115713,264660,15000000,36869414,108,20.0395,7.57,14598,2015-01-21,en,Released
115727,40081,0,0,106,1.9956,6.8,108,1978-12-21,zh,Released
115819,234862,295000,0,11,1.9605,6.961,154,2013-10-14,xx,Released
115828,251232,0,0,98,1.8024,6.593,221,2014-10-03,en,Released
115877,116440,0,0,5,3.4098,7.0,394,2012-07-03,en,Released
115969,178446,,,,,,,,,
116044,55596,0,0,93,1.7409,4.716,37,1992-12-22,en,Released
116138,265180,4000000,4396821,141,4.0448,7.369,999,2014-09-24,ru,Released
116169,44092,12000000,0,117,4.222,6.869,290,2010-09-01,zh,Released
116207,185567,16000000,0,110,5.3047,6.68,528,2013-12-04,en,Released
116411,238628,0,0,87,5.4861,7.682,621,2013-10-17,et,Released
116413,260001,0,8265,95,2.4595,5.773,245,2014-12-05,en,Released
116419,256092,12000000,0,96,3.4585,4.269,145,2014-10-03,en,Released
116505,79723,0,0,78,1.7907,6.098,224,2011-12-07,nl,Released
116529,203793,30000000,68129518,131,0.1944,6.33,398,2013-10-09,ru,Released
116668,241842,0,37473,100,5.3478,6.554,726,2014-02-12,no,Released
116718,37133,0,0,104,0.857,6.9,25,1938-04-24,ru,Released
116724,84111,0,0,109,2.5726,7.4,241,2011-08-19,zh,Released
116738,77067,0,0,95,1.8389,5.07,115,2011-04-29,en,Released
116797,205596,14000000,233555708,113,55.8451,7.98,18432,2014-11-14,en,Released
116799,171274,20000000,14810975,149,14.8611,6.544,2796,2014-12-12,en,Released
116817,244403,5000000,58293,105,3.554,7.177,344,2014-10-17,en,Released
116823,131631,125000000,755356711,123,40.651,6.8,17017,2014-11-19,en,Released
116849,295315,0,0,90,3.719,5.259,158,2014-11-07,en,Released
116887,147441,140000000,268031828,150,19.3094,5.884,4949,2014-12-03,en,Released
116897,265195,4000000,31478893,122,9.197,7.871,3877,2014-08-21,es,Released
116941,17009,0,0,82,4.5641,6.135,223,1990-06-06,en,Released
116963,21811,0,18476,88,3.2662,5.103,107,1991-01-11,en,Released
116977,100042,40000000,169837010,110,17.3247,5.56,3510,2014-11-12,en,Released
116985,206821,0,46460,86,3.4662,5.137,318,2014-09-05,en,Released
117107,261037,2000000,0,88,4.6144,5.865,307,2014-09-12,en,Released
117109,301566,0,0,11,1.9773,7.682,148,2014-10-28,en,Released
117133,17808,0,0,103,2.504,6.035,171,2008-09-25,zh,Released
117176,266856,15000000,123726688,123,14.5924,7.822,11272,2014-11-07,en,Released
117192,282848,0,0,60,3.3265,8.076,324,2013-12-25,en,Released
117364,263614,0,0,100,2.3272,7.913,242,2014-11-07,en,Released
117368,10258,0,0,11,3.869,6.849,403,2005-09-23,en,Released
117444,110416,0,857522,94,10.2623,8.0,1622,2014-06-23,en,Released
117466,205775,100000000,93900000,122,10.98,6.789,4509,2015-12-03,en,Released
117511,303623,0,0,85,4.2077,6.464,168,2014-11-22,en,Released
117529,135397,150000000,1671537444,124,25.6319,6.702,21918,2015-06-06,en,Released
117531,215032,0,0,92,1.0061,6.5,28,2013-10-11,en,Released
117533,293310,0,3003169,113,3.8947,7.734,1448,2014-10-10,en,Released
117545,170522,30000000,51379470,85,6.7687,6.794,1499,2014-11-26,fr,Released
117572,294538,0,0,89,1.5946,4.7,39,2014-10-31,en,Released
117590,227159,42000000,107645357,108,18.3443,6.176,4491,2014-11-12,en,Released
117630,88107,0,0,86,3.1053,4.714,63,1992-02-14,en,Released
117646,10473,0,0,84,4.1966,5.373,327,2000-08-08,en,Released
117849,25518,0,0,99,4.921,7.182,292,1996-09-18,fr,Released
117851,270946,132000000,373515621,92,26.6972,6.547,4582,2014-11-22,en,Released
117867,252178,11000000,3200000,99,5.01,6.805,1249,2014-10-10,en,Released
117877,75491,0,0,100,2.3335,7.028,193,2011-05-31,fr,Released
117881,284293,5000000,44779195,101,12.3737,7.466,3348,2014-12-05,en,Released
117887,116149,55000000,333960862,95,14.4569,7.126,4354,2014-11-23,en,Released
117895,294254,61000000,312296056,131,20.7942,6.731,11248,2015-09-09,en,Released
117922,79218,0,0,26,10.2146,6.47,727,2011-11-24,en,Released
118082,244458,11000000,2243672,104,6.008,6.265,1959,2014-01-19,en,Released
118166,70966,0,0,88,3.5369,7.402,148,1986-06-06,ru,Released
118198,250798,0,0,99,1.7729,7.064,47,2014-01-16,en,Released
118248,297596,15000000,0,94,4.6801,4.652,356,2014-12-04,en,Released
118270,123107,0,0,87,2.6698,5.36,57,2013-10-18,en,Released
118290,17135,0,0,84,2.1095,4.49,72,1996-10-21,en,Released
118326,270005,0,0,105,2.243,4.246,69,2014-09-28,en,Released
118354,245916,5000000,5200000,112,6.4052,6.627,947,2014-10-09,en,Released
118512,15261,0,0,90,0.3542,6.4,549,2007-10-29,en,Released
118530,42441,0,0,119,1.4669,5.58,352,1999-10-01,it,Released
118572,253272,0,0,103,2.1701,6.258,155,2014-03-10,en,Released
118696,122917,250000000,956019788,144,42.6998,7.338,15773,2014-12-10,en,Released
118700,273895,20000000,66787908,128,6.9303,7.367,2368,2014-12-25,en,Released
118702,227306,65000000,163400000,137,11.2391,7.416,4452,2014-12-25,en,Released
118706,246080,8000000,4070789,115,5.0979,6.267,1215,2014-12-05,en,Released
118784,22285,0,0,59,1.1063,7.393,14,2007-01-01,en,Released
118814,277547,0,1323415,94,10.5174,5.855,822,2014-09-26,en,Released
118834,24388,0,0,94,1.4624,4.0,14,2007-09-14,en,Released
118862,137347,9000000,0,112,2.1503,6.485,66,2014-03-07,en,Released
118880,252171,1000000,395000,101,4.359,6.813,979,2014-11-21,en,Released
118888,20147,0,0,58,1.9177,7.67,162,2004-09-04,en,Released
118894,32916,0,0,75,3.8326,7.652,273,2010-02-16,en,Released
118896,265177,4900000,3494070,138,12.0782,8.193,2899,2014-09-19,fr,Released
118900,228970,15000000,52501541,115,11.5239,7.01,2738,2014-12-05,en,Released
118924,284296,12000000,26117471,102,5.5278,6.059,504,2014-12-12,en,Released
118930,308571,0,0,80,1.5124,7.664,192,2014-12-05,en,Released
118985,87093,10000000,28900000,106,8.7821,6.967,3669,2014-12-24,en,Released
118997,224141,50000000,212902372,125,12.6736,5.756,4471,2014-12-24,en,Released
119068,243684,16000000,1700000,116,8.2781,6.505,1000,2014-10-17,en,Released
119141,228967,44000000,12342632,112,16.8329,6.181,6378,2014-12-25,en,Released
119145,207703,81000000,414351546,129,33.8904,7.617,18173,2015-01-24,en,Released
119153,191489,0,0,68,1.8101,7.615,170,2012-08-16,en,Released
119155,181533,127000000,363204635,98,19.7427,6.229,6338,2014-12-17,en,Released
119167,51239,0,0,82,1.7648,4.3,21,2010-11-19,en,Released
119218,120605,,,,,,,,,
119655,68737,95000000,114178613,102,17.6821,5.532,2709,2014-12-12,en,Released
119714,298533,8500000,0,90,2.1756,6.111,54,2014-12-03,en,Released
119828,19946,0,0,96,1.9806,6.6,37,1977-08-13,it,Released
119964,286532,0,0,82,4.8067,5.348,266,2014-11-07,en,Released
120130,92321,0,0,45,0.0073,8.258,1248,2011-09-17,ja,Released
120138,297222,13000000,118920000,153,7.0055,7.701,1212,2014-12-18,hi,Released
120466,198184,49000000,104399548,120,25.4197,6.8,8676,2015-03-04,en,Released
120478,265297,0,1059804,110,5.1058,8.091,696,2014-08-29,fr,Released
120625,285700,1300005,0,116,2.1065,7.803,333,2014-08-09,ru,Released
120635,260346,48000000,325800000,109,22.7085,6.268,6289,2014-12-16,en,Released
120637,201088,70000000,17752940,133,14.883,5.523,2229,2015-01-13,en,Released
120761,126644,0,0,80,1.0324,6.6,43,1926-12-03,ru,Released
120783,294652,12000000,660241,108,7.106,6.444,887,2014-10-16,en,Released
120799,87101,155000000,440603537,126,31.8624,5.96,9181,2015-06-23,en,Released
120807,86705,0,0,58,1.8568,7.94,210,2012-01-31,en,Released
120813,27317,0,0,63,1.0337,7.172,29,2009-08-25,en,Released
120827,68352,0,0,105,2.9158,7.321,84,1988-08-31,en,Released
120919,267573,0,0,125,1.4044,6.885,104,2014-06-01,ko,Released
121007,14749,0,0,84,6.2423,5.85,226,2009-02-02,en,Released
121035,289394,,,,,,,,,
121097,50327,0,0,89,2.5703,6.477,87,1992-12-06,en,Released
121099,13654,0,0,74,8.665,6.026,1269,2003-03-02,en,Released
121129,244688,0,0,86,3.0267,4.074,547,2014-02-01,en,Released
121169,250225,1000000,0,104,5.0229,6.318,390,2015-02-20,en,Released
121171,256876,0,694600,85,1.7818,7.34,159,2015-01-23,en,Released
121231,270303,2300000,23374076,101,27.5314,6.6,7151,2015-02-04,en,Released
121253,287084,0,0,85,4.8756,5.9,550,2014-10-16,en,Released
121338,19254,0,0,91,1.7471,6.4,73,1963-06-01,en,Released
121342,26190,0,0,89,1.8779,6.1,72,1962-03-12,en,Released
121372,46967,0,0,65,1.3397,7.73,122,2010-09-18,en,Released
121374,32836,0,0,55,1.1476,7.727,108,2008-08-23,en,Released
121469,14862,2000000,0,91,3.0344,5.6,91,2008-04-24,en,Released
121715,102517,0,0,75,1.5457,7.563,32,2012-01-05,en,Released
121781,30178,0,0,72,5.9821,5.231,531,2005-07-14,en,Released
122092,14407,0,0,101,1.9996,4.685,27,2005-06-06,en,Released
122246,84575,5000000,0,90,3.3942,4.883,183,2012-03-06,en,Released
122260,133365,,,,,,,,,
122433,47003,0,0,83,1.5701,4.388,40,1966-12-23,en,Released
122490,256740,3500000,0,92,2.5607,5.4,102,2014-03-04,en,Released
122627,80985,0,0,83,1.819,4.354,24,1996-04-02,en,Released
122882,76341,150000000,378858340,121,69.8797,7.638,24641,2015-05-13,en,Released
122884,280092,10000000,120453155,97,21.9118,6.302,3766,2015-05-28,en,Released
122886,140607,245000000,2068223624,136,27.7957,7.2,20927,2015-12-15,en,Released
122888,271969,100000000,94061311,125,9.4097,5.8,1826,2016-08-17,en,Released
122890,68735,160000000,433677183,123,18.2514,6.414,7465,2016-05-25,en,Released
122892,99861,235000000,1405403694,141,43.2936,7.278,25054,2015-04-22,en,Released
122896,166426,230000000,795922298,129,25.6395,6.665,13069,2017-05-23,en,Released
122898,141052,300000000,661326987,120,27.9024,6.067,13946,2017-11-15,en,Released
122900,102899,130000000,519311965,117,27.8134,7.067,21267,2015-07-14,en,Released
122902,166424,120000000,167977596,100,16.5359,4.432,6543,2015-08-05,en,Released
122904,293660,58000000,782837347,108,34.6276,7.626,33320,2016-02-09,en,Released
122906,284054,200000000,1349926083,135,34.9994,7.361,23983,2018-02-13,en,Released
122912,299536,300000000,2052415039,149,93.52,8.2,32953,2018-04-25,en,Released
122916,284053,180000000,855301806,131,38.0248,7.58,22508,2017-10-02,en,Released
122918,283995,200000000,863756051,137,36.2881,7.61,23463,2017-04-25,en,Released
122920,271110,250000000,1155046416,147,39.2828,7.455,24595,2016-04-27,en,Released
122922,284052,180000000,676343174,115,32.5343,7.425,23940,2016-10-25,en,Released
122924,246655,178000000,543934787,144,25.4113,6.528,14123,2016-05-18,en,Released
122926,202249,,,,,,,,,
122932,268171,10000000,0,97,2.0463,5.929,99,2014-03-07,en,Released
123200,31981,0,0,58,1.2176,7.314,94,2009-05-16,en,Released
123310,36983,0,0,87,1.9455,5.646,48,1996-05-06,en,Released
123545,228074,0,0,101,1.7482,5.844,16,1949-03-01,en,Released
123553,252360,3500000,0,85,3.2041,3.861,90,2014-02-05,en,Released
123947,284276,7000000,2360281,102,6.9247,6.278,951,2014-09-07,en,Released
124273,48132,0,0,200,1.1581,6.5,36,2010-10-22,en,Released
124404,85439,0,6776616,86,3.8751,5.223,47,2011-12-23,ca,Released
124484,114735,0,0,90,1.8619,6.842,19,1976-11-01,en,Released
124851,279828,0,0,52,1.2393,6.2,93,2014-06-20,en,Released
124853,72585,0,0,25,0.9403,6.7,26,1968-09-24,en,Released
124859,284536,25000000,39171130,111,8.831,6.047,1608,2014-12-25,en,Released
125221,108181,0,0,81,1.748,4.242,62,1956-08-01,en,Released
125914,210860,60000000,47318560,107,10.862,5.524,2808,2015-01-21,en,Released
125916,216015,40000000,569651467,125,27.8734,5.858,12552,2015-02-11,en,Released
125970,27850,0,0,84,5.5208,6.8,619,1998-11-10,en,Released
125974,34560,0,0,82,4.0107,6.5,333,2004-10-08,en,Released
126088,48874,0,0,70,3.3532,6.812,157,1994-11-24,en,Released
126090,36129,0,0,11,1.9164,7.463,273,1975-10-23,ru,Released
126142,159704,0,0,200,1.5944,6.39,163,1991-12-22,it,Released
126420,250066,10000000,0,94,5.2775,4.8,394,2014-09-11,en,Released
126426,321130,0,0,142,0.7616,6.0,13,2019-04-14,ru,Released
126430,189197,,,,,,,,,
126482,302429,100000000,13603453,99,6.6732,7.26,597,2015-01-23,en,Released
126548,272693,8500000,43528634,100,8.6892,6.759,4504,2015-02-20,en,Released
126577,89247,0,0,80,1.7062,7.159,126,2012-01-10,es,Released
126921,9948,24000000,0,69,9.5662,6.019,728,2006-11-09,en,Released
127052,20875,0,0,95,2.9601,7.486,525,1965-08-16,ru,Released
127096,227719,12000000,33200000,106,8.1104,6.816,2970,2015-01-28,en,Released
127098,321594,0,0,66,1.4089,7.346,211,2015-01-27,en,Released
127108,167073,11000000,62076141,111,8.6047,7.293,3319,2015-10-20,en,Released
127114,249688,0,3002884,106,4.8849,7.01,629,2015-07-31,en,Released
127116,309299,0,224145,97,4.2668,6.494,498,2015-10-16,en,Released
127130,309245,0,2500431,84,3.0987,6.465,608,2015-08-14,en,Released
127132,309503,0,0,103,3.5758,5.5,174,2015-08-28,en,Released
127134,232572,8000000,37461274,104,5.3372,6.113,797,2015-09-02,en,Released
127136,245706,0,5261595,99,5.8141,6.264,2116,2015-04-17,en,Released
127146,319075,0,0,132,4.5238,7.622,763,2015-03-23,en,Released
127152,318224,0,0,120,4.9481,7.577,887,2015-01-25,en,Released
127164,318044,0,0,101,2.3523,7.397,398,2015-01-22,en,Released
127172,194537,0,0,105,1.2347,7.1,25,2013-05-17,en,Released
127180,125336,,,,,,,,,
127184,283330,0,65460,131,3.5174,5.811,148,2014-11-19,fr,Released
127194,308638,447524,771317,101,4.2553,4.901,268,2015-05-08,en,Released
127198,308639,7000000,17986781,103,6.2431,7.04,1624,2015-06-19,en,Released
127202,308369,0,0,105,8.1225,7.529,2825,2015-06-12,en,Released
127204,308024,0,1100000,79,3.7531,5.94,372,2015-06-19,en,Released
127212,308032,0,643557,122,7.1455,6.801,1014,2015-07-17,en,Released
127298,110390,0,1472431,101,3.2786,6.852,508,2014-10-24,sv,Released
127319,72784,14000000,10100000,103,13.1169,6.4,1606,2014-10-14,en,Released
127323,307663,10000000,0,96,8.8603,4.367,592,2015-01-16,en,Released
127390,278468,,,,,,,,,
128087,102959,0,0,103,1.9903,4.625,8,1972-05-30,it,Released
128089,27866,0,0,72,1.8948,7.326,158,2009-02-03,en,Released
128097,216553,0,0,61,1.2283,6.1,15,2013-08-23,en,Released
128099,289333,0,0,76,1.3879,7.557,168,2014-08-29,en,Released
128197,89292,0,306976,95,1.2824,5.8,13,1992-01-31,en,Released
128360,273248,44000000,155760117,188,24.8569,7.756,15623,2015-12-25,en,Released
128366,251016,0,0,71,1.6552,6.8,20,2014-01-17,en,Released
128488,265208,30000000,6738764,92,15.3512,5.7,1993,2015-01-14,en,Released
128512,286565,12000000,85500000,109,9.9176,6.155,5236,2015-06-18,en,Released
128520,252838,23000000,79799880,101,12.7485,6.46,1737,2015-01-16,en,Released
128542,290999,160000,111141,98,2.6499,6.067,528,2014-09-19,en,Released
128592,241251,4000000,52425855,91,7.7686,4.949,2137,2015-01-23,en,Released
128594,263105,0,0,95,2.1429,6.632,117,2014-06-28,en,Released
128620,320007,0,3191971,138,4.598,7.578,1402,2015-06-11,de,Released
128695,248933,6875270,0,115,3.8347,7.027,437,2014-02-13,de,Released
128736,37058,0,0,32,1.7,7.185,200,2010-03-01,en,Released
128832,206296,3500000,292092,94,2.3065,5.8,350,2014-11-03,en,Released
128838,201085,55000000,74700000,119,13.233,6.66,5354,2015-10-13,en,Released
128842,300803,0,0,97,4.5088,5.385,273,2015-02-24,en,Released
128852,17870,0,0,65,1.9373,7.423,117,1999-07-10,en,Released
128900,195862,0,0,76,1.0511,7.3,6,1996-12-05,pt,Released
128902,105554,0,0,112,0.6963,5.5,8,2010-12-31,en,Released
128908,117098,0,0,93,1.9943,6.353,58,2011-09-23,en,Released
128914,259395,0,0,74,1.1359,7.5,62,2014-03-15,en,Released
128944,11425,7000000,0,74,7.1431,5.432,753,1997-07-01,en,Released
128968,15567,0,0,63,9.216,6.438,801,2003-09-10,en,Released
128975,243938,36000000,64800000,93,6.5497,5.188,1036,2015-02-20,en,Released
128991,269711,0,0,5,1.123,7.4,59,2014-05-08,ko,Released
129011,13590,0,0,99,0.0133,7.345,55,1997-11-17,en,Released
129229,286873,0,3005082,97,4.3096,5.439,369,2014-10-23,en,Released
129250,325358,20000000,0,99,7.3286,5.133,528,2015-03-05,en,Released
129313,179150,0,423619,87,2.4814,7.055,560,2015-02-18,fr,Released
129333,278632,0,2710,95,1.9639,4.789,83,2015-01-03,en,Released
129354,256591,50100000,153962963,105,12.8339,6.867,8419,2015-02-25,en,Released
129397,119569,0,0,12,4.6618,6.425,644,2012-08-29,en,Released
129428,268238,10000000,85979176,122,6.5271,6.419,786,2015-02-26,en,Released
129514,13643,0,0,70,2.9567,7.909,149,2008-03-01,en,Released
129657,290764,11000000,593683,94,8.7043,6.012,1135,2015-01-15,en,Released
129659,228203,17200000,45710059,128,6.4764,7.488,971,2015-02-20,en,Released
129737,239573,35000000,14431253,91,5.5636,5.445,893,2015-03-05,en,Released
129779,196750,0,0,58,4.8395,7.012,241,2013-06-22,ja,Released
129937,241554,50000000,71561644,114,16.6114,6.437,3046,2015-03-11,en,Released
130050,279972,0,0,88,2.481,5.435,161,2015-02-20,en,Released
130052,112454,0,4381603,99,5.2896,5.8,1491,2014-11-13,en,Released
130073,150689,95000000,543514353,105,22.9658,6.825,7513,2015-03-06,en,Released
130083,228968,0,2633527,95,5.9551,6.025,681,2015-03-12,en,Released
130087,238215,10000000,6500000,99,7.9258,5.873,1844,2014-09-11,en,Released
130444,175774,0,5524381,122,3.4279,6.93,1161,2013-03-14,de,Released
130450,266647,150000000,128388320,111,10.1322,5.956,2886,2015-09-24,en,Released
130452,252512,10000000,17287309,97,6.6598,6.007,1220,2015-03-27,en,Released
130482,27036,0,0,99,2.4252,6.8,99,1949-07-17,en,Released
130490,262500,110000000,297002527,119,20.391,6.36,10602,2015-03-18,en,Released
130498,39385,4000000,29456000,100,2.1397,6.272,561,1997-04-01,fr,Released
130518,213110,0,0,22,1.9911,6.833,51,2006-08-20,en,Released
130520,228161,135000000,368871007,94,19.3624,6.791,4320,2015-03-18,en,Released
130576,245703,18000000,7112282,112,6.9902,6.262,2105,2016-02-18,en,Released
130578,266396,40000000,13644292,115,8.8242,5.756,1059,2015-02-16,en,Released
130634,168259,190000000,1515400000,138,21.0763,7.212,11495,2015-04-01,en,Released
130686,293970,0,4500000,91,6.4465,6.385,1439,2015-10-09,en,Released
130840,241855,0,49970,110,3.1146,6.63,822,2014-10-08,en,Released
130842,327029,,,,,,,,,
130970,13015,0,0,74,2.6577,7.5,112,2005-11-05,en,Released
130976,184155,7720000,29523237,134,1.0423,6.748,153,2013-04-17,ru,Released
130978,32334,0,0,107,1.9596,7.573,151,1984-01-07,ru,Released
131013,257091,40000000,111800000,100,9.8007,6.016,2977,2015-03-26,en,Released
131023,305091,0,0,97,2.7564,6.878,238,2014-07-31,en,Released
131098,238302,7500000,0,83,4.4104,5.188,109,2013-11-05,en,Released
131104,33436,0,0,115,3.7913,7.266,314,1969-03-07,fr,Released
131130,24696,0,0,46,5.5413,6.8,174,2007-10-02,en,Released
131237,35428,1950000,12005838,93,1.4952,7.203,204,2010-03-04,ru,Released
131439,237756,0,0,90,5.0532,5.633,596,2015-04-10,en,Released
131480,298093,0,0,104,2.936,5.9,232,2014-12-20,en,Released
131578,44664,3539484,13109200,103,1.8389,4.639,36,1993-04-08,en,Released
131610,46836,0,235262,86,2.1022,5.4,14,1986-11-14,en,Released
131656,263109,25000000,106209378,85,12.1518,6.986,1559,2015-02-05,en,Released
131714,308504,40000000,3643591,115,8.3248,6.375,1185,2015-04-03,en,Released
131724,321640,,,,,,,,,
131739,321528,0,0,80,7.4965,7.219,1022,2015-04-03,en,Released
131749,268523,0,0,93,2.0189,6.557,209,2014-05-07,fr,Released
131796,304357,11000000,61619773,109,8.8224,7.268,1482,2015-03-20,en,Released
131826,320996,0,0,71,1.4818,6.717,90,2015-01-23,en,Released
131920,228108,0,0,100,4.0591,6.81,414,2014-10-24,en,Released
131934,30296,0,0,99,2.6933,4.481,26,1986-11-01,en,Released
132046,158852,190000000,209200000,130,17.04,6.312,7509,2015-05-19,en,Released
132084,335145,0,0,95,2.6799,5.444,9,1995-11-17,en,Released
132153,253303,10000,13684,97,2.1266,5.386,66,2015-03-06,en,Released
132157,256961,38000000,107597242,94,13.135,5.173,1724,2015-04-16,en,Released
132333,278990,0,0,124,1.0828,6.733,15,2014-06-27,en,Released
132335,270400,0,0,91,2.6482,7.076,489,2014-11-12,fr,Released
132362,14572,2000000,0,113,4.3344,7.394,156,1993-08-14,ja,Released
132422,278316,1420000,0,123,2.6192,4.743,72,2015-02-13,en,Released
132424,228205,34000000,63013281,128,8.715,7.637,3373,2015-04-09,en,Released
132454,254936,0,0,85,1.9111,5.9,41,2014-02-10,en,Released
132462,313074,0,0,86,2.3508,4.839,93,2015-06-07,en,Released
132488,319389,0,0,100,1.9993,5.0,75,2014-04-24,en,Released
132496,256924,10000000,10835752,107,9.1418,6.731,597,2015-03-19,en,Released
132584,50794,0,0,94,5.4986,5.87,146,2003-06-13,en,Released
132618,192712,0,0,90,5.5359,4.329,278,2014-06-13,en,Released
132660,332340,0,3000000,88,5.2681,6.57,1088,2015-05-29,en,Released
132796,254128,110000000,473990832,114,21.7405,6.25,9209,2015-05-27,en,Released
132800,284537,0,0,87,2.5484,5.9,347,2015-05-01,en,Released
132888,300302,0,0,70,2.6618,7.163,129,2013-09-02,en,Released
133115,268159,0,0,75,0.8823,6.324,17,2014-04-23,en,Released
133195,249070,35000000,81967450,96,11.4342,5.9,3368,2015-08-20,en,Released
133217,335819,0,358590,92,0.8298,5.2,27,2015-03-19,ru,Released
133281,275601,18000000,41325328,100,7.5278,5.781,748,2015-07-10,en,Released
133365,306482,0,0,98,1.78,6.112,116,2015-04-29,en,Released
133377,301728,0,0,110,2.1052,5.222,401,2015-04-11,en,Released
133419,254470,29000000,287144079,115,18.035,6.84,5584,2015-05-07,en,Released
133545,258099,0,0,95,4.1396,6.395,381,2015-04-24,en,Released
133645,258480,11800000,40272135,118,9.2451,7.5,4041,2015-11-20,en,Released
133712,31139,0,0,159,1.92,7.83,274,1977-10-26,ru,Released
133716,42279,0,0,19,1.2094,7.33,144,1961-01-08,ru,Released
133771,254320,4000000,15700000,119,15.3605,7.021,7091,2015-10-15,en,Released
133780,256057,0,0,111,1.0853,7.552,165,2014-04-17,es,Released
133782,287424,4000000,187112,95,8.2637,5.409,1712,2015-05-08,en,Released
133798,268920,35000000,51680201,87,11.8658,5.74,1766,2015-05-08,en,Released
133802,223485,2000000,1617522,84,4.0087,6.683,1081,2015-05-15,en,Released
133832,171424,5000000,12931420,100,7.6302,5.746,1638,2014-09-04,en,Released
133867,248574,15000000,933847,98,8.883,5.706,1126,2015-04-23,en,Released
133879,5061,0,0,97,2.5631,6.7,63,1967-03-02,en,Released
134004,25973,0,0,93,2.2707,5.3,34,2007-03-23,en,Released
134019,47759,0,0,114,3.3121,7.753,97,1961-07-25,zh,Released
134021,259954,0,0,98,3.8878,7.106,421,2014-04-19,en,Released
134041,20870,0,0,92,2.0752,7.7,164,1975-10-13,ru,Released
134095,104522,0,0,26,2.9921,7.0,59,2006-04-08,ru,Released
134109,25936,4000000,0,98,1.0682,7.202,121,2008-03-20,ru,Released
134130,286217,108000000,631058917,141,33.4017,7.708,21836,2015-09-30,en,Released
134158,333381,0,0,95,4.7871,6.108,1291,2015-05-31,en,Released
134170,251516,630019,0,32,6.0101,7.481,2012,2015-05-22,en,Released
134184,20963,0,0,122,1.7448,7.112,129,2007-10-18,ru,Released
134214,310593,13360000,2000000,125,12.5034,6.902,2269,2015-05-20,it,Released
134246,334074,20000000,0,96,12.2795,5.704,1109,2015-05-21,en,Released
134248,318256,0,0,84,4.9505,6.105,762,2015-01-24,en,Released
134252,27937,0,0,142,1.5119,7.651,93,1979-12-31,ru,Released
134326,10986,0,0,104,5.5401,7.151,527,1980-12-20,it,Released
134334,20359,4000000,15360000,155,1.9386,6.925,161,2006-06-09,hi,Released
134368,238713,65000000,235666219,120,14.1358,6.831,6535,2015-05-06,en,Released
134393,271718,35000000,140795793,125,13.2231,5.777,2771,2015-07-17,en,Released
134515,17381,980385,2536531,92,5.38,5.6,164,1983-12-29,en,Released
134524,280276,0,0,98,2.5576,7.433,30,2014-08-12,en,Released
134528,222936,37000000,26250020,105,7.17,5.514,2189,2015-05-29,en,Released
134775,300168,65000000,121545703,127,3.9196,6.412,652,2015-02-19,zh,Released
134783,188222,30000000,49263404,104,10.6128,6.237,1137,2015-06-03,en,Released
134796,321109,0,0,135,1.9446,7.582,98,2015-01-24,en,Released
134808,343371,0,0,98,1.7284,5.06,25,2015-06-06,en,Released
134847,86541,0,1438697,88,3.8654,6.586,226,2012-02-03,es,Released
134849,53210,0,0,7,2.4837,8.095,257,1953-02-28,en,Released
134853,150540,175000000,857611174,95,55.6002,7.906,23909,2015-06-17,en,Released
134859,307931,0,1301696,89,1.5343,6.747,328,2015-06-12,en,Released
134861,250556,0,0,69,1.538,7.0,43,2013-07-05,en,Released
134881,271714,10000000,28600000,120,5.3919,7.062,786,2015-05-29,en,Released
135133,131634,160000000,653428261,137,26.9163,6.9,13595,2015-11-18,en,Released
135137,257344,88000000,244874809,106,24.0337,5.788,8204,2015-07-16,en,Released
135143,259316,180000000,809342332,133,29.2233,7.308,20001,2016-11-16,en,Released
135198,42293,0,0,106,1.1981,6.1,30,2010-02-14,de,Released
135216,74849,1000000,0,97,3.849,3.4,523,1978-11-17,en,Released
135288,280996,11000000,29355203,104,10.0087,6.475,2001,2015-06-19,en,Released
135436,328111,75000000,875457937,86,8.6066,6.327,8673,2016-06-18,en,Released
135456,18839,0,0,160,4.1324,7.671,146,2005-09-23,ja,Released
135518,238615,26000000,31807156,117,18.2702,6.4,3371,2015-07-10,en,Released
135532,274854,90000000,146936910,106,13.7227,6.026,3952,2015-10-21,en,Released
135534,287903,15000000,61800000,98,10.4579,6.206,2459,2015-11-26,en,Released
135536,297761,175000000,749200054,122,22.097,5.917,22438,2016-08-03,en,Released
135567,47933,165000000,389681935,120,13.5601,5.367,6611,2016-06-22,en,Released
135569,188927,185000000,343471816,122,20.3679,6.791,7265,2016-07-07,en,Released
135777,19670,1800000,4900000,150,1.2586,6.8,150,2006-07-14,hi,Released
135787,37588,0,0,100,3.0676,7.326,109,2000-10-22,en,Released
135803,41378,0,0,108,2.2953,6.833,96,1982-04-21,zh,Released
135815,141131,0,0,106,1.3806,7.182,12,1979-09-20,zh,Released
135861,214756,68000000,215863606,115,34.4653,6.327,8174,2015-06-25,en,Released
135885,86828,0,6303792,85,9.5897,5.914,1691,2015-02-13,en,Released
135887,211672,74000000,1159457503,91,20.7364,6.425,11321,2015-06-17,en,Released
135937,10450,3000000,0,81,3.1631,4.849,212,1994-03-11,it,Released
136012,36692,0,0,91,3.7123,5.431,109,1996-12-05,en,Released
136016,105864,175000000,332207671,93,38.1362,6.754,6161,2015-11-14,en,Released
136018,261023,53000000,99975678,123,14.1052,6.524,3682,2015-09-17,en,Released
136020,206647,245000000,880707597,148,18.3104,6.572,11489,2015-10-26,en,Released
136024,17922,0,0,91,3.1205,6.247,85,1983-05-28,ja,Released
136297,72886,0,0,39,2.2029,3.9,40,1995-08-28,en,Released
136305,331446,0,0,88,4.7259,4.6,545,2015-07-22,en,Released
136341,16390,0,0,74,4.8125,7.618,287,2009-04-07,en,Released
136353,12902,0,0,74,8.0527,7.296,477,2004-05-20,en,Released
136355,119321,0,0,81,6.9379,7.639,223,2012-10-09,en,Released
136359,36972,0,0,49,2.8404,7.444,153,1979-12-23,en,Released
136443,20720,0,0,60,1.7373,7.516,96,2007-08-04,en,Released
136445,34509,0,0,60,1.5426,7.706,80,1996-03-30,en,Released
136447,34513,0,0,65,3.2757,7.76,102,1999-02-06,en,Released
136449,14092,0,0,85,5.8447,7.369,474,2008-07-12,ja,Released
136469,261414,0,0,59,2.7989,7.466,104,1999-10-17,en,Released
136471,74510,0,7706436,89,2.1733,7.044,158,2011-09-09,en,Released
136503,60293,0,0,74,6.0757,6.89,177,2006-08-21,en,Released
136511,300685,0,0,83,1.3096,6.212,26,2014-11-18,en,Released
136540,85860,0,0,83,1.3086,4.956,34,2011-03-13,en,Released
136556,81003,0,0,24,5.4168,6.5,283,2011-12-12,en,Released
136562,321697,30000000,34441873,123,8.9011,6.772,4457,2015-10-09,en,Released
136564,225728,15000000,16322067,113,6.3206,6.429,1549,2015-09-22,en,Released
136598,296099,31000000,104400000,99,13.2984,6.302,4080,2015-07-28,en,Released
136602,250574,420,0,82,6.0827,6.406,1717,2014-03-08,en,Released
136654,254024,0,0,100,3.7625,5.0,191,2014-09-06,en,Released
136664,324333,0,0,100,3.7159,4.821,106,2015-06-05,en,Released
136666,239568,20000000,0,93,2.7499,5.337,208,2014-10-30,en,Released
136778,312796,0,0,95,2.1447,5.125,12,2015-04-17,en,Released
136786,317744,8000000,82230,91,4.3066,6.126,442,2015-05-06,en,Released
136800,240483,21000000,0,90,6.0073,4.822,283,2015-01-29,en,Released
136816,309887,5300000,0,85,4.1214,5.928,152,2015-03-06,en,Released
136834,33723,0,0,86,4.428,5.1,81,2005-03-24,cn,Released
136838,38918,0,0,95,1.7203,5.864,11,2006-03-30,de,Released
136840,217412,0,0,101,1.6737,6.3,56,2013-09-12,de,Released
136850,30341,0,0,98,1.7252,6.1,48,1971-05-26,en,Released
136859,79698,27000000,0,109,3.1381,4.776,76,2015-03-13,en,Released
136864,209112,250000000,874362803,152,31.719,6.012,19381,2016-03-23,en,Released
136912,128767,0,0,99,1.5674,5.425,40,2012-08-04,el,Released
136958,44859,0,0,92,3.1057,5.206,90,1982-05-07,en,Released
137218,88673,0,0,100,1.5633,5.7,17,1988-04-24,en,Released
137337,331781,0,23706386,128,5.8075,7.572,1333,2015-07-02,en,Released
137345,253622,0,0,112,2.0376,5.614,79,2014-04-17,cn,Released
137517,29419,0,0,86,2.0802,2.895,38,1983-03-04,en,Released
137595,264999,14800000,117800000,115,8.8335,6.147,1882,2015-07-01,en,Released
137857,278927,175000000,966550600,106,23.7054,6.879,8642,2016-04-07,en,Released
137859,65973,,,,,,,,,
137863,303857,5000000,61768190,93,10.5433,6.902,2078,2015-04-18,ja,Released
138036,203801,75000000,110045109,116,17.3658,7.077,7053,2015-08-13,en,Released
138186,337879,0,0,91,1.0246,4.5,10,2015-04-21,en,Released
138204,287689,0,0,43,5.7281,6.49,437,2015-07-08,en,Released
138208,285783,35000000,61181942,123,12.9563,6.989,3452,2015-09-30,en,Released
138210,300671,50000000,69411370,144,16.8245,7.279,4066,2016-01-14,en,Released
138396,158182,0,1279336,109,1.2489,6.3,25,2013-01-21,it,Released
138546,301748,3300000,50206,96,4.1617,4.5,53,2015-01-22,en,Released
138610,299245,100000,42964410,81,5.0322,4.942,1008,2015-07-09,en,Released
138632,240566,0,1359031,116,4.4581,6.54,164,2014-08-30,ja,Released
138702,293299,0,0,6,3.6761,7.823,923,2014-10-25,en,Released
138798,335970,0,0,107,4.4987,4.894,180,2015-07-16,en,Released
138835,49418,0,0,107,2.0537,7.7,135,1988-03-24,ru,Released
138966,60843,0,0,47,2.1937,7.1,34,2003-06-26,ja,Released
139052,182560,20000000,5090852,113,7.5503,5.946,1391,2015-04-08,en,Released
139130,62931,,,,,,,,,
139157,329134,0,0,151,1.4232,5.0,47,2015-05-29,ta,Released
139385,281957,135000000,532950503,157,29.0265,7.5,19722,2015-12-25,en,Released
139415,282984,11000000,27391084,95,5.9408,6.52,2516,2015-07-17,en,Released
139511,21784,0,0,108,1.8038,5.933,127,2007-02-17,ja,Released
139640,326215,6000000,22783699,85,8.7248,6.4,351,2015-03-26,en,Released
139642,307081,30000000,91709827,123,16.0233,7.362,5938,2015-07-22,en,Released
139644,273481,30000000,84997446,122,24.2617,7.4,9886,2015-09-17,en,Released
139655,284303,0,2193474,100,4.2226,6.677,1739,2015-01-08,de,Released
139717,346592,0,0,91,2.3754,4.5,20,2014-07-24,en,Released
139747,283350,0,37151,95,6.6758,6.741,1920,2014-09-04,en,Released
139855,291270,8000000,5700000,91,4.7074,7.09,1874,2015-12-30,en,Released
139857,318781,14000000,3621046,106,8.2082,7.247,2024,2016-02-12,de,Released
139859,212168,0,0,57,5.0053,7.021,163,2013-11-29,ja,Released
139915,253344,0,2400000,99,4.5206,5.639,621,2014-11-06,en,Released
139994,30459,0,0,88,1.7573,6.102,231,1985-12-20,it,Released
140016,329289,0,714058,91,3.1758,5.151,175,2015-04-07,en,Released
140038,11441,0,0,100,3.1941,6.68,292,1981-12-18,it,Released
140110,257211,35000000,194564672,121,20.8677,7.226,7497,2015-09-23,en,Released
140133,27412,23000,0,75,4.5265,5.674,121,1988-03-01,en,Released
140162,292431,3000000,249083,134,9.1968,6.456,2726,2015-07-15,fr,Released
140174,264644,13000000,35401758,118,11.3869,7.986,9851,2015-10-16,en,Released
140237,277546,6000000,0,90,4.565,4.888,197,2015-08-07,en,Released
140247,328425,5000000,58978653,108,8.7177,6.703,3581,2015-07-31,en,Released
140265,25161,0,0,59,1.6424,7.966,89,1992-04-25,en,Released
140267,310131,4000000,40423945,92,19.9604,7.003,7885,2016-02-19,en,Released
140289,296313,0,4765472,104,4.0007,6.517,259,2015-02-05,da,Released
140301,351964,0,0,88,6.912,5.959,461,2015-11-05,en,Released
140359,281979,0,0,62,2.2544,7.927,240,2009-11-15,en,Released
140481,278604,,,,,,,,,
140523,298312,5000000,98450062,94,10.3653,6.316,5298,2015-09-10,en,Released
140525,290751,19500000,34854990,111,8.1745,6.363,1467,2015-10-14,en,Released
140541,143634,0,0,9,1.3924,6.172,67,1908-11-14,es,Released
140561,343295,0,0,51,0.939,7.148,27,2015-06-13,en,Released
140627,332270,5000000,0,110,4.5147,7.277,514,2015-04-02,ru,Released
140711,261392,28000000,27100000,96,11.2699,6.106,3024,2015-08-19,en,Released
140715,277216,28000000,201634991,147,12.6157,7.771,4305,2015-08-11,en,Released
140725,310133,800000,143658,88,5.3981,5.989,943,2015-07-08,en,Released
140737,134777,,,,,,,,,
140816,308084,100000,925000,87,4.203,6.862,829,2015-07-10,en,Released
140850,258284,0,103536,93,3.6293,6.158,373,2014-04-20,en,Released
140852,50162,0,0,97,2.7861,5.971,104,1991-09-14,ja,Released
140928,274479,60000000,101134059,124,9.5415,6.552,4351,2015-12-24,en,Released
140956,333339,175000000,607274134,140,26.4442,7.586,17378,2018-03-28,en,Released
141004,228066,40000000,34200000,110,7.9003,5.956,2323,2015-11-10,en,Released
141131,354556,5400000,15065483,89,4.7814,5.014,832,2017-02-14,ru,Released
141400,48297,0,0,106,2.4187,6.465,43,1978-11-19,zh,Released
141408,273477,15000000,14900000,93,16.4247,6.6,2200,2015-10-23,en,Released
141422,245168,14000000,16002420,106,7.6173,7.184,1689,2015-10-16,en,Released
141513,253255,0,0,95,1.335,5.6,39,2014-03-08,en,Released
141544,310135,0,67132,95,2.8277,6.491,803,2015-08-14,en,Released
141646,287241,0,0,88,1.4881,5.3,39,2014-09-01,en,Released
141668,323272,3000000,73267874,120,4.5951,7.853,600,2015-08-28,en,Released
141688,276907,25000000,42972994,132,13.417,7.045,4407,2015-09-09,en,Released
141718,323373,0,14685,86,3.4231,6.25,665,2015-08-28,en,Released
141749,306819,15000000,64200000,119,11.0129,7.537,6018,2015-11-27,en,Released
141799,241843,0,581011,88,6.3291,5.908,838,2014-10-10,en,Released
141810,27924,0,0,89,1.6389,7.1,70,1979-11-23,ru,Released
141816,27934,,,,,,,,,
141818,27935,0,0,137,1.1059,7.347,85,1978-10-02,ru,Released
141820,46010,0,0,92,1.2742,7.2,58,1972-08-07,ru,Released
141830,57778,0,0,102,1.6241,7.25,146,1974-01-31,ru,Released
141836,42275,0,0,92,1.4647,7.3,78,1975-10-23,ru,Released
141844,31648,0,0,161,1.5694,7.651,182,1971-06-21,ru,Released
141846,324308,0,494506,129,3.1698,6.562,260,2015-08-07,en,Released
141866,313922,5000000,3800000,95,9.6847,6.72,3042,2016-04-15,en,Released
141890,283587,6000000,9077700,137,6.6708,7.585,1930,2015-09-11,en,Released
141928,317981,0,0,84,1.8406,5.566,211,2015-08-28,en,Released
141994,295884,500000,2783970,79,1.7072,1.824,105,2014-11-14,en,Released
142020,2798,0,0,85,3.3243,7.318,549,1967-10-11,fr,Released
142056,230896,0,0,71,5.1738,5.9,222,2013-12-03,en,Released
142074,263472,2500000,6341684,99,13.9606,5.39,3579,2015-06-26,en,Released
142115,200813,,,,,,,,,
142196,32285,0,0,86,1.8053,4.3,41,2009-11-22,en,Released
142222,303991,10000000,4366460,101,10.2769,6.86,2622,2016-04-06,en,Released
142366,327389,0,0,59,2.5492,7.3,146,2005-12-16,en,Released
142372,10317,28000000,7002261,107,5.1856,5.866,537,2015-09-11,en,Released
142420,254302,0,4289074,119,7.2683,5.607,1291,2015-11-22,en,Released
142422,296100,25000000,52395996,101,6.8993,6.089,1877,2015-11-20,en,Released
142424,334538,0,9995,101,5.1198,5.827,738,2016-06-03,en,Released
142444,285840,0,0,95,1.6999,5.632,129,2014-09-11,en,Released
142448,253412,55000000,203427584,121,12.7182,6.828,5357,2015-09-10,en,Released
142456,330764,8700000,15709652,114,5.6724,6.65,1791,2015-09-02,fr,Released
142488,314365,20000000,98690254,129,16.2512,7.812,8981,2015-11-06,en,Released
142507,245698,19000000,5578519,115,8.0242,6.743,1095,2015-09-16,en,Released
142509,325348,2000000,16810562,97,11.0923,6.425,2771,2015-09-12,en,Released
142536,295964,20000000,36606743,100,12.3662,6.525,3635,2015-10-02,en,Released
142550,315841,0,11757243,125,1.9722,6.2,69,2015-04-25,ja,Released
142558,18303,0,0,105,2.4469,5.739,115,2002-11-27,fr,Released
142598,296065,0,0,87,4.5986,6.274,749,2014-10-25,en,Released
142602,329263,0,83027924,115,2.8645,6.459,1024,2015-09-10,de,Released
142831,19636,0,0,142,1.7359,6.0,106,2005-11-03,hi,Released
142961,277967,0,0,123,1.6559,7.076,85,2015-03-05,de,Released
142997,159824,80000000,473200000,89,19.9991,6.765,6255,2015-09-21,en,Released
143001,330206,0,0,116,1.576,5.214,49,2015-05-01,en,Released
143031,13968,0,0,84,3.5071,6.357,424,2007-01-12,en,Released
143245,309809,64000000,101281211,106,15.8027,7.624,3036,2015-07-29,en,Released
143255,301228,1500000,0,96,2.5811,4.688,77,2015-09-25,en,Released
143257,330112,0,4631,102,3.3296,6.202,471,2015-04-19,en,Released
143355,297762,149000000,823970682,141,25.5067,7.202,21220,2017-05-30,en,Released
143365,339988,18000000,40651864,110,9.8434,5.522,4653,2017-04-27,en,Released
143367,68730,46000000,23834809,161,12.2277,7.118,3408,2016-12-23,en,Released
143385,296098,40000000,165478348,141,17.8285,7.243,7430,2015-10-15,en,Released
143410,316042,0,87768,120,3.3733,6.853,276,2015-10-09,en,Released
143458,273197,0,0,104,1.8038,6.709,103,2014-04-29,zh,Released
143472,244316,10000000,0,94,4.9512,5.4,328,2015-02-27,en,Released
143511,359364,15483821,0,191,6.4015,8.432,314,2015-09-12,fr,Released
143525,319996,0,0,106,1.3432,6.4,11,2015-06-27,ja,Released
143559,323792,0,0,86,1.865,4.8,48,2015-06-12,en,Released
143859,270487,22000000,63647656,106,14.4467,5.942,4090,2016-02-05,en,Released
143896,319073,0,0,110,1.6175,7.083,36,2014-12-12,en,Released
143969,318917,3196621,25513752,116,6.7524,6.792,1966,2015-10-08,de,Released
144210,259985,0,0,75,0.9639,6.92,25,2014-04-27,en,Released
144222,230211,0,0,87,1.2319,6.093,123,2013-12-05,nl,Released
144262,333287,0,0,96,2.1727,5.764,72,2015-08-19,en,Released
144352,141819,0,0,135,1.8317,6.976,83,2013-09-13,ja,Released
144478,211005,0,0,110,1.6729,6.1,37,2013-08-29,da,Released
144522,5846,0,1831166,122,1.4995,6.25,54,2003-12-05,ja,Released
144606,4912,30000000,33013805,113,7.7283,6.671,1310,2002-12-31,en,Released
144620,257445,58000000,158952243,103,11.2097,6.319,4067,2015-08-05,en,Released
144714,304372,12000000,60273173,100,4.9428,5.737,344,2015-09-11,en,Released
144716,253414,15000000,3020664,100,4.0872,5.383,384,2015-10-22,en,Released
144734,218784,33000000,70958,92,6.0743,6.119,631,2015-10-30,en,Released
144976,294963,1800000,475846,133,11.2592,6.891,2639,2015-10-23,en,Released
145080,329020,0,0,73,1.6535,6.5,134,2015-06-25,en,Released
145150,298382,11930000,25003426,118,8.7207,6.997,1789,2015-10-29,en,Released
145283,291343,0,0,106,1.3831,7.4,54,2014-09-18,de,Released
145418,294016,15000000,8235661,124,6.5701,7.17,1726,2015-10-27,en,Released
145491,34729,2200000,0,89,3.1377,6.0,289,2000-05-18,en,Released
145724,74836,0,0,86,1.8985,5.017,30,1973-06-15,en,Released
145745,268788,0,0,90,1.2708,3.143,7,1999-05-02,en,Released
145839,321741,35000000,50400000,123,10.4996,7.077,2772,2015-11-12,en,Released
145935,227973,99000000,246233113,88,14.1089,6.988,1843,2015-11-05,en,Released
145951,36693,0,0,100,2.696,4.849,86,1999-03-30,en,Released
145994,27940,0,0,90,1.5761,7.463,80,1984-12-30,ru,Released
146024,45227,0,0,98,1.5724,7.1,105,1987-06-23,ru,Released
146028,84254,0,0,74,2.655,7.35,137,1981-07-25,ru,Released
146210,288171,0,0,90,2.8899,5.575,326,2016-02-02,en,Released
146244,13986,1300000,11000000,179,2.3268,6.906,197,1997-10-30,hi,Released
146309,315465,0,49714378,119,6.4149,7.909,1645,2015-07-11,ja,Released
146656,312221,37000000,173600000,133,19.7554,7.407,8129,2015-11-25,en,Released
146662,91417,0,0,22,5.3136,7.3,442,2011-11-15,en,Released
146682,324325,0,0,90,1.1099,7.3,142,2015-07-17,en,Released
146684,367326,0,0,5,2.1095,6.486,147,2015-11-06,en,Released
146688,339527,0,22586863,101,10.0804,6.448,2437,2015-09-03,en,Released
146730,360203,25000,25000,95,3.3118,5.909,115,2015-11-06,en,Released
146986,53179,0,0,95,2.4174,6.04,198,1981-10-28,fr,Released
147002,39850,0,1553020,109,6.0403,5.7,150,2004-12-03,en,Released
147142,19100,7508646,10890811,103,3.091,7.346,1131,2006-06-28,fr,Released
147196,20975,0,0,96,1.9214,7.525,118,1962-03-07,ru,Released
147250,127605,,,,,,,,,
147282,83456,0,17808683,95,1.1094,6.379,112,2011-12-29,ru,Released
147286,127608,0,0,151,1.3001,7.516,63,1983-06-25,ru,Released
147300,270393,0,0,149,2.4182,7.143,56,1987-04-01,ru,Released
147326,126846,0,0,63,1.043,7.6,67,1980-09-08,ru,Released
147328,72093,,,,,,,,,
147330,72095,,,,,,,,,
147372,317182,0,0,57,2.8435,7.723,262,2014-12-25,en,Released
147374,315623,0,0,59,3.0884,7.027,148,2011-12-25,en,Released
147376,315620,0,0,62,2.482,7.96,250,2010-12-25,en,Released
147378,282963,0,0,59,3.1653,7.491,227,2009-04-11,en,Released
147380,317190,0,0,60,2.2268,7.386,237,2008-12-25,en,Released
147382,335209,0,0,72,2.9368,7.586,214,2007-12-25,en,Released
147384,282758,0,0,60,5.5683,7.813,254,2006-12-25,en,Released
147410,321751,0,1702433,106,6.8495,6.682,695,2015-08-28,en,Released
147657,63441,0,0,92,1.4517,6.9,35,1981-05-15,zh,Released
147662,48300,0,0,106,2.3464,6.6,103,1969-02-28,zh,Released
147936,104515,0,0,103,0.9768,6.4,9,1999-01-28,hu,Released
148166,339751,0,302459,81,2.5822,7.226,257,2015-09-05,en,Released
148172,299687,38000000,109906372,112,17.5606,5.946,6159,2016-01-14,en,Released
148238,364067,0,0,56,3.7263,5.2,468,2015-12-04,en,Released
148424,340275,0,0,127,3.067,5.702,233,2015-12-04,en,Released
148482,300693,9600000,5383097,125,4.6729,6.545,536,2015-10-16,en,Released
148592,323656,400000,0,85,1.7889,5.538,40,2015-09-25,en,Released
148626,318846,28000000,133346506,131,24.5498,7.372,10097,2015-12-11,en,Released
148632,333088,0,0,91,1.8182,5.758,33,2015-11-24,en,Released
148652,347969,60000000,0,119,6.3273,5.242,1572,2015-12-11,en,Released
148667,367735,0,0,62,2.3753,7.717,286,2015-11-13,en,Released
148671,246355,5000,0,10,2.4669,7.038,691,2003-10-16,en,Released
148675,369879,,,,,,,,,
148709,237584,0,8602,93,3.518,5.003,153,2016-01-22,en,Released
148775,26736,0,0,94,9.0035,7.3,1819,2009-08-28,en,Released
148881,303867,0,0,17,1.8988,7.806,373,2015-01-22,en,Released
148888,329833,50000000,56722693,100,9.0932,4.93,2448,2016-02-06,en,Released
148956,259694,38000000,112343513,110,11.8674,6.3,3400,2016-02-08,en,Released
148978,201223,0,5994921,88,3.1835,7.242,184,2012-12-28,ja,Released
148982,26702,0,0,95,2.846,6.3,55,1978-10-31,en,Released
149011,279690,0,0,99,4.4843,6.217,538,2015-12-18,en,Released
149144,282069,0,9649013,109,3.6172,7.045,321,2014-11-29,ja,Released
149146,282070,0,12828829,117,2.8805,6.991,216,2015-04-25,ja,Released
149330,125464,0,0,26,1.5178,5.818,11,1977-12-04,en,Released
149334,340666,22500000,29300000,116,16.4338,7.402,8461,2016-11-04,en,Released
149350,356486,0,0,105,2.4604,5.0,113,2015-10-16,en,Released
149352,274167,50000000,242786137,96,13.1077,6.296,3518,2015-12-25,en,Released
149354,266294,30000000,105000000,118,6.4207,5.958,1498,2015-12-18,en,Released
149380,362886,0,0,84,2.2278,5.787,61,2015-11-01,en,Released
149406,140300,145000000,521170825,95,20.043,6.94,6777,2016-01-23,en,Released
149508,92499,0,0,114,2.4686,7.46,212,2011-12-01,ko,Released
149566,102051,550000,0,103,1.5314,5.6,32,2012-02-24,en,Released
149590,344041,8000000,0,80,5.1642,6.068,346,2016-02-26,en,Released
149612,256687,8000000,0,96,3.4737,5.008,120,2014-04-20,en,Released
149830,58431,28000000,16457494,108,11.0897,6.2,2356,2016-02-04,en,Released
149902,302026,0,0,92,3.0324,4.644,52,2014-10-24,en,Released
150254,354216,0,772319,80,4.0304,6.301,726,2016-12-15,en,Released
150401,325173,3000000,36040116,80,3.1806,6.496,340,2015-11-19,en,Released
150548,370646,,,,,,,,,
150554,32643,0,0,88,3.5766,5.707,159,1997-11-29,en,Released
150596,371759,0,0,60,3.0462,7.991,169,2015-12-25,en,Released
150604,272548,0,0,107,4.1883,6.114,400,2015-03-14,en,Released
150696,371492,0,43471,118,3.4013,7.763,281,2015-11-15,fr,Released
150993,284514,0,0,94,2.8588,5.666,229,2015-09-04,es,Released
151311,326094,0,469311,88,3.1781,5.619,236,2016-06-24,en,Released
151315,323675,40000000,124827316,102,10.974,6.256,1838,2016-01-14,en,Released
151317,312669,2000000,3400000,99,6.334,5.651,410,2016-04-27,en,Released
151455,319888,23000000,46152411,106,9.9228,7.162,2351,2016-02-25,en,Released
151479,222619,0,0,88,2.7672,6.5,32,1991-09-18,en,Released
151501,331962,0,269915,102,9.0575,4.934,596,2016-01-22,en,Released
151557,273899,13500000,187674,129,3.4121,6.0,150,2015-09-18,en,Released
151559,337029,0,0,89,2.7629,5.419,123,2015-08-29,en,Released
151653,340255,0,0,108,1.6297,5.447,19,2016-05-20,en,Released
151687,335778,20000000,46100000,107,9.6886,6.302,977,2016-02-18,en,Released
151695,329004,0,0,104,2.6871,6.236,402,2015-04-15,en,Released
151739,291870,11500000,94100000,102,14.6064,5.941,4674,2016-01-20,en,Released
151745,21266,0,0,81,2.0064,3.6,106,1961-02-20,da,Released
151759,333377,0,44695,73,1.9267,7.704,208,2015-04-18,en,Released
151763,333040,,,,,,,,,
151769,77294,0,0,17,1.7426,7.311,122,1978-06-06,ru,Released
151777,300673,80000000,52099090,117,9.1652,6.598,1799,2016-01-27,en,Released
151781,18874,3200000,0,105,4.2553,7.478,293,2007-09-01,ja,Released
152037,348089,0,0,130,3.0895,7.056,320,2016-01-31,en,Released
152063,205584,140000000,150680864,127,16.1965,5.693,4448,2016-02-25,en,Released
152065,336808,1400000,1320005,125,3.5521,7.67,528,2015-05-25,es,Released
152071,323677,5000000,24804129,134,8.6613,7.259,1647,2016-02-19,en,Released
152077,333371,15000000,110216998,104,14.9356,7.011,8935,2016-03-10,en,Released
152079,267860,60000000,205754447,99,12.9749,6.229,5217,2016-03-02,en,Released
152081,269149,150000000,1025521689,109,39.5044,7.765,18540,2016-02-11,en,Released
152083,279641,35000000,48000000,112,7.1735,6.319,1073,2016-03-04,en,Released
152085,258363,0,4924990,88,3.9758,6.165,403,2015-04-12,en,Released
152091,267193,35000000,28000000,83,9.0108,5.949,2599,2016-02-24,en,Released
152105,20051,0,0,95,1.4816,5.005,92,1971-03-12,en,Released
152173,92060,500000,76000000,14,6.2029,8.249,802,1983-11-21,en,Released
152270,330348,0,0,100,2.2891,6.3,98,2015-09-17,it,Released
152284,378779,,,,,,,,,
152372,354251,0,35000,89,6.0823,5.9,704,2015-09-17,en,Released
152591,365222,36000000,157000000,105,6.3028,7.031,1978,2015-12-24,cn,Released
152658,353609,0,0,91,2.7404,5.4,67,2015-11-17,en,Released
152711,148184,350000,0,56,0.6619,0.0,0,2010-01-01,en,Released
152970,371645,2500000,23900000,101,12.0815,7.644,2400,2016-01-22,en,Released
153070,44351,0,0,43,2.1873,6.698,288,2002-06-09,en,Released
153236,40123,0,0,102,3.0605,6.508,60,2007-07-07,ja,Released
153386,46632,0,0,85,1.3232,7.074,27,1977-11-11,cs,Released
153408,16403,6000000,0,86,1.3172,6.263,19,2008-01-30,sr,Released
154065,332721,0,0,100,4.1995,4.991,226,2016-02-05,en,Released
154358,334495,0,0,90,1.3395,7.408,119,2014-10-26,en,Released
154975,383809,162297,3800000,84,2.1468,7.281,146,2016-02-24,fr,Released
155064,301365,7000000,3400000,118,11.5225,6.49,4024,2016-06-08,en,Released
155168,140554,0,0,95,1.9325,6.804,47,2012-11-06,de,Released
155288,333352,13000000,18704595,102,10.0721,6.999,1791,2015-09-07,en,Released
155358,359025,0,0,103,1.5452,4.858,53,2016-03-04,en,Released
155509,333385,8000000,34694,95,7.9246,6.443,1493,2016-02-29,en,Released
155589,55495,0,0,97,1.0364,6.3,10,1968-08-23,fi,Released
155659,315664,29000000,48902953,110,7.1566,6.651,1555,2016-05-06,en,Released
155743,302688,18000000,90632641,94,5.7785,5.983,1094,2016-03-23,en,Released
155774,314029,1500000,0,101,2.098,6.655,103,2016-01-14,pt,Released
155812,186759,8000000,0,83,5.5096,5.302,713,2016-03-17,en,Released
155820,342521,15000000,20749853,100,5.1041,6.03,1168,2016-04-29,en,Released
155892,254952,0,0,98,2.2885,4.821,42,2016-03-11,en,Released
156025,387893,0,0,25,6.7039,6.377,518,2016-03-19,en,Released
156371,295699,10000000,3400278,117,7.6934,6.376,1243,2016-03-30,en,Released
156387,369557,4000000,13624522,105,7.6013,7.855,2512,2016-03-11,en,Released
156553,351065,0,0,93,2.5366,5.854,113,2016-03-31,en,Released
156605,370755,5000000,2152738,118,8.1791,7.119,2124,2016-11-17,en,Released
156607,290595,115000000,164989338,114,14.3768,6.3,5126,2016-04-06,en,Released
156609,325133,35000000,108007109,92,11.3363,5.817,4693,2016-05-04,en,Released
156675,29398,0,0,97,2.0631,5.667,19,1968-05-01,en,Released
156706,301608,9000000,0,93,6.4596,5.195,555,2016-04-29,en,Released
156726,376570,1000000,0,82,7.5895,6.725,4946,2016-03-12,en,Released
156781,24784,0,0,90,1.2332,7.479,47,2009-11-02,en,Released
156783,49381,0,0,113,1.0694,7.58,44,2010-11-08,en,Released
157108,1659,0,0,86,1.7241,5.969,48,1993-11-11,de,Released
157110,1652,0,0,92,1.3575,6.4,59,1994-12-21,de,Released
157122,353326,10000000,11472454,108,8.3367,7.149,1627,2016-04-08,en,Released
157130,366901,0,0,94,3.9898,5.688,104,2016-01-29,en,Released
157172,7237,0,0,79,1.9833,2.486,35,1989-03-01,en,Released
157200,303858,27000000,93282604,99,16.3457,6.431,3203,2016-05-12,en,Released
157270,326423,20000000,55030051,111,6.2174,6.3,515,2016-04-15,en,Released
157296,127380,200000000,1029266989,97,20.232,7.0,12857,2016-06-16,en,Released
157312,323676,29000000,78844582,99,6.9672,5.8,1420,2016-04-07,en,Released
157340,153518,73000000,349779543,97,19.9453,6.295,4133,2016-05-11,en,Released
157369,327536,0,0,119,1.8319,6.377,57,2015-10-03,ja,Released
157407,332411,18000000,0,92,8.7656,5.786,764,2016-04-14,en,Released
157432,384737,10500000,567064,99,5.8274,5.111,305,2016-07-14,en,Released
157699,302401,40000000,37357216,135,8.739,7.115,4783,2016-09-15,en,Released
157775,34935,0,0,95,3.3781,6.018,28,1996-04-20,ja,Released
157865,234004,20000000,8800000,94,5.4638,5.78,690,2016-04-13,en,Released
158022,386891,0,0,85,0.979,3.5,4,2015-09-30,en,Released
158027,380254,0,0,117,1.5039,6.7,17,2016-01-27,ko,Released
158035,245917,0,15954700,110,3.6295,8.0,155,2013-07-04,ja,Released
158238,290250,50000000,71261763,116,23.0488,7.137,8929,2016-05-15,en,Released
158254,383121,0,0,100,4.9287,4.925,259,2016-05-18,en,Released
158388,3786,3500000,21700000,89,3.2394,6.146,106,1979-03-02,en,Released
158398,44238,0,0,17,1.5608,7.14,93,1991-11-08,sv,Released
158402,380111,10000000,27305571,138,4.3993,6.9,306,2016-04-21,ru,Released
158528,332567,17000000,119100758,86,14.3538,6.354,5434,2016-06-24,en,Released
158721,13099,0,0,114,2.2333,5.384,69,1999-06-18,cn,Released
158783,290098,8575000,38600000,145,25.1929,8.178,4494,2016-06-01,ko,Released
158813,241259,170000000,299457024,113,18.9374,6.567,6890,2016-05-25,en,Released
158830,267935,140000000,195243411,117,16.4716,6.287,3712,2016-06-01,en,Released
158842,359871,0,0,99,2.2011,6.586,309,2016-05-05,en,Released
158872,223702,19000000,140705322,89,14.9644,5.75,7854,2016-07-11,en,Released
158874,13125,0,0,85,1.1939,6.7,14,1975-08-09,ja,Released
158882,387398,0,0,84,1.815,5.7,33,2016-04-02,en,Released
158956,384798,0,0,99,6.4475,5.707,678,2016-05-13,en,Released
158966,334533,5000000,23123592,119,13.1406,7.9,6976,2016-07-08,en,Released
158972,374475,10000000,0,162,6.2619,6.948,1125,2016-07-14,de,Released
159061,293670,10951000,49851770,156,12.3065,7.386,2163,2016-05-12,ko,Released
159069,83501,0,0,78,1.1644,5.063,16,1992-11-07,ru,Released
159077,337154,3200000,4267218,100,4.9509,5.961,388,2016-04-05,en,Released
159093,291805,120000000,334897606,129,23.7966,6.822,11811,2016-06-02,en,Released
159161,396292,0,0,60,2.297,7.11,195,2016-05-06,en,Released
159193,339397,30000000,43763247,97,7.5079,6.4,2862,2016-05-11,en,Released
159403,37433,0,0,50,3.2836,6.689,132,1989-04-15,ja,Released
159415,347031,3000000,5800000,97,7.95,6.913,3920,2016-06-24,en,Released
159441,389053,0,0,108,9.3306,5.715,1643,2016-05-27,en,Released
159510,5434,0,0,88,2.6598,5.887,75,1973-07-11,it,Released
159690,308531,135000000,245623848,112,15.335,6.062,3884,2016-05-30,en,Released
159717,318121,0,0,97,5.1511,7.285,2369,2016-06-16,en,Released
159755,341012,20000000,9680029,86,7.6349,6.588,1415,2016-06-03,en,Released
159779,398854,0,0,90,2.0618,5.333,18,2016-05-30,en,Released
159811,33108,0,0,20,1.2738,7.126,115,1969-10-10,ru,Released
159817,192040,,,,,,,,,
159849,400608,0,0,60,2.4256,8.009,454,2016-06-03,en,Released
159858,259693,40000000,322819915,134,32.0075,7.294,9413,2016-06-08,en,Released
159976,245913,2300000,7860000,107,7.2976,7.344,1168,2016-05-06,en,Released
160080,43074,144000000,229147509,117,17.8946,5.342,6908,2016-07-14,en,Released
160271,302699,50000000,216972543,107,13.4214,6.414,6494,2016-06-15,en,Released
160289,377462,0,0,467,3.427,8.403,268,2016-05-20,en,Released
160341,30948,0,0,103,3.3633,6.853,34,1997-06-20,en,Released
160400,267192,0,5681622,104,6.1135,6.47,734,2016-06-10,en,Released
160422,68309,0,0,101,1.535,6.8,30,1950-10-16,en,Released
160438,324668,120000000,415484914,123,16.0246,6.386,6368,2016-07-27,en,Released
160440,278348,0,0,98,2.1499,4.654,13,2014-08-08,en,Released
160527,90351,0,0,93,1.7194,7.098,41,1971-01-12,ja,Released
160563,258489,180000000,356743061,109,16.329,5.923,6627,2016-06-29,en,Released
160565,316727,10000000,118587880,109,14.3166,6.379,5588,2016-06-29,en,Released
160567,316023,33000000,77100000,98,7.4827,6.044,2666,2016-07-07,en,Released
160569,278154,105000000,408579038,95,28.8454,6.121,4987,2016-06-23,en,Released
160571,345911,4900000,149368835,81,11.3399,6.381,4234,2016-07-21,en,Released
160573,294272,65000000,143695338,103,14.9006,6.391,2376,2016-08-10,en,Released
160644,340611,0,3924527,110,3.4575,6.35,290,2016-07-29,en,Released
160646,337874,0,23020,103,2.6006,5.367,274,2016-09-23,en,Released
160684,359412,15000000,1616004,107,7.0266,5.821,727,2016-07-01,en,Released
160718,399106,0,0,6,5.0574,8.131,1772,2016-06-16,en,Released
160730,274504,0,15364,87,3.0588,5.277,226,2016-04-15,en,Released
160836,70193,0,0,103,1.4571,6.6,26,2005-11-11,ja,Released
160848,337703,0,921974,81,6.5628,7.426,1405,2016-03-27,fr,Released
160872,400411,0,349183,84,2.8799,4.3,418,2016-07-01,en,Released
160954,328387,19000000,85241496,96,9.1712,6.993,7098,2016-06-27,en,Released
160978,49037,0,0,96,1.2784,5.4,56,2004-02-28,ja,Released
160980,363676,60000000,240800000,96,18.9588,7.205,7893,2016-09-07,en,Released
161008,118430,0,0,97,3.3891,6.115,104,1990-03-16,en,Released
161024,404022,0,0,86,1.3515,7.273,163,2016-07-01,en,Released
161032,44510,7119,0,34,2.9,6.596,192,1970-07-01,en,Released
161044,16909,0,0,97,1.6941,5.875,28,1998-08-28,da,Released
161127,325789,28000000,21011110,127,8.2684,6.684,1866,2016-07-13,en,Released
161131,308266,50000000,86234523,114,22.3515,6.95,5697,2016-08-18,en,Released
161290,403232,4000000,0,107,3.4102,4.278,63,2016-09-01,en,Released
161354,382322,3500000,3775000,77,10.8063,6.603,1975,2016-07-24,en,Released
161580,376659,20000000,183936074,100,14.0349,6.479,4325,2016-07-28,en,Released
161582,338766,12000000,37600000,102,14.9437,7.306,5005,2016-08-11,en,Released
161594,390734,0,269980,115,6.5195,6.769,777,2016-07-09,ja,Released
161634,300669,9900000,158906350,89,17.4078,7.019,8157,2016-06-08,en,Released
161830,314420,0,2634,75,1.5382,5.224,85,2015-12-11,en,Released
161918,390989,0,0,90,5.0197,4.489,416,2016-07-31,en,Released
161922,376660,9000000,18803648,105,13.1616,7.148,4327,2016-11-18,en,Released
161966,337674,9800000,2341534,131,6.7089,6.637,2035,2016-05-25,fr,Released
162082,396535,8500000,87547518,118,27.1926,7.748,8755,2016-07-20,ko,Released
162344,376482,0,0,73,1.574,6.989,93,2016-01-08,en,Released
162350,333484,90000000,162400000,132,18.4635,6.5,6562,2016-09-14,en,Released
162414,376867,4000000,65046687,112,20.3912,7.356,7691,2016-10-21,en,Released
162478,213681,25000000,29200000,95,6.7283,5.758,1899,2016-09-29,en,Released
162578,313297,60000000,76249438,102,13.8864,7.643,3930,2016-08-18,en,Released
162590,95610,35000000,211952420,123,11.3257,6.404,3125,2016-09-14,en,Released
162598,296524,110000000,121790376,107,15.0921,6.903,5047,2016-09-28,en,Released
162600,283366,110000000,296482446,127,17.6701,6.841,10624,2016-09-28,en,Released
162602,346685,45000000,173200000,112,13.6393,6.438,6160,2016-10-05,en,Released
162606,302946,44000000,155160045,128,22.8451,7.14,7590,2016-10-13,en,Released
162828,374617,0,302109,109,4.8996,6.5,1529,2016-08-19,en,Released
162968,357786,0,6319100,63,3.8698,7.717,323,2016-01-08,ja,Released
162982,225745,0,4843719,90,5.7229,7.567,412,2013-04-20,ja,Released
163056,315011,15000000,78053145,120,13.3953,7.248,1650,2016-07-29,ja,Released
163072,36161,0,0,10,1.5616,7.37,169,1969-07-19,ru,Released
163112,36163,0,0,10,1.0688,7.455,143,1971-07-10,ru,Released
163134,372058,7500000,407210429,106,28.9085,8.487,13010,2016-07-01,ja,Released
163386,36162,0,0,20,1.1164,7.469,131,1972-08-06,ru,Released
163527,296193,0,0,71,2.8935,6.848,56,2010-08-15,en,Released
163639,401650,0,0,72,4.271,5.926,61,2016-08-09,en,Released
163645,324786,40000000,175302354,139,38.0369,8.193,15319,2016-10-07,en,Released
163653,408546,0,0,74,1.1503,6.611,54,2016-08-05,en,Released
163809,409696,,,,,,,,,
163925,333372,0,0,4,1.232,7.0,53,1986-01-01,ru,Released
163937,351211,5000000,45172994,89,7.4941,5.25,2089,2016-09-15,en,Released
163981,284564,1500000,850419,102,3.8199,5.4,872,2016-09-15,en,Released
163985,410199,2000000,0,88,4.7044,6.14,1349,2016-09-16,en,Released
164179,329865,47000000,203388186,116,33.1318,7.6,19894,2016-11-10,en,Released
164200,332210,70000000,182379278,87,11.7753,6.7,2579,2016-09-22,en,Released
164226,339116,0,4218,88,2.8981,4.921,258,2016-09-30,en,Released
164280,325385,0,559029,128,4.0407,7.443,203,2016-03-23,es,Released
164367,375366,5005600,0,111,9.4483,6.598,2229,2016-09-23,en,Released
164375,298583,0,0,90,3.6612,4.981,268,2016-01-14,en,Released
164540,411009,0,0,92,2.5535,6.628,600,2016-09-10,da,Released
164647,377492,0,0,87,2.7152,5.8,95,2016-09-23,en,Released
164655,392820,0,950040,108,3.5198,6.869,149,2016-08-05,en,Released
164707,55504,0,0,88,4.7454,6.035,144,2005-06-10,en,Released
164753,379990,0,0,84,2.3939,6.018,56,2016-02-14,en,Released
164881,402193,3800000,0,97,2.1309,4.7,67,2016-08-01,ru,Released
164909,313369,30000000,509183536,129,28.9781,7.895,18500,2016-12-01,en,Released
164917,407806,0,0,100,3.8049,7.827,814,2016-10-07,en,Released
165075,394822,0,1126,92,1.7283,6.128,38,2017-08-03,en,Released
165101,207932,75000000,220021259,122,14.36,6.102,6785,2016-10-13,en,Released
165103,331313,40000000,29900000,105,10.3787,6.089,2190,2016-10-20,en,Released
165139,406992,0,0,96,2.2044,6.1,97,2016-09-22,en,Released
165343,377448,20000000,0,88,3.5245,5.092,213,2016-10-20,en,Released
165347,343611,60000000,162100000,118,21.664,6.03,5486,2016-10-19,en,Released
165483,421854,0,0,63,0.8226,6.829,85,2016-10-21,en,Released
165489,413770,0,0,94,2.4856,7.489,135,2016-10-15,en,Released
165529,29136,0,0,91,1.6675,5.65,30,2000-02-20,en,Released
165549,334541,9000000,79000000,138,15.4616,7.549,6577,2016-11-17,en,Released
165551,334543,12000000,140312928,118,15.5093,8.037,7071,2016-11-24,en,Released
165635,419639,100000,0,84,3.3611,6.599,389,2016-10-12,en,Released
165639,413279,0,0,3,5.6744,7.224,597,2016-08-28,en,Released
165645,338964,26000000,24100000,92,7.1688,5.447,886,2016-11-23,en,Released
165671,413361,0,0,108,1.3242,7.122,41,2016-09-12,en,Released
165843,393561,0,197621,91,1.6945,6.582,79,2017-05-05,en,Released
165947,339396,40000000,0,98,5.8437,5.768,866,2016-11-11,en,Released
165959,33065,4000000,1732414,0,3.0978,6.842,142,2004-12-23,ru,Released
165969,419546,36501,0,167,2.8273,7.446,166,2016-10-25,en,Released
166015,393764,0,0,94,4.6019,6.796,682,2016-06-08,fr,Released
166024,367412,0,0,18,3.301,7.779,434,2013-01-18,en,Released
166183,77304,0,0,18,1.6502,6.95,111,1968-10-09,ru,Released
166203,279229,0,5188128,116,3.5862,7.092,1033,2014-08-14,de,Released
166291,378064,0,30819442,129,16.8103,8.399,4692,2016-09-17,ja,Released
166461,277834,150000000,690860472,107,9.3691,7.566,14037,2016-10-13,en,Released
166492,384682,45000000,114500000,105,9.0921,5.725,2263,2016-11-25,en,Released
166526,365942,30000000,14793385,121,12.0862,7.038,2589,2017-01-26,en,Released
166528,330459,200000000,1056057273,133,19.4279,7.51,16771,2016-12-14,en,Released
166534,381288,9000000,278454358,117,20.9187,7.341,18641,2017-01-19,en,Released
166558,346672,35000000,81093313,91,11.8979,5.925,4019,2016-11-24,en,Released
166568,376290,13000000,9101546,133,10.4818,7.4,2026,2016-11-25,en,Released
166635,274870,110000000,303144152,116,15.7437,6.955,14508,2016-12-21,en,Released
166643,381284,25000000,235957472,127,26.1313,8.048,10675,2016-12-10,en,Released
166705,393457,24000000,64400000,139,8.0999,6.894,2859,2016-12-16,en,Released
166946,310307,15000000,24121245,115,16.5885,7.154,5536,2016-11-24,en,Released
167018,356305,38000000,118102725,111,12.9462,6.391,4485,2016-12-22,en,Released
167036,335797,75000000,634151679,108,21.8947,7.124,8584,2016-11-23,en,Released
167064,411019,1000000,7123919,93,4.3615,7.743,536,2017-02-03,en,Released
167296,194310,0,0,73,1.3291,5.7,20,1931-04-29,en,Released
167370,121856,125000000,240700000,116,11.5173,5.446,8255,2016-12-21,en,Released
167380,381289,22000000,205000000,100,15.1171,7.64,3596,2017-01-19,en,Released
167538,87852,0,0,76,1.7625,4.3,96,1983-08-31,en,Released
167570,432192,,,,,,,,,
167634,345922,22000000,41087017,91,8.0172,6.043,1340,2017-02-16,en,Released
167706,146836,0,49,93,0.7875,5.5,6,2005-01-20,en,Released
167732,404378,8000000,17900000,103,7.4272,7.881,1590,2016-11-04,en,Released
167746,324849,80000000,311950384,104,18.633,7.26,5572,2017-02-08,en,Released
167772,16487,0,0,5,1.2492,6.628,78,1995-12-25,en,Released
167790,417427,900000,1237319,95,0.9944,5.4,42,2016-11-10,ru,Released
167854,423122,0,0,64,1.1652,6.273,64,2016-11-04,en,Released
168026,211387,0,0,15,5.8166,7.254,945,2013-10-04,en,Released
168090,362584,0,3546960,68,3.138,7.97,237,2016-08-19,ja,Released
168144,24439,0,0,58,0.9731,6.587,23,2006-09-19,en,Released
168174,432959,0,0,73,1.1084,6.91,83,2017-01-10,en,Released
168218,362585,0,817874,83,3.1343,8.031,244,2017-01-06,ja,Released
168248,324552,40000000,171539887,122,33.8794,7.346,14627,2017-02-08,en,Released
168250,419430,4500000,255407969,104,31.1946,7.625,19355,2017-02-24,en,Released
168252,263115,97000000,619021436,137,30.3797,7.82,20856,2017-02-28,en,Released
168254,293167,185000000,566652812,118,23.973,6.559,11347,2017-03-08,en,Released
168266,180863,18000000,41681746,117,10.9304,6.933,3451,2017-01-27,en,Released
168326,416477,5000000,56303596,120,9.7401,7.32,2702,2017-03-30,en,Released
168350,334532,0,0,93,2.9333,5.976,184,2016-11-11,en,Released
168358,19761,10000000,4900000,87,6.1961,5.267,232,1980-02-15,en,Released
168366,321612,160000000,1266115964,129,32.6901,6.966,16170,2017-03-16,en,Released
168418,295693,125000000,527965936,97,8.6458,6.449,7584,2017-03-23,en,Released
168456,376003,0,0,102,2.3979,4.7,50,2016-01-05,en,Released
168492,398818,3500000,43143046,132,25.6432,8.1,12957,2017-10-01,en,Released
168608,414425,10000000,0,135,4.1217,7.355,1338,2017-11-16,en,Released
168612,315837,110000000,169801921,107,21.4172,6.113,8747,2017-03-29,en,Released
168632,437752,0,0,77,1.8182,6.921,190,2017-01-31,en,Released
168712,341174,55000000,381545846,118,14.176,6.468,8011,2017-02-08,en,Released
168846,435351,0,0,65,1.0172,7.167,84,2017-01-17,en,Released
169034,394269,0,0,65,2.2929,8.444,169,2016-04-23,en,Released
169180,381064,0,0,96,1.9767,6.054,102,2017-02-17,en,Released
169670,378018,0,151042,90,7.7054,6.0,1497,2016-09-22,en,Released
169904,11795,0,0,124,3.0189,5.7,93,1994-04-20,en,Released
169912,26797,0,0,62,1.3827,6.956,45,1993-02-20,en,Released
169958,367147,0,73121,96,2.889,6.141,327,2017-05-28,en,Released
169982,305470,105000000,142300000,124,15.1855,6.244,4729,2017-03-23,en,Released
169984,126889,97000000,240891763,122,25.5505,6.189,9680,2017-05-09,en,Released
169992,334521,7000000,3719383,91,7.7943,6.241,1263,2017-03-31,en,Released
170289,9711,0,0,111,4.6895,5.2,490,2004-11-27,en,Released
170297,14611,0,0,73,4.4526,6.806,333,2006-08-08,en,Released
170355,185789,,,,,,,,,
170357,444705,0,0,67,1.6344,7.61,301,2017-03-21,en,Released
170399,417644,25000000,26800152,101,6.5445,6.131,1419,2017-03-23,en,Released
170401,353569,5000000,5042014,87,5.0463,5.9,1024,2017-03-03,en,Released
170411,444706,0,0,66,1.537,7.636,265,2017-03-21,en,Released
170551,74336,0,0,101,1.8365,7.037,216,1998-04-25,ko,Released
170597,129229,0,0,9,1.1833,7.294,63,1981-12-31,ru,Released
170697,400928,7000000,40300000,101,13.932,7.988,6071,2017-04-07,en,Released
170705,331214,,,,,,,,,
170777,72215,0,0,10,1.7114,7.976,165,1982-11-10,ru,Released
170813,339846,69000000,177900000,116,19.5451,6.078,8629,2017-05-25,en,Released
170817,373569,42000000,60800000,90,4.8307,5.335,837,2017-05-03,en,Released
170827,282035,125000000,409231607,110,18.7635,5.521,7794,2017-06-06,en,Released
170837,36968,7000000,0,88,5.1235,6.564,495,2000-03-05,en,Released
170875,337339,250000000,1236000000,136,16.8301,6.849,10988,2017-04-12,en,Released
170897,419700,0,0,130,4.8989,5.47,598,2017-04-14,en,Released
170907,385805,0,0,104,1.2898,7.051,128,2016-03-17,en,Released
170937,397442,0,0,88,3.6339,5.677,279,2017-03-11,en,Released
170939,268531,38000000,125427681,89,14.3622,6.305,1387,2017-06-01,en,Released
170945,418078,5000000,19280931,91,7.8982,5.871,2693,2017-06-09,en,Released
170957,260514,175000000,383925276,102,33.9147,6.866,6582,2017-06-15,en,Released
170993,15314,6000000,156318,91,3.9472,5.543,137,2006-07-14,en,Released
171011,420714,,,,,,,,,
171023,425751,0,4077333,97,2.624,6.124,266,2017-06-09,en,Released
171251,430830,0,0,95,1.6388,6.045,89,2017-01-24,en,Released
171495,409926,,,,,,,,,
171631,455601,0,0,64,1.4645,5.196,23,2017-05-02,en,Released
171695,20211,0,0,99,1.9808,7.8,85,2002-07-14,en,Released
171701,371859,0,17355,115,1.7601,6.535,100,2016-11-02,fr,Released
171749,419787,,,,,,,,,
171751,19625,0,0,156,2.571,7.2,378,2003-12-19,hi,Released
171759,399019,10500000,27869129,93,7.699,5.9,2272,2017-06-23,en,Released
171763,339403,34000000,226945087,113,23.8863,7.445,17211,2017-06-28,en,Released
171765,387426,50000000,0,120,9.5035,7.322,4637,2017-06-28,en,Released
171811,256608,0,0,105,0.9948,5.3,27,2013-10-18,pl,Released
171867,397422,20000000,47347283,101,10.9587,5.691,2131,2017-06-15,en,Released
171891,447818,0,0,106,1.6603,6.764,55,2017-05-12,en,Released
171917,430423,0,0,86,1.3002,6.387,31,2015-09-11,fr,Released
172013,391663,0,0,106,2.4623,6.525,80,2016-06-02,de,Released
172215,37022,0,0,92,3.1385,6.266,64,1992-11-27,en,Released
172229,55728,7500000,289323,98,3.3934,5.932,37,1988-04-15,en,Released
172233,44015,0,0,98,2.2239,5.981,27,2001-04-24,en,Released
172253,38966,0,0,85,2.9578,6.131,99,1988-04-15,en,Released
172321,263029,0,0,61,1.4808,6.625,16,2004-08-10,en,Released
172461,448448,0,0,100,3.1686,7.054,148,2017-04-23,en,Released
172497,65595,,,,,,,,,
172547,324852,80000000,1034800131,90,20.3419,6.468,7798,2017-06-15,en,Released
172577,145760,0,0,20,0.7684,7.368,95,1983-12-31,ru,Released
172583,213321,0,0,21,1.2082,6.939,41,1986-04-05,ru,Released
172585,72203,0,0,19,1.4886,7.056,107,1970-10-18,ru,Released
172587,77759,0,0,18,1.4272,7.486,104,1980-06-06,ru,Released
172589,77762,0,0,16,1.39,7.614,101,1984-06-06,ru,Released
172591,364150,73000000,0,583,4.2043,8.9,178,1992-10-21,en,Released
172637,74535,0,0,117,1.054,7.639,72,1980-03-24,ru,Released
172705,390319,0,0,111,1.4011,7.6,37,2017-03-15,en,Released
172793,160046,0,0,19,0.9148,7.263,78,1965-01-01,ru,Released
172825,195065,0,0,19,1.9609,7.792,24,1968-01-01,ru,Released
172875,24660,0,0,10,1.8977,7.182,162,2003-04-04,en,Released
172881,24357,0,0,9,2.9735,6.938,194,2003-03-21,en,Released
172887,24914,0,0,15,1.9757,7.069,188,2003-06-03,en,Released
172909,213313,,,,,,,,,
173145,281338,150000000,490719763,140,25.9076,7.2,9963,2017-07-11,en,Released
173197,401246,0,9494535,151,8.2496,6.74,1790,2017-08-25,sv,Released
173205,396398,11400000,0,112,5.7674,6.464,1304,2017-10-13,en,Released
173209,354287,60000000,0,122,7.5979,5.619,1274,2017-05-26,en,Released
173235,433092,0,0,88,1.7848,6.7,50,2017-07-28,ja,Released
173253,454361,0,0,65,1.2807,6.821,42,2017-04-25,en,Released
173255,456193,0,0,60,1.3931,6.902,92,2017-05-09,en,Released
173291,339964,177200000,225973340,137,17.3238,6.655,8221,2017-07-19,en,Released
173307,327253,0,0,95,1.3186,4.7,123,2017-07-21,en,Released
173317,390410,0,0,94,2.2256,7.6,19,2016-10-14,en,Released
173351,165095,0,0,8,1.0299,8.031,49,1983-03-31,ru,Released
173355,193216,0,0,10,0.8932,7.1,37,1983-01-01,ru,Released
173535,406403,,,,,,,,,
173619,30163,0,0,85,4.3332,6.799,451,1986-12-17,fr,Released
173751,390587,0,0,92,1.2337,4.471,17,2016-10-07,en,Released
173873,26787,,,,,,,,,
173925,406990,20000000,27975429,123,13.2532,7.14,6572,2017-08-18,en,Released
173941,341013,30000000,100014025,115,16.8117,6.442,6781,2017-07-26,en,Released
173963,6079,0,0,103,2.2188,6.821,78,2007-03-08,cs,Released
174045,336890,0,124875,101,4.7891,5.7,365,2017-03-17,en,Released
174053,374430,,,,,,,,,
174055,374720,150000000,549136737,107,23.6026,7.45,17997,2017-07-19,en,Released
174141,64847,270000,0,87,3.4052,7.359,377,1973-06-30,ja,Released
174403,461805,,,,,,,,,
174479,312174,0,0,11,1.6611,6.977,64,2014-12-16,en,Released
174551,435041,0,34947,31,1.5988,7.564,39,1965-08-16,ru,Released
174681,460822,0,0,102,2.5535,6.909,93,2017-06-13,en,Released
174727,429200,2000000,3283369,102,10.7478,7.204,3249,2017-08-11,en,Released
174737,37991,0,0,109,1.7447,7.1,211,1965-09-18,it,Released
174815,345914,40000000,34200000,88,6.378,5.64,1000,2017-06-29,en,Released
174909,399170,29000000,48453605,119,12.9058,6.734,3953,2017-08-17,en,Released
175197,353491,60000000,113231078,95,17.6827,5.809,5676,2017-08-03,en,Released
175199,396422,15000000,306592201,110,15.7187,6.608,6096,2017-08-03,en,Released
175293,79701,0,0,20,1.4781,7.689,119,1969-12-30,ru,Released
175303,346364,35000000,719766009,135,19.6435,7.241,20686,2017-09-06,en,Released
175387,70061,0,0,18,1.5464,7.115,78,1973-02-02,ru,Released
175397,196649,0,0,8,0.7558,7.162,37,1984-06-06,hy,Released
175401,91673,0,0,10,0.9758,7.156,32,1984-01-01,ru,Released
175431,72199,0,0,10,1.1564,7.205,66,1977-01-01,ru,Released
175435,79216,0,0,20,0.9883,7.8,25,1979-01-01,ru,Released
175475,378236,50000000,217776646,86,16.8572,5.366,3389,2017-07-23,en,Released
175485,351460,40000000,0,101,9.3649,4.276,4184,2017-08-25,en,Released
175569,395834,11000000,44998252,107,16.5072,7.4,5964,2017-08-03,en,Released
175577,461634,0,0,66,0.9834,7.083,24,2017-06-20,en,Released
175585,339692,0,0,121,12.2227,7.0,2299,2017-07-07,en,Released
175661,390043,30000000,176586701,118,15.4057,6.895,6820,2017-08-16,en,Released
175693,412103,,,,,,,,,
175705,7014,0,0,104,2.4006,6.447,57,1973-03-01,fr,Released
175707,411516,0,0,109,1.0205,6.538,13,2016-10-15,de,Released
175743,433410,0,0,99,0.976,6.5,15,2017-01-29,de,Released
175781,28469,0,0,60,0.874,8.25,12,1967-01-01,de,Released
176051,460135,0,0,75,4.8078,6.406,54,2017-07-12,en,Released
176101,343668,104000000,410902662,141,24.9278,6.941,11383,2017-09-20,en,Released
176329,466986,,,,,,,,,
176371,335984,150000000,259239658,164,57.374,7.606,15705,2017-10-04,en,Released
176389,335777,40000000,68743485,91,14.8535,6.2,484,2017-08-11,en,Released
176413,131244,0,0,108,1.9103,5.429,14,2012-02-22,de,Released
176415,258357,0,0,119,1.1995,4.583,12,2014-03-06,de,Released
176419,381283,30000000,44516999,121,12.7202,6.949,7265,2017-09-13,en,Released
176423,432976,0,0,121,3.5856,7.64,858,2017-06-03,en,Released
176579,420707,0,863413,80,4.8267,4.583,357,2017-08-11,en,Released
176601,452830,0,0,4,2.4774,7.799,72,2011-06-20,en,Released
176621,77557,0,0,21,0.9539,6.08,56,1965-01-01,ru,Released
176751,337170,50000000,133511855,115,16.9725,6.901,5128,2017-08-18,en,Released
176805,390407,0,0,84,1.5855,6.217,69,2017-04-14,en,Released
176935,274855,120000000,221600160,109,20.3956,6.127,5336,2017-10-12,en,Released
177185,468366,0,0,67,0.8532,5.96,25,2017-08-01,en,Released
177285,413594,0,29322339,119,4.4699,7.711,783,2017-02-18,ja,Released
177593,359940,15000000,162729321,115,18.6744,8.052,11191,2017-12-01,en,Released
177615,391713,10000000,79000000,94,15.9195,7.248,9180,2017-09-01,en,Released
177763,392044,55000000,352800000,114,19.7137,6.7,10735,2017-11-03,en,Released
177765,354912,175000000,814641172,105,46.3911,8.197,21423,2017-10-27,en,Released
177939,430214,0,3878208,93,3.9019,7.421,266,2017-04-07,ja,Released
178061,389015,11000000,53900000,120,13.374,7.5,6309,2017-12-07,en,Released
178111,431819,0,26617621,90,4.8343,6.6,374,2017-08-18,ja,Released
178129,103008,0,0,85,1.204,2.0,1,2011-05-30,en,Released
178323,472424,0,0,101,3.0849,7.432,605,2017-09-21,en,Released
178613,16275,0,0,57,1.9311,8.082,182,2000-07-26,en,Released
178615,303854,0,26409,87,2.1339,5.8,25,2016-08-05,en,Released
178827,346648,40000000,290132513,104,15.5097,7.486,2902,2017-11-05,en,Released
179053,475759,0,0,6,4.1706,6.765,383,2017-09-14,en,Released
179073,4835,0,0,91,2.8826,6.473,37,1964-09-18,fr,Released
179119,402897,13000000,24600000,107,7.9642,7.014,2232,2017-10-20,en,Released
179133,339877,5500000,42187665,95,7.522,7.98,2653,2017-06-22,en,Released
179135,463612,,,,,,,,,
179211,480409,0,0,59,1.4238,6.05,30,2017-10-10,en,Released
179401,353486,90000000,995339117,119,18.6777,6.824,14777,2017-12-20,en,Released
179427,298718,0,0,78,0.9959,7.0,5,2014-10-17,en,Released
179491,429733,2500000,17366,87,3.9683,6.447,834,2017-11-10,en,Released
179511,337556,0,0,113,4.5608,6.954,890,2016-07-07,de,Released
179709,429189,25000000,15366466,101,8.8647,6.373,1375,2017-12-01,en,Released
179749,396493,0,0,80,4.4215,6.339,942,2017-10-06,en,Released
179813,353575,20000000,2510151,98,3.5909,6.397,184,2017-11-03,en,Released
179815,413362,22000000,13025860,122,7.9916,6.348,1430,2017-11-17,en,Released
179817,399404,30000000,150847207,125,15.743,7.355,5650,2017-11-22,en,Released
179819,181808,300000000,1334407706,152,31.9526,6.737,16687,2017-12-13,en,Released
179953,431530,28000000,130560428,104,12.0192,6.318,2237,2017-08-04,en,Released
180031,399055,19500000,195300000,123,21.7987,7.23,13084,2017-12-01,en,Released
180045,396371,30000000,59284015,141,12.3982,7.154,4120,2017-12-07,en,Released
180095,406997,20000000,315025930,113,15.8666,8.098,8399,2017-11-13,en,Released
180231,419680,69000000,180613180,100,13.3178,6.309,2792,2017-11-09,en,Released
180263,106035,,,,,,,,,
180265,469019,0,0,93,3.6379,7.461,752,2017-09-05,en,Released
180297,371638,10000000,29820616,104,8.9273,7.093,3846,2017-03-12,en,Released
180497,446354,50000000,179769467,116,12.5049,7.006,5026,2017-12-22,en,Released
180777,363444,0,0,90,1.2355,5.0,1,2005-01-01,de,Released
180985,316029,84000000,459066134,105,22.4888,7.853,10243,2017-12-20,en,Released
180987,364689,111000000,295038508,108,12.329,7.21,3162,2017-12-09,en,Released
181065,479269,0,0,67,1.2137,6.851,67,2017-10-24,en,Released
181139,470616,0,0,51,1.0848,5.433,15,2017-08-22,en,Released
181315,400617,35000000,47756590,130,14.7547,7.3,3873,2017-12-25,en,Released
181413,482004,0,0,95,2.297,7.913,69,2017-10-20,en,Released
181659,490928,0,0,66,1.4244,6.0,31,2017-12-05,en,Released
181719,49809,0,0,91,3.1672,5.711,19,1995-01-23,en,Released
182293,152047,0,0,8,1.698,6.765,17,1939-08-12,en,Released
182297,128756,0,0,7,1.5827,6.976,85,1938-09-24,en,Released
182299,188763,0,0,8,1.2921,6.611,18,1938-04-30,en,Released
182639,24362,0,0,9,3.1342,7.469,191,2003-05-05,en,Released
182715,300668,40000000,43070915,115,19.8112,6.451,9639,2018-02-22,en,Released
182727,485517,0,0,131,2.8392,4.7,37,2017-12-17,en,Released
182731,124117,0,0,90,3.5618,5.267,90,2004-11-13,en,Released
182749,487156,0,0,69,1.6951,6.261,90,2017-12-12,en,Released
182793,34220,0,0,105,1.5865,6.568,96,2009-10-15,it,Released
182823,400106,90000000,0,117,9.5216,6.164,6085,2017-12-22,en,Released
183011,399035,30000000,119942387,104,14.7272,6.368,4748,2018-01-11,en,Released
183197,488223,0,0,64,1.7811,7.496,267,2017-12-31,en,Released
183199,432987,0,0,104,0.8249,7.2,10,2017-07-26,en,Released
183227,494368,0,0,49,1.4911,7.486,214,2017-12-31,en,Released
183295,406563,10000000,172811971,103,25.4134,6.3,3276,2018-01-03,en,Released
183301,31615,0,0,51,1.862,7.429,7,1986-03-26,en,Released
183317,121870,0,0,86,1.2697,3.4,10,1988-01-15,en,Released
183611,445571,37000000,117501013,100,17.4092,6.848,6490,2018-02-15,en,Released
183635,336843,62000000,288418190,143,21.0843,7.077,8578,2018-01-10,en,Released
183897,399174,35000000,72991435,101,21.4079,7.848,5563,2018-03-23,en,Released
183911,422615,0,0,89,3.151,4.87,285,2018-01-26,en,Released
183959,497520,0,0,74,0.9861,7.112,85,2018-01-12,en,Released
184015,433310,10000000,0,97,7.221,6.559,2387,2018-02-08,en,Released
184053,17571,0,0,85,2.0621,4.1,23,2008-11-02,en,Released
184245,110775,0,0,90,0.7165,5.8,5,1978-01-01,nl,Released
184253,384521,45000000,0,102,11.3955,5.642,3683,2018-02-04,en,Released
184257,502892,,,,,,,,,
184349,22916,2600000,2985837,108,1.9771,7.726,93,2005-07-28,es,Released
184471,338970,94000000,274650803,118,20.6417,6.362,8521,2018-03-05,en,Released
184641,426285,0,8053641,135,3.2613,5.435,594,2017-12-01,ja,Released
184721,458737,3500000,3988612,113,7.6068,6.971,1494,2018-05-18,en,Released
184791,502616,0,0,65,1.6525,6.368,34,2018-02-06,en,Released
184931,395990,30000000,34017028,107,13.5169,6.239,2886,2018-03-01,en,Released
184987,407451,103000000,132675864,109,10.7148,5.046,1890,2018-03-08,en,Released
184997,449176,17000000,66316289,110,13.2408,7.959,6339,2018-02-16,en,Released
185029,447332,17000000,340955294,91,27.5006,7.395,15730,2018-04-03,en,Released
185031,399360,51000000,99630675,97,10.6756,6.572,2824,2018-08-17,en,Released
185033,419831,15100000,0,106,6.6641,6.168,1287,2017-11-15,en,Released
185135,500609,,,,,,,,,
185435,456750,27100000,0,101,4.3025,5.487,997,2018-03-23,en,Released
185473,437557,21000000,94019120,102,9.1934,6.304,2172,2018-03-14,en,Released
185585,268896,150000000,290061297,111,17.1334,6.1,5496,2018-03-21,en,Released
186587,427641,120000000,428028233,107,18.2297,6.466,7733,2018-04-11,en,Released
187031,351286,170000000,1310469037,129,27.5565,6.523,13011,2018-06-06,en,Released
187541,260513,200000000,1243225667,118,29.3276,7.453,13953,2018-06-14,en,Released
187593,383498,110000000,785896632,120,34.2888,7.489,19673,2018-05-15,en,Released
187595,348350,250000000,392952373,135,17.7873,6.552,9511,2018-05-15,en,Released
187717,490003,0,22835787,95,4.0823,7.983,615,2018-06-29,en,Released
188189,424781,3200000,18200000,112,7.9419,6.779,1843,2018-07-06,en,Released
188301,363088,140000000,622674139,119,27.6058,6.9,14516,2018-07-04,en,Released
188675,483184,0,5080147,103,3.7806,7.508,2321,2018-05-17,it,Released
188751,458423,75000000,395607854,114,9.3556,7.071,3636,2018-07-18,en,Released
188797,455980,28000000,75100000,101,9.8271,6.708,3552,2018-05-30,en,Released
188833,297725,19116000,2433457,133,5.7985,6.727,1103,2018-05-19,en,Released
189043,447682,0,557169,105,3.5521,5.619,67,2018-06-22,en,Released
189111,525662,0,0,78,1.3648,4.0,1,2018-06-22,en,Released
189333,353081,178000000,824171374,147,19.953,7.451,9388,2018-07-25,en,Released
189381,500475,16000000,20545116,107,5.5191,6.7,409,2018-06-13,en,Released
189547,111196,0,0,75,0.9862,5.2,3,2010-06-24,en,Released
189713,487558,15000000,93411426,136,12.8415,7.486,8275,2018-08-09,en,Released
190183,445651,34000000,41142379,105,9.2651,7.022,2978,2018-07-25,en,Released
190207,79159,0,0,94,1.969,5.971,17,2011-01-28,bg,Released
190209,487541,0,0,50,1.4211,6.9,8,2017-11-13,en,Released
190213,364002,0,0,100,1.2063,5.594,16,2016-03-31,pt,Released
190215,479871,0,0,87,1.4972,6.625,72,2017-10-19,pt,Released
190219,48610,0,0,7,1.9098,6.585,71,1998-11-02,en,Released
190221,460631,0,0,2,1.4806,6.921,19,2002-02-02,fr,Released
191005,432985,0,47455832,130,2.6772,6.735,147,2017-07-14,ja,Released
193565,71172,0,10453259,95,5.2444,7.5,107,2010-04-24,ja,Released
193567,255413,0,109630,99,3.5201,7.495,197,2013-08-31,ja,Released
193571,297825,0,0,111,1.976,6.667,15,2014-03-07,ja,Released
193573,333623,0,22069046,99,4.4128,7.6,63,2015-06-13,ja,Released
193579,360617,0,0,47,1.1272,7.7,5,2015-08-07,en,Released
193581,432131,0,511132,100,3.3644,7.468,109,2017-01-21,ja,Released
193583,445030,0,6356284,106,4.5029,7.823,458,2017-07-15,ja,Released
193585,479308,0,0,96,2.3701,6.8,18,2017-10-28,en,Released
193587,483455,0,2373203,90,5.5865,8.116,198,2018-03-03,ja,Released
193609,37891,0,0,85,1.3752,7.1,11,1991-05-17,en,Released
35,47018,0,0,121,2.0643,6.153,75,1995-05-25,en,Released
59,99040,0,0,100,1.2895,6.04,25,1995-09-29,fr,Released
67,40628,0,0,85,2.4268,5.7,69,1995-10-22,en,Released
90,61548,0,0,91,2.3458,6.906,16,1995-09-14,en,Released
114,71754,0,0,114,1.0799,6.536,14,1995-09-13,en,Released
124,37975,0,371674,113,2.8725,7.026,196,1995-09-21,it,Released
131,73067,0,0,101,1.6561,5.265,17,1995-09-15,en,Released
182,68274,0,2484226,100,2.6044,5.6,84,1995-09-29,en,Released
200,79593,14000000,5830454,99,2.5927,4.907,27,1995-09-08,en,Released
244,43475,2800000,57100,77,1.6504,5.682,22,1995-10-04,en,Released
245,72031,5000000,3291163,110,3.2514,5.192,52,1994-09-16,en,Released
264,17961,10000000,39003,102,3.3177,6.9,287,1994-02-16,fr,Released
268,47504,0,0,98,3.4219,6.5,250,1994-10-28,en,Released
297,41478,0,6834525,124,3.1205,6.333,48,1995-05-03,en,Released
309,159185,0,0,111,1.1904,6.333,12,1994-10-14,zh,Released
375,49803,0,0,98,2.0855,5.935,23,1994-12-01,en,Released
392,18242,0,0,61,1.2727,6.5,38,1993-12-10,en,Released
443,24257,0,2155385,109,1.3353,7.519,26,1994-06-03,en,Released
447,50463,13000000,3134081,97,3.1969,4.895,57,1994-04-29,en,Released
462,41006,0,0,94,2.945,4.902,46,1994-07-14,en,Released
463,4916,12000000,22866222,107,2.7578,5.688,152,1993-06-04,en,Released
465,31642,33000000,5900000,140,5.7548,6.616,296,1993-12-25,en,Released
483,34024,8000000,1214231,103,3.5527,6.828,172,1993-08-20,en,Released
498,2625,0,8000000,114,4.2258,5.776,181,1993-10-08,en,Released
525,56583,0,0,99,2.5055,6.57,50,1993-11-03,en,Released
554,41590,0,0,107,2.5558,5.389,54,1994-09-09,en,Released
561,85247,0,0,97,1.8775,4.625,16,1994-09-14,en,Released
565,11655,0,0,94,6.57,6.7,799,1993-11-05,es,Released
570,41653,0,308368,102,2.5001,6.0,39,1993-09-24,sv,Released
571,53185,0,0,102,1.6977,6.5,2,1993-09-05,en,Released
598,41043,0,0,112,0.9506,6.397,34,1993-10-01,ru,Released
603,30528,0,0,106,2.191,6.046,82,1995-03-16,en,Released
621,52873,0,0,127,2.0916,6.209,55,1993-05-14,fr,Released
630,36447,0,0,109,2.327,5.75,22,1996-01-26,en,Released
659,10363,0,0,118,7.4437,7.559,625,1960-03-10,fr,Released
664,47502,13000000,2104439,91,2.1364,5.5,31,1996-04-03,en,Released
666,27098,0,0,125,8.5006,6.475,180,1995-03-08,sv,Released
681,35797,0,0,128,2.5057,7.033,224,1981-11-04,fr,Released
702,753,275000,0,130,3.0983,7.107,225,1968-11-24,en,Released
705,90214,0,35918,102,1.8946,6.151,43,1996-03-04,en,Released
712,37667,0,0,100,2.2654,5.8,44,1994-05-03,en,Released
716,52633,0,0,91,1.8127,6.3,100,1975-01-05,en,Released
732,40507,4800000,3014000,99,2.1486,5.632,38,1996-05-10,en,Released
746,26744,0,1165000,79,1.9987,6.634,145,1950-08-24,en,Released
751,55613,0,0,100,1.1694,6.032,31,1992-09-30,en,Released
753,41007,0,2101087,92,2.3989,5.689,45,1995-09-11,en,Released
754,35645,0,6029091,94,3.7819,6.239,165,1995-11-03,en,Released
767,46732,0,0,107,3.5823,5.886,35,1996-10-11,en,Released
807,77056,0,0,98,1.7808,6.6,60,1995-03-22,fr,Released
831,28628,0,0,99,1.6411,5.8,30,1995-12-26,en,Released
834,92381,0,1383726,89,1.4962,5.183,30,1996-08-02,en,Released
844,297645,0,0,90,0.6802,4.667,3,1994-01-01,zh,Released
846,46986,0,0,85,2.7185,6.2,28,1996-08-07,en,Released
850,36266,0,0,123,2.8307,6.943,123,1995-09-27,vi,Released
854,116690,0,0,98,1.9259,7.5,92,1958-06-01,ja,Released
860,159,0,0,94,1.9187,6.24,123,1994-10-05,de,Released
862,88224,500000,502313,88,1.8199,6.3,45,1996-07-26,en,Released
877,110513,0,503667,90,2.4196,5.682,11,1996-08-21,en,Released
957,85638,0,0,97,1.1788,7.1,33,1927-01-08,en,Released
960,22688,0,0,100,2.5592,6.543,47,1946-09-20,en,Released
964,22356,0,0,100,3.8376,6.431,131,1947-02-15,en,Released
967,22613,3400000,5075000,116,2.1674,5.4,111,1943-02-05,en,Released
992,44465,0,8538318,94,4.0016,5.408,60,1996-09-13,en,Released
997,47260,0,0,110,2.4896,5.661,28,1996-01-24,en,Released
1000,12241,2300000,49620,88,2.4154,5.778,135,1996-09-06,en,Released
1038,48862,0,0,103,2.2198,5.932,44,1996-09-04,en,Released
1044,41843,16000000,1985001,125,2.8727,5.771,109,1996-09-04,en,Released
1069,1834,0,0,95,3.2289,7.2,268,1944-12-14,en,Released
1087,21202,0,0,135,1.5545,6.6,11,1995-11-22,it,Released
1113,11112,23000000,12800000,114,4.5482,6.239,245,1996-10-25,en,Released
1152,31556,0,0,79,3.8921,6.7,109,1949-02-06,en,Released
1153,26167,0,0,79,2.1168,6.7,113,1948-05-21,en,Released
1164,8074,0,0,87,2.9418,6.25,220,1967-03-17,fr,Released
1168,49763,7000000,1100000,80,3.8403,6.718,303,1996-11-01,en,Released
1169,41326,0,269823,98,1.3697,7.3,17,1990-10-06,en,Released
1317,61536,0,0,135,2.5452,5.706,34,1996-12-24,en,Released
1404,46027,10000000,9889670,113,4.1244,6.353,150,1997-03-21,en,Released
1410,30285,0,12767815,129,2.8391,5.94,83,1996-12-25,en,Released
1450,55936,0,890078,99,1.3779,6.669,71,1996-03-15,ru,Released
1455,58911,0,0,95,1.4995,5.0,11,1996-12-19,en,Released
1463,25796,0,0,105,2.6065,6.217,69,1997-04-04,en,Released
1472,18420,8000000,1568258,97,3.6106,5.516,94,1997-03-14,en,Released
1482,11844,0,712095,100,1.8532,6.401,76,1996-11-29,en,Released
1501,118991,0,57252,113,2.4063,4.691,34,1997-04-11,en,Released
1508,31465,0,0,101,2.3748,5.6,37,1997-04-18,en,Released
1509,12793,600000,0,93,1.6975,5.9,59,1997-04-25,en,Released
1523,31017,0,134831,106,3.3287,6.138,87,1997-05-02,en,Released
1525,49478,35000000,6537026,103,3.5196,4.753,77,1997-05-02,en,Released
1534,53023,0,0,80,5.6061,7.459,317,1965-02-10,fr,Released
1535,64802,2000000,2900000,108,1.7137,6.292,48,1997-05-16,en,Released
1539,15321,0,0,99,1.8789,6.244,86,1997-04-11,en,Released
1563,47686,1000000,543708,97,2.1523,6.694,31,1997-11-21,en,Released
1570,17991,125000,0,81,3.312,6.287,141,1992-10-03,ja,Released
1595,18519,35000000,3446539,86,5.3049,6.1,397,1997-08-06,en,Released
1632,33657,18000000,3330352,98,2.6091,4.0,22,1997-08-27,en,Released
1640,28353,0,13960203,93,2.7236,5.68,50,1997-08-06,en,Released
1668,12616,24000000,2642983,102,4.1068,5.597,119,1997-10-10,en,Released
1669,34838,0,0,100,1.0914,6.348,33,1997-11-28,en,Released
1728,25994,0,0,108,2.4863,6.463,54,1997-12-27,en,Released
1744,41417,19000000,8165212,89,2.5889,5.233,73,1998-01-08,en,Released
1750,54007,12000000,7000000,101,2.3948,6.538,120,1997-11-13,en,Released
1756,9033,0,0,83,5.1506,6.002,254,1998-01-20,en,Released
1788,320011,0,0,89,1.8391,4.571,7,1998-03-06,en,Released
1814,44308,0,1130732,117,2.6993,5.446,46,1998-03-26,en,Released
1822,40688,24000000,4562146,93,2.3942,4.5,89,1998-03-27,en,Released
1846,21252,9000000,0,128,3.1687,6.883,157,1997-10-10,en,Released
1853,78149,10000000,45779,86,3.5875,3.888,58,1998-02-27,en,Released
1854,15513,0,0,93,2.8476,5.512,76,1998-02-27,en,Released
1865,76330,0,425788,105,1.3935,6.688,32,1997-01-16,en,Released
1869,18316,30000000,12951088,88,3.4246,6.401,310,1998-05-01,en,Released
1874,39467,0,0,109,2.4514,6.5,45,1997-09-01,en,Released
1879,35161,0,0,91,1.3891,6.279,34,1997-09-05,en,Released
1880,35796,7000000,106404,101,2.2284,7.1,113,1997-11-21,en,Released
1896,50043,0,1295194,108,10.269,5.5,47,1998-06-12,en,Released
1925,28966,2000000,3600000,144,4.041,7.233,346,1927-08-12,en,Released
1935,43266,800000,4800000,118,4.1939,7.311,471,1941-10-28,en,Released
1943,27191,4000000,36000000,152,4.6852,6.4,287,1952-02-16,en,Released
1988,39929,1760625,2683519,97,3.9954,6.1,222,1987-10-16,en,Released
1989,41828,0,0,96,2.4001,5.142,95,1990-03-30,en,Released
2029,17539,0,2020700,92,2.0326,5.898,49,1998-07-24,en,Released
2031,22777,0,0,92,3.9432,5.8,97,1971-06-30,en,Released
2045,24736,0,12890752,107,4.3287,6.227,66,1993-03-12,en,Released
2047,24816,0,0,85,3.2895,6.277,74,1967-07-19,en,Released
2049,25445,0,0,169,2.7027,6.881,42,1967-11-30,en,Released
2062,96196,0,0,115,1.964,5.804,28,1998-07-31,en,Released
2086,13380,0,13677222,88,3.6431,5.881,122,1985-11-22,en,Released
2113,19158,10500000,11582891,89,5.1352,5.376,310,1990-10-26,en,Released
2128,16155,1000000,45724,88,3.2392,5.509,58,1998-08-07,en,Released
2158,39930,0,0,87,1.62,4.824,51,1996-10-27,en,Released
2168,17915,0,15923122,126,3.2337,6.911,230,1998-08-21,en,Released
2173,34637,0,0,92,3.2608,6.152,92,1988-12-15,en,Released
2189,51942,250000,206272,72,2.1713,7.217,53,1998-08-28,en,Released
2209,2762,0,0,83,3.706,6.544,260,1937-02-17,en,Released
2221,543,0,0,86,2.7782,6.5,288,1929-07-28,en,Released
2237,22256,25000000,777423,117,2.5821,6.665,85,1998-09-11,en,Released
2238,37550,0,0,116,2.1142,7.434,160,1975-12-20,it,Released
2250,91217,0,6070752,115,2.9129,6.3,34,1990-02-02,en,Released
2276,72987,0,1782005,127,1.766,6.1,24,1998-09-18,en,Released
2284,14785,0,399,119,3.3379,6.569,65,1994-01-26,hi,Released
2285,14794,500000,4600000,112,3.588,7.026,439,1968-12-19,en,Released
2305,37532,0,0,104,1.0845,6.923,26,1998-10-07,en,Released
2341,5332,0,0,96,2.9864,6.0,54,1998-09-04,en,Released
2345,123056,0,0,105,1.961,5.75,20,1986-01-22,en,Released
2386,37536,3500000,9247881,90,1.6551,4.259,58,1998-11-25,en,Released
2434,125582,0,5672903,112,2.6215,6.317,30,1998-12-25,en,Released
2437,11365,10000000,2158775,118,4.447,6.588,297,1997-09-01,en,Released
2440,36136,0,0,101,2.9546,6.224,154,1998-12-30,en,Released
2441,1363,0,166000,114,3.6508,6.049,102,1998-12-30,en,Released
2449,14443,1000000,1576615,96,4.1195,3.553,123,1987-08-22,en,Released
2461,25018,2000000,5765562,81,5.2918,5.432,668,1990-01-12,en,Released
2464,25438,0,6797218,97,3.8498,6.1,203,1986-10-24,en,Released
2479,45712,30000000,4197729,108,2.6811,5.933,157,1999-01-22,en,Released
2499,82865,0,55970,85,1.5987,6.0,9,1998-05-14,en,Released
2507,12479,12000000,0,110,2.7932,5.025,122,1999-02-18,en,Released
2509,15209,10000000,0,92,2.6687,5.42,56,1997-01-17,en,Released
2519,15856,200000,0,75,5.9088,6.7,635,1959-01-01,en,Released
2536,29723,14000000,13015688,123,5.4553,4.7,220,1979-08-17,en,Released
2562,11526,0,0,110,1.992,6.0,58,1997-07-03,de,Released
2610,4154,0,0,105,1.6891,7.2,35,1999-04-30,vi,Released
2621,33194,0,0,99,5.8026,7.235,51,1998-02-19,en,Released
2626,4927,1500000,870751,104,2.5335,6.52,122,1999-06-11,en,Released
2635,29242,0,0,60,2.1715,5.5,83,1944-12-22,en,Released
2637,31498,84000,0,67,2.9369,5.7,104,1940-09-20,en,Released
2638,29239,0,0,61,2.3494,5.5,88,1942-10-23,en,Released
2646,30793,0,0,64,2.7492,5.5,152,1945-12-07,en,Released
2647,3103,354000,0,71,2.3545,6.076,191,1944-12-15,en,Released
2649,3077,420000,0,99,4.4339,6.729,284,1939-01-13,en,Released
2650,3074,200000,0,68,3.4921,5.804,179,1942-03-13,en,Released
2653,32023,10000000,0,80,2.718,5.8,149,1943-10-20,en,Released
2663,29959,150000,1700000,79,2.8663,5.7,109,1955-05-02,en,Released
2667,41516,0,0,77,2.0109,5.2,65,1956-12-01,en,Released
2673,24858,0,0,133,23.5149,7.8,223,1998-10-23,el,Released
2678,41730,2000000,100590,90,2.1049,5.663,43,1999-06-04,en,Released
2689,68426,0,0,82,3.3877,6.545,11,1999-01-01,en,Released
2704,2767,28000000,0,126,5.4625,7.418,394,1991-10-16,fr,Released
2711,48958,0,0,98,3.1956,5.446,37,1999-08-25,en,Released
2714,16158,6000000,25059640,106,2.1766,6.701,117,1999-07-16,en,Released
2721,1812,450000,2049595,89,3.1189,6.9,111,1999-07-23,en,Released
2753,39074,8300000,12640385,114,3.5248,6.322,146,1987-01-16,en,Released
2755,2115,0,10489617,107,2.5474,5.5,60,1987-02-06,en,Released
2756,23599,0,0,104,4.1142,5.959,148,1987-01-16,en,Released
2758,41166,10000000,6148000,124,1.8961,5.7,49,1985-09-20,en,Released
2767,91076,0,840702,119,1.6305,5.438,24,1998-05-21,en,Released
2778,48781,6400000,6858261,86,4.1998,5.351,202,1995-10-20,en,Released
2780,29056,350000,1499275,86,4.4204,6.319,287,1963-01-25,en,Released
2781,26857,250000,0,82,2.7327,6.355,203,1959-07-29,en,Released
2809,15122,4000000,2924635,94,2.3663,6.535,72,1999-09-10,en,Released
2833,52366,23500000,458557,115,1.9328,6.42,75,1997-02-26,fr,Released
2834,6373,0,0,88,2.524,5.741,54,1998-05-08,en,Released
2842,18621,7000000,0,92,3.5505,5.737,139,1999-04-09,en,Released
2849,49792,12000000,612781,114,2.4956,5.813,40,1991-02-01,en,Released
2853,23761,340000,0,108,4.3647,6.4,323,1976-11-13,en,Released
2864,35122,0,45703,93,3.5636,6.2,85,1999-09-17,en,Released
2873,42848,0,0,103,3.7306,5.863,51,1998-09-06,en,Released
2913,17198,0,0,90,3.3778,6.0,78,1999-09-03,en,Released
2920,2457,0,1457,190,4.6683,8.043,469,1945-03-15,fr,Released
2933,2593,0,0,108,3.3371,7.598,251,1963-10-15,fr,Released
2938,48797,600000,1532797,109,1.717,7.517,89,1987-04-02,es,Released
3049,29048,0,0,109,2.969,5.6,39,1967-10-18,en,Released
3069,88875,0,0,100,2.834,7.3,65,1972-12-20,en,Released
3110,42087,0,0,105,1.3722,6.515,34,1984-09-29,en,Released
3118,55123,312000,1400000,102,2.005,6.4,50,1999-11-24,en,Released
3121,41462,0,0,71,2.2701,6.838,213,1953-03-30,en,Released
3128,54933,0,0,125,2.6629,6.034,73,1999-09-13,en,Released
3133,33015,0,0,83,2.0622,6.919,160,1925-11-01,en,Released
3144,33666,0,0,110,3.9708,6.319,69,1966-06-09,en,Released
3180,20761,24000000,8678812,124,3.7518,5.455,178,1999-12-25,en,Released
3188,41276,0,0,90,0.5762,6.182,11,1998-10-14,en,Released
3199,33734,3000000,7000000,111,2.3711,6.286,84,1957-10-25,en,Released
3202,11900,200000,0,96,2.4738,6.406,127,1971-02-02,de,Released
3205,27632,0,0,86,4.0237,7.383,606,1960-08-11,it,Released
3218,47620,250000,609524,85,4.1618,5.954,97,1991-04-05,en,Released
3222,21193,0,0,152,1.9059,6.886,35,1984-03-14,fr,Released
3232,32600,0,0,56,2.8748,7.504,342,1925-03-15,en,Released
3239,75531,36000000,3003296,95,3.5666,4.94,42,2000-01-28,en,Released
3245,32015,600000,0,141,2.753,7.9,261,1964-10-26,es,Released
3292,22342,0,0,88,2.9829,7.0,180,1955-02-13,en,Released
3304,14839,1700000,6521083,114,3.365,7.344,215,1978-02-10,en,Released
3309,36208,0,0,34,3.7004,7.305,375,1918-04-14,en,Released
3311,18264,0,0,103,4.4393,7.142,271,1955-08-19,en,Released
3318,25212,800000,145071,101,2.2959,6.145,38,2000-03-10,en,Released
3320,139,0,0,98,2.209,7.039,76,1999-03-12,da,Released
3339,10839,6000000,1509000,133,6.7299,7.143,503,1977-01-28,en,Released
3340,36489,70000,0,70,1.9101,4.4,136,1955-05-11,en,Released
3343,61651,0,0,100,3.3229,4.313,48,1988-03-04,en,Released
3367,31938,0,0,130,3.9769,6.349,93,1968-05-15,en,Released
3371,42232,0,0,148,1.974,6.9,87,1976-12-05,en,Released
3375,25392,592000,5000000,91,1.6684,5.929,105,1950-06-27,en,Released
3399,36536,0,13962404,88,3.0709,6.462,93,1985-08-02,en,Released
3427,26170,1500000,3110000,94,5.7761,6.319,387,1968-10-02,en,Released
3437,1496,6000000,1193062,91,3.6376,5.125,208,1991-10-18,en,Released
3457,37722,8500000,327418,105,3.6168,6.07,107,2000-03-24,en,Released
3487,6644,4653000,6000000,126,5.6946,7.362,607,1966-12-17,en,Released
3490,32613,300000,0,87,3.7311,6.341,350,1972-09-30,en,Released
3491,39406,0,4781448,97,2.4153,5.972,36,1986-01-24,en,Released
3509,38809,10000000,5241315,98,3.9299,4.649,74,1999-09-04,en,Released
3518,46625,5000000,386673,121,4.5207,5.418,79,1997-09-12,en,Released
3547,27857,0,0,111,2.9706,6.7,106,1987-04-17,en,Released
3579,21311,34000000,14400327,114,4.0083,5.43,86,2000-05-05,en,Released
3588,50627,1000000,0,103,2.2072,5.881,101,1972-10-13,en,Released
3600,18228,2000000,8400000,102,2.7794,6.035,159,1961-11-22,en,Released
3602,18642,0,8600000,104,2.7819,6.5,79,1960-11-23,en,Released
3605,18644,0,0,116,3.6087,6.4,113,1958-07-02,en,Released
3611,14906,0,1135000,42,4.8793,5.841,536,1942-08-24,en,Released
3613,52770,0,0,100,2.4287,6.2,80,1988-10-21,en,Released
3620,98502,2000000,458815,93,2.4268,5.1,38,1997-09-17,en,Released
3621,21484,2400000,1200000,124,11.6194,7.318,1439,1981-05-27,en,Released
3645,499,0,0,90,7.2505,7.7,804,1962-04-11,fr,Released
3659,26278,0,0,85,3.1718,6.4,152,1957-06-17,en,Released
3665,26959,0,0,78,3.0175,4.563,127,1998-05-26,en,Released
3718,24587,0,0,87,1.3774,5.97,33,2000-06-09,en,Released
3734,32047,8600000,8124257,167,3.5954,7.003,189,1981-08-19,en,Released
3759,46929,0,0,73,6.4481,6.271,542,1947-09-27,en,Released
3776,13757,1500000,5120000,75,4.4441,6.099,354,1948-05-27,en,Released
3777,11822,0,0,72,3.3566,5.09,334,1988-01-29,de,Released
3796,1448,0,0,98,3.1572,5.743,111,1998-11-27,en,Released
3820,16110,19000000,19748009,86,3.6936,5.344,106,2000-07-14,en,Released
3854,2211,0,927107,125,1.9314,6.8,115,1999-02-11,de,Released
3875,39891,0,0,96,2.8397,6.551,215,1968-07-20,en,Released
3885,25128,0,580372,82,3.577,6.151,139,2000-02-23,en,Released
3886,18153,0,0,107,2.059,5.676,37,2000-08-18,en,Released
3892,1698,0,0,103,2.8044,6.072,334,2000-02-03,de,Released
3903,77332,0,0,103,1.2895,5.5,40,2000-01-24,en,Released
3923,38126,0,0,80,2.9048,6.099,272,1959-07-22,en,Released
3931,34077,0,0,74,1.6743,4.246,59,1959-06-25,en,Released
3936,15855,1500000,0,89,4.5582,6.194,224,1943-08-12,en,Released
3956,10383,50000000,31355910,97,4.9604,5.084,208,2000-10-13,en,Released
3961,18498,5500000,35000000,81,3.5289,4.931,303,1984-11-16,en,Released
3970,19204,400000,123843,88,4.9349,6.876,691,1981-04-22,it,Released
3975,10783,65000000,0,105,3.4066,5.16,200,2000-10-27,en,Released
3982,77434,0,0,110,1.6532,5.516,31,2000-01-20,en,Released
4001,20721,7000000,20345361,101,5.2203,5.924,274,1985-05-03,en,Released
4028,62677,0,0,109,1.4258,6.2,39,2001-03-01,en,Released
4045,8043,6000000,2130000,95,4.6747,6.605,239,1975-12-09,en,Released
4095,12506,29000000,25900000,157,4.1294,6.996,240,1987-11-06,en,Released
4098,39507,3500000,4370078,83,3.8772,6.856,198,1987-09-03,en,Released
4100,24826,0,10348437,86,3.2696,4.935,46,1987-08-14,en,Released
4119,65501,0,1083282,116,1.4312,6.634,56,1987-11-25,en,Released
4122,40962,27000000,7300000,143,3.9686,6.345,148,1987-12-18,en,Released
4151,10697,0,0,112,2.7949,6.867,383,2000-03-01,fr,Released
4162,39180,0,0,94,3.7094,6.124,250,2001-03-02,en,Released
4169,17203,0,637769,91,3.2349,5.935,155,2001-03-01,en,Released
4177,6028,0,11000000,105,4.379,6.083,264,1980-02-06,en,Released
4179,42148,0,0,127,2.8919,7.898,256,1980-09-26,pt,Released
4183,38545,75000,546541,90,2.0188,6.842,133,1990-07-20,en,Released
4186,1888,3705000,6800000,125,4.204,7.176,361,1966-10-19,en,Released
4188,16618,0,0,112,2.1383,6.191,76,1952-12-19,en,Released
4199,17466,4000000,46700000,89,7.0519,6.27,654,1990-09-14,en,Released
4201,35976,3000000,45000000,100,2.647,5.6,72,1978-05-10,en,Released
4206,31004,0,13239000,98,3.1328,6.045,144,1989-02-17,en,Released
4213,11607,8000000,8143225,99,5.0547,5.532,358,1989-01-13,en,Released
4216,39934,0,4609953,99,1.9971,6.723,78,1989-10-11,en,Released
4222,23730,1250000,3412497,96,4.0628,5.622,324,1984-08-31,en,Released
4227,20322,6000000,27900000,106,2.5414,6.638,58,2001-03-23,en,Released
4250,28308,0,0,109,3.3279,5.5,239,2001-04-13,en,Released
4266,12484,15000000,8704851,91,3.5204,5.358,179,2001-04-27,en,Released
4272,8076,0,411383,92,1.703,6.2,45,1999-11-19,de,Released
4274,8095,36115000,57779280,251,7.1854,7.06,885,1963-06-12,en,Released
4277,2981,0,0,104,2.1535,6.7,173,1925-02-02,en,Released
4279,31863,0,0,105,4.7883,6.232,123,1989-02-17,en,Released
4283,11035,0,0,120,3.8639,7.255,374,1972-03-16,it,Released
4318,22414,22000000,39071603,101,4.17,6.644,306,1990-09-14,en,Released
4330,31527,900000,0,104,2.8167,6.903,144,1934-05-09,en,Released
4331,4988,0,0,108,3.2267,5.4,60,1977-11-18,en,Released
4332,12623,0,18782400,121,4.0469,6.576,256,1987-10-23,en,Released
4336,6498,0,0,107,3.6924,6.887,337,1994-02-25,da,Released
4341,14034,60000000,38400000,94,5.4482,5.469,350,2001-05-31,en,Released
4352,38043,0,0,98,2.3663,6.2,63,1989-04-14,en,Released
4360,21468,4300000,7100000,118,3.2415,6.096,114,1954-12-16,en,Released
4391,34899,0,0,112,2.0912,6.6,69,2000-05-17,vi,Released
4398,12236,18000000,3077361,94,4.1798,4.5,97,1989-04-21,en,Released
4401,15875,2686000,6600000,109,2.7655,6.2,164,1963-06-12,en,Released
4405,5991,0,0,90,4.3458,7.751,370,1924-12-23,de,Released
4411,16211,6500000,23000000,122,4.6316,7.03,314,1965-06-24,en,Released
4414,32569,250000,0,79,4.1616,6.625,276,1963-07-13,en,Released
4415,20075,0,37000000,88,3.5704,5.813,134,1981-07-24,en,Released
4416,28430,0,0,98,2.678,6.8,177,1961-11-01,en,Released
4417,28794,785000,1845819,87,3.2543,6.307,453,1981-08-14,it,Released
4425,32595,2000000,0,98,3.765,4.5,155,1987-05-15,en,Released
4468,5333,4000000,670774,124,2.192,6.7,63,1989-09-02,en,Released
4479,24679,9000000,2000000,161,3.4886,6.86,361,1988-06-01,en,Released
4485,34604,0,12277096,88,3.0592,5.185,92,1988-04-22,en,Released
4486,14441,0,8674093,124,3.4033,6.4,96,1988-08-10,en,Released
4493,10127,4500000,3813293,86,5.5788,6.2,543,1988-04-29,en,Released
4494,12702,0,0,86,4.8661,5.316,477,1991-12-11,en,Released
4501,5680,7500000,5596267,96,6.6041,6.7,640,1988-09-30,en,Released
4503,34053,0,12638294,127,3.3141,5.367,49,1988-11-04,en,Released
4515,26723,0,0,100,2.1712,6.981,90,1988-09-30,en,Released
4532,24929,6000000,9205924,89,5.4866,6.361,712,1988-01-15,en,Released
4543,9717,0,29300000,109,3.7658,6.599,279,1988-02-12,en,Released
4555,8463,0,4865997,120,3.0214,7.342,111,1988-12-14,en,Released
4559,26603,0,13664060,98,4.5666,5.763,211,1988-02-25,en,Released
4561,29095,3000000,808114,97,3.6764,6.166,341,1988-06-17,en,Released
4566,25678,350000,4000000,90,4.6861,5.557,341,1987-05-01,en,Released
4567,25682,0,902152,89,3.4427,4.833,195,1989-02-24,en,Released
4570,45225,5000000,117463,100,4.1695,5.923,110,1989-09-15,en,Released
4618,14372,25000000,15704614,98,5.2601,5.971,586,1989-03-17,en,Released
4620,9972,24000000,22099847,109,6.3348,6.797,1368,1989-08-04,en,Released
4627,39197,0,0,102,1.9289,5.768,28,1989-04-28,en,Released
4633,27607,3000000,870532,82,1.9834,5.905,199,1989-01-27,en,Released
4637,12663,16000000,4192440,105,3.6591,5.994,319,1988-12-24,en,Released
4652,19142,4000000,192816,84,4.0358,5.468,266,1989-05-11,en,Released
4655,32767,0,0,105,2.0196,7.0,46,1989-08-12,en,Released
4659,32261,0,8800000,115,3.5176,6.0,105,1989-03-03,en,Released
4664,18683,0,0,108,2.4713,6.341,113,1989-08-30,en,Released
4665,12521,5000000,16554699,111,2.9601,5.572,473,1989-03-23,en,Released
4680,7091,2000000,725131,104,5.3368,5.96,510,1989-06-02,en,Released
4682,11342,7000000,9094451,103,5.7979,6.309,460,1989-06-01,en,Released
4685,24126,3000000,3902679,98,2.5648,5.436,203,1993-05-01,en,Released
4692,11308,7500000,5100000,110,3.8029,5.7,137,1984-03-09,en,Released
4696,19317,12600000,10200000,93,3.4148,5.991,56,1981-07-17,en,Released
4706,11684,0,6950125,101,2.5815,6.083,120,1980-12-10,fr,Released
4712,1627,0,0,83,3.2063,7.057,316,1970-02-26,fr,Released
4716,33214,0,0,123,3.2107,6.558,172,1980-03-02,en,Released
4737,37920,0,970676,106,2.6294,6.4,84,2001-06-22,en,Released
4752,27346,350000,10000000,88,3.0144,6.4,512,1980-11-14,en,Released
4758,14033,17000000,4299141,84,3.3398,4.575,200,2001-09-06,en,Released
4767,26661,0,0,79,3.3187,5.944,126,1955-04-16,en,Released
4768,5998,0,0,271,3.3714,7.66,215,1922-04-27,de,Released
4806,25905,0,1450000,128,3.4158,7.112,232,1965-06-24,sk,Released
4834,13612,0,41675194,99,3.5381,5.905,279,1980-07-18,en,Released
4837,27958,11000000,19814523,102,6.9515,6.589,654,1980-02-15,en,Released
4842,20681,8000000,5484132,118,3.8831,5.835,185,1980-12-17,en,Released
4872,11845,0,2672527,120,8.9552,6.201,563,2001-01-20,en,Released
4918,40739,3000000,0,167,4.45,6.74,150,1958-04-02,en,Released
4930,34388,0,0,102,4.5433,6.4,170,1966-12-22,en,Released
4949,15983,12000000,17536256,107,5.3275,5.78,363,1985-09-27,en,Released
4950,14854,5000000,12232628,107,6.0439,6.493,440,1983-04-15,en,Released
4972,42597,0,0,95,3.3947,6.207,70,1970-11-03,en,Released
4996,18939,0,116710,131,3.0326,7.006,157,2001-01-25,cs,Released
4999,31507,0,0,101,2.5526,7.113,150,1936-09-23,en,Released
5001,18783,0,2300000,97,2.5655,7.231,162,1943-09-22,en,Released
5002,12593,700000,90000000,78,4.8431,6.197,403,1972-04-14,en,Released
5003,14683,1500000,3000000,76,2.9892,5.14,89,1974-09-18,en,Released
5005,43136,0,0,98,2.7077,7.051,138,1958-12-18,en,Released
5017,14580,0,0,89,4.633,7.7,575,1953-10-14,en,Released
5022,42987,0,0,116,4.7387,7.6,383,1963-11-14,en,Released
5036,26686,0,42000000,103,3.478,5.858,127,1978-03-19,en,Released
5038,27273,0,0,96,3.2781,6.77,115,1982-08-17,en,Released
5056,11710,0,0,109,3.935,7.333,389,1974-11-01,de,Released
5078,52744,12000000,11129057,106,5.3938,6.656,414,1984-11-21,en,Released
5090,11594,1000000,0,115,4.1942,6.704,125,1956-12-19,fr,Released
5101,21921,0,0,94,2.269,6.722,54,1983-10-28,en,Released
5117,39282,8500000,40055897,136,4.6227,5.278,72,1975-03-15,en,Released
5118,40687,0,5600000,105,3.0227,6.661,112,1972-12-17,en,Released
5119,37230,0,0,90,2.9569,7.028,162,1960-10-27,en,Released
5122,41357,0,0,103,2.7933,6.726,164,1971-04-19,en,Released
5125,14475,8000000,11715321,113,5.7282,6.43,306,1980-07-11,en,Released
5140,66946,0,7092495,92,2.9886,4.8,43,1978-06-30,en,Released
5141,19050,0,19104350,100,2.4216,5.8,48,1977-07-08,en,Released
5142,38442,0,0,73,3.6652,7.07,264,1967-12-15,cs,Released
5145,39387,0,0,81,3.7615,6.987,199,1965-11-12,cs,Released
5161,46717,45000000,21355893,98,4.1842,5.087,177,1994-01-21,en,Released
5164,35614,23000000,71368,75,4.3354,5.1,159,1994-10-07,en,Released
5169,17058,1202000,2948500,103,4.6693,7.595,459,1945-12-25,en,Released
5172,15186,2000000,3438804,112,4.7226,4.637,115,2002-08-02,en,Released
5179,10889,0,4059673,122,2.5938,6.884,277,1980-10-01,en,Released
5184,10935,44000000,3484331,217,6.0765,6.75,432,1980-11-19,en,Released
5193,15310,13000000,27118000,115,2.7561,5.947,75,1980-12-17,en,Released
5199,14729,10000000,15795189,100,5.5354,6.655,297,1980-05-16,en,Released
5211,26200,0,0,94,3.3879,5.346,91,1980-05-09,en,Released
5230,17804,0,0,91,2.9795,6.086,81,1948-12-17,en,Released
5232,13861,0,3200000,85,2.057,6.4,48,1940-03-22,en,Released
5235,13006,7000000,5430822,90,4.4692,5.953,376,1992-05-01,en,Released
5276,40814,0,0,107,4.8523,6.267,204,1984-10-19,en,Released
5287,25501,0,0,114,3.2712,5.674,86,1990-08-24,en,Released
5305,15482,1000000,5000000,98,3.1262,5.637,256,1988-04-22,en,Released
5310,25133,3000000,7200000,93,2.1255,5.307,169,1985-11-08,en,Released
5335,42048,0,0,98,2.911,5.444,63,1985-07-14,en,Released
5352,1815,0,0,100,2.9697,5.833,105,1978-03-13,en,Released
5354,28289,3000000,25800000,103,4.8817,7.203,249,1969-12-16,en,Released
5359,32221,7500000,6266621,112,2.8477,6.152,83,1991-09-10,en,Released
5367,11240,860000,2451545,98,3.5535,6.7,324,1985-11-16,en,Released
5368,46592,0,0,89,3.4072,8.0,226,1959-12-01,ru,Released
5383,11791,0,0,87,3.5091,6.793,393,1959-05-04,en,Released
5392,24010,220000,7270000,95,3.8936,6.071,254,1956-08-31,en,Released
5431,34130,0,7435671,109,3.2124,5.807,176,1978-10-06,en,Released
5439,27225,0,0,121,2.0214,6.01,101,1981-07-01,en,Released
5453,27224,0,0,114,2.019,6.3,45,1993-05-14,en,Released
5482,18357,35000000,18012097,88,4.9955,4.7,135,2002-07-26,en,Released
5516,6173,0,0,115,3.3959,7.052,385,2001-10-17,fr,Released
5526,8653,50000,24963,90,3.6666,6.929,380,2000-04-22,ko,Released
5546,24038,0,2955917,92,3.7116,5.298,156,1988-12-09,en,Released
5555,10725,17000000,10626725,115,3.3689,5.943,264,1981-07-24,en,Released
5561,13571,20000000,418807,111,2.7124,6.238,82,1991-03-15,en,Released
5598,23470,6500000,4916135,87,2.9434,5.029,156,1993-08-12,en,Released
5600,233,0,23000000,117,4.6984,6.953,236,1979-07-13,en,Released
5605,29698,0,0,94,1.6101,7.1,253,1999-11-12,en,Released
5606,22244,0,0,100,7.9759,6.7,662,1990-03-30,en,Released
5642,33831,0,0,122,3.3019,6.0,123,1979-09-09,en,Released
5647,34600,0,0,90,1.882,4.232,71,1997-06-27,en,Released
5653,10772,0,17277,92,5.1741,7.223,1033,1966-04-06,it,Released
5655,74899,10000000,3100000,95,2.2153,5.8,60,1981-05-15,en,Released
5677,15992,25000000,10719357,99,3.4969,4.846,188,2002-10-14,en,Released
5686,16646,0,6723732,99,2.4057,7.226,517,2002-05-22,ru,Released
5691,10285,3000000,15935068,88,7.758,4.584,1138,1993-08-13,en,Released
5692,19403,3000000,0,99,4.4158,6.668,361,1972-10-06,en,Released
5705,15668,20000000,22762571,96,3.0934,5.675,295,1980-08-08,en,Released
5715,24124,1500000,0,91,5.1368,6.2,471,1981-05-08,en,Released
5722,19123,0,0,94,3.9991,7.134,738,1981-12-09,fr,Released
5726,24274,3000000,216166,94,3.4693,6.371,340,1981-05-29,en,Released
5729,19114,9700000,32492674,116,6.4995,5.667,258,1981-07-17,en,Released
5731,24740,9000000,13277558,125,7.3561,6.9,603,1982-09-30,en,Released
5732,10863,0,18000000,108,4.9182,6.7,265,1981-07-24,en,Released
5734,15900,0,0,79,1.895,4.1,65,1981-05-01,en,Released
5737,15902,0,0,90,1.3811,4.0,34,1990-11-28,en,Released
5739,15904,0,0,70,0.932,3.9,17,1996-10-04,en,Released
5743,23668,10000000,65200000,125,4.0502,6.492,130,1981-02-06,en,Released
5765,41394,0,0,79,3.8869,7.3,164,1981-11-20,en,Released
5769,63443,0,0,93,2.0803,6.79,100,1981-03-13,en,Released
5770,22171,62000,0,81,4.3251,6.708,420,1981-04-24,en,Released
5777,17450,22000000,9171289,108,2.4436,6.1,110,1981-12-11,en,Released
5794,14626,0,0,93,4.5474,7.1,378,2000-05-03,fr,Released
5800,26685,0,12000000,118,3.2681,6.3,155,1965-01-26,en,Released
5808,13526,16000000,109130,113,4.4693,5.4,195,2001-03-30,en,Released
5815,10167,25000000,19233280,98,4.8361,5.142,408,2002-11-15,en,Released
5824,2165,11000000,595214,96,2.6446,5.331,168,2002-01-18,en,Released
5825,25037,2000000,275472,163,3.0021,7.462,278,1943-07-26,en,Released
5830,18993,2000000,0,101,5.0084,6.6,213,1961-12-19,en,Released
5852,20472,0,0,76,2.3655,5.1,111,1981-10-30,en,Released
5854,14664,17500000,35610100,122,3.3506,6.199,118,1981-12-18,en,Released
5859,12528,0,0,106,3.7845,6.84,372,1981-09-24,en,Released
5864,26325,0,36565280,115,3.7697,4.1,113,1981-08-07,en,Released
5869,32077,0,0,108,3.97,6.128,193,1981-09-25,en,Released
5898,13945,4000000,39103425,100,4.55,5.51,146,1982-04-01,en,Released
5914,30142,0,0,55,2.2126,6.764,55,1981-10-08,en,Released
5936,67772,850000,840000,110,2.4427,5.9,79,1982-11-12,en,Released
5937,4202,0,0,136,3.7461,6.855,179,1983-01-12,fr,Released
5940,28940,350000,0,87,2.8584,6.452,155,1982-03-24,en,Released
5958,14317,35000000,0,85,6.5692,6.488,298,2002-12-20,en,Released
5960,24249,7000000,12626043,99,3.1155,5.985,203,1990-03-09,en,Released
5981,21143,750000,0,93,3.3618,6.091,198,1963-04-24,en,Released
5983,20424,290000,0,78,3.7814,5.925,212,1953-04-09,en,Released
6008,35172,0,0,103,3.2566,7.474,173,2002-10-04,fr,Released
6032,20813,0,0,108,3.3582,6.858,88,1979-04-27,en,Released
6077,4193,10000000,6110804,117,5.6546,6.881,540,1982-03-05,en,Released
6082,42136,4500000,6000000,92,1.7459,6.888,40,1982-12-16,en,Released
6092,27088,0,5829781,93,4.4005,6.6,266,1982-06-26,en,Released
6094,20980,500000,0,113,2.1749,5.777,146,1982-08-01,en,Released
6114,37997,12000,0,75,2.3402,5.899,223,1981-03-06,en,Released
6118,127,0,0,114,3.1077,7.5,252,1987-01-10,pl,Released
6120,27726,1200000,0,93,4.7959,5.709,501,1982-09-08,en,Released
6126,2262,0,0,105,2.6225,7.204,162,1982-05-13,de,Released
6229,27236,850000,0,102,3.6924,6.946,261,1971-07-07,en,Released
6230,42459,0,0,96,2.792,6.113,80,1973-08-26,en,Released
6233,44968,0,17952857,100,2.8255,5.288,100,1993-03-26,en,Released
6243,9669,6000000,31365000,95,5.6468,5.822,480,1999-01-23,ja,Released
6247,66027,1250000,0,131,3.361,6.575,140,1969-09-13,en,Released
6260,29912,4350000,36000000,135,4.7479,6.813,297,1953-09-16,en,Released
6304,14237,0,4352094,96,2.9125,6.145,296,1994-04-22,en,Released
6325,19153,7500000,5345083,96,1.102,4.089,28,2003-04-23,en,Released
6356,22201,0,11750000,123,6.5797,7.003,400,1957-05-30,en,Released
6392,14676,0,0,114,4.0858,6.438,242,1970-05-01,en,Released
6394,21717,4800000,7500000,110,5.033,6.8,254,1971-05-26,en,Released
6401,26593,0,0,116,5.2668,6.47,297,1970-04-01,en,Released
6403,33564,0,0,95,3.8727,7.338,278,1968-08-09,en,Released
6413,11145,12500000,61801971,122,3.1937,6.121,173,1979-12-21,en,Released
6416,29586,0,0,134,2.751,7.151,83,1965-10-27,en,Released
6430,34759,0,0,90,2.5554,7.347,55,1983-12-23,en,Released
6441,11463,12000000,0,132,5.0537,6.8,362,1969-09-15,en,Released
6450,37103,0,0,108,3.1154,6.953,149,1957-03-13,en,Released
6457,18780,0,0,97,2.825,6.844,125,1960-02-11,en,Released
6470,38765,4000000,6000000,111,4.8091,6.6,212,1970-07-23,en,Released
6475,24073,0,11359129,103,2.1129,5.636,55,1990-03-30,en,Released
6478,33638,0,0,120,4.2225,6.522,185,1972-12-01,en,Released
6481,48864,0,0,107,2.8819,6.17,47,1990-02-23,en,Released
6485,20694,25000000,55443032,81,7.5139,6.387,345,2003-06-13,en,Released
6488,18300,0,0,91,3.0123,5.522,147,2002-10-30,fr,Released
6518,18886,35000000,14587732,115,5.0293,5.805,151,1991-01-18,en,Released
6519,24109,4500000,13600000,95,4.5177,6.561,82,1977-03-18,en,Released
6525,40634,25000000,0,116,2.7457,6.358,127,1987-11-20,en,Released
6531,70912,0,667,112,2.4166,6.216,44,1993-09-25,en,Released
6602,27814,0,0,86,2.478,6.682,318,1988-04-15,en,Released
6630,37451,3500000,9000000,154,3.2318,6.8,87,1958-11-23,en,Released
6641,30970,0,95242,118,3.4532,6.719,290,2000-11-15,fr,Released
6642,13154,8000000,2275557,79,6.9112,6.458,563,1991-08-23,en,Released
6646,3055,5000000,50000000,123,4.0526,6.023,152,1967-12-27,en,Released
6652,14881,0,6330000,88,3.9872,6.405,426,1972-07-19,en,Released
6653,26198,6000000,3661757,96,3.8919,5.633,335,1983-12-16,en,Released
6672,12722,0,0,96,1.5285,7.48,76,2001-11-01,de,Released
6703,9616,35000000,11600000,102,3.6239,5.7,388,2003-09-05,en,Released
6725,36759,18000000,20378470,111,3.3217,4.371,62,1978-07-21,en,Released
6727,19383,130000,0,90,2.8823,7.099,247,1968-08-13,en,Released
6730,9584,12000000,45000000,112,7.3811,6.294,444,1978-06-27,en,Released
6735,16323,9250000,29174648,125,2.8428,6.674,138,1979-11-07,en,Released
6743,23033,0,0,106,2.6129,6.4,116,1942-04-03,en,Released
6779,37672,1180000,19703082,119,2.9164,6.483,89,1978-04-23,en,Released
6784,40440,0,0,137,1.765,7.841,148,1976-10-20,en,Released
6805,9501,6100000,0,102,6.2381,6.366,373,1995-04-23,en,Released
6813,13343,700000,0,90,4.3681,6.738,103,1966-01-20,en,Released
6815,11338,11400000,6700000,115,5.8189,6.5,341,1985-02-22,en,Released
6840,32082,0,0,103,3.3478,6.632,114,1971-12-14,en,Released
6859,29451,0,0,107,2.3413,6.975,101,1941-10-17,en,Released
6864,28236,0,0,140,1.958,8.1,64,2003-10-03,en,Released
6892,30141,8000000,435625,109,3.2791,5.113,152,2003-10-24,en,Released
6896,42044,0,20175,566,2.895,8.243,228,1985-04-21,fr,Released
6900,50374,8000000,15769322,143,2.7705,6.669,170,1977-04-01,en,Released
6910,18979,400000,0,91,2.542,6.164,149,1973-04-07,en,Released
6976,38939,406300,3000000,93,3.281,6.841,358,1972-03-09,en,Released
6977,10952,8500000,47624253,101,4.6524,6.74,638,1991-03-08,en,Released
6988,899,0,2400000,88,2.7577,6.916,251,1919-05-13,en,Released
6991,11002,0,45858563,143,6.4838,6.377,513,1984-03-30,en,Released
6995,5227,300000,0,92,4.0849,4.086,361,1970-02-23,en,Released
7003,2297,11000000,0,98,2.9792,6.411,163,1991-11-15,en,Released
7011,8047,0,286126,105,2.7147,6.708,306,1986-03-07,es,Released
7014,10413,15000000,64000000,94,9.8607,6.562,861,1993-01-15,en,Released
7029,29437,530000,0,91,3.3106,6.321,582,1977-04-08,en,Released
7035,14746,14500000,8089290,93,7.5519,6.892,569,1984-06-01,en,Released
7039,12395,0,0,119,5.4302,6.356,333,1992-04-03,en,Released
7042,11986,0,2003822,120,5.9179,7.205,481,1986-04-09,fr,Released
7043,1626,64000,24517,84,5.1773,7.695,720,1962-09-20,fr,Released
7068,4024,0,0,95,3.8876,7.439,557,1961-09-29,fr,Released
7095,37749,0,22512655,136,4.753,6.276,134,1977-10-19,en,Released
7119,16814,0,0,90,2.9657,5.923,98,1990-04-13,en,Released
7126,32040,0,0,135,4.458,7.025,304,1976-02-15,en,Released
7128,3596,0,0,100,2.8062,6.476,229,1936-03-31,en,Released
7135,1818,0,0,85,3.4927,7.2,456,1960-11-25,fr,Released
7136,255,350000,1500000,90,7.062,7.296,472,1968-09-04,fr,Released
7157,19187,2000000,94615,81,2.8655,5.5,67,2003-12-05,en,Released
7198,17258,15000000,13290368,81,4.6641,5.655,207,1987-09-18,en,Released
7199,34681,0,0,84,2.1225,5.351,37,2003-12-04,en,Released
7210,3088,2000000,2750000,97,4.7777,7.472,502,1946-10-17,en,Released
7227,38606,0,0,112,3.2191,6.74,77,1966-03-29,en,Released
7241,29933,0,0,96,2.7827,7.643,168,1957-04-20,pl,Released
7250,20444,0,0,98,3.7857,6.793,147,1970-05-28,en,Released
7272,21968,500000,30000000,91,2.105,6.31,166,1972-08-04,en,Released
7286,47802,0,0,105,2.3799,6.718,74,1992-10-14,en,Released
7300,11951,1300000,72266306,105,5.8402,7.088,546,1971-01-15,en,Released
7334,1723,0,0,95,3.083,7.0,185,1976-09-30,en,Released
7338,43323,0,0,155,2.7656,7.196,97,1955-12-13,en,Released
7355,47168,15400000,2300000,88,3.2314,5.754,63,1996-10-16,en,Released
7365,1720,0,0,90,2.2013,7.0,109,2003-02-28,is,Released
7374,13700,110000000,145358062,76,12.1239,6.068,2213,2004-04-02,en,Released
7383,14576,6800000,0,101,5.5933,6.2,274,2003-05-18,en,Released
7389,3591,0,0,100,4.6339,6.2,255,1966-11-24,en,Released
7410,12239,0,6486797,103,2.7663,5.59,206,1983-10-14,en,Released
7416,16561,0,0,111,2.2557,6.892,111,1975-11-06,en,Released
7437,15673,20000000,11341016,98,2.8146,5.891,96,2004-04-16,en,Released
7442,237,6400000,2500000,93,4.7644,5.881,201,2003-09-26,en,Released
7453,11025,30000000,21289826,91,5.83,6.1,952,2004-05-07,en,Released
7478,42015,0,0,85,1.5651,7.017,29,1987-03-13,en,Released
7484,132,0,252570,92,3.0169,7.353,201,1970-12-13,en,Released
7485,28276,0,0,94,3.0669,7.716,331,1959-05-12,ja,Released
7489,4339,0,0,92,1.5175,6.7,42,1990-02-15,de,Released
7505,22137,1500000,0,275,3.077,7.752,260,1994-11-24,da,Released
7577,44864,650000,0,134,2.259,7.136,103,1975-10-04,sv,Released
7585,50363,1100000,6500000,100,2.6444,6.72,173,1955-06-21,en,Released
7586,633,0,0,148,2.6917,7.1,183,1977-09-22,nl,Released
7617,17538,10000000,17594566,108,3.5757,6.433,231,1975-11-01,en,Released
7626,10261,0,15545943,104,4.3126,5.876,263,1991-05-10,en,Released
7637,25355,0,0,99,2.936,6.718,255,1996-10-01,fr,Released
7725,9624,50000000,49000000,101,5.6758,5.2,531,1994-02-18,en,Released
7759,1394,875000,311708,124,3.5418,7.783,624,1983-05-01,ru,Released
7771,10604,783000,9000000,142,4.5508,7.451,400,1964-12-14,el,Released
7790,31112,0,2013193,76,2.4038,6.369,107,1980-05-30,en,Released
7791,11060,15000000,27734391,115,5.8627,6.4,463,1990-01-12,en,Released
7809,49320,0,0,123,2.3338,6.011,45,1999-01-22,fi,Released
7817,4923,1570000,1800000,106,4.0186,5.945,544,1974-02-06,en,Released
7827,10133,7500000,898365,96,3.5373,6.63,661,2002-10-01,en,Released
7836,9459,600000,50000000,224,2.8848,7.551,302,1970-03-26,en,Released
7881,26860,50000,0,67,2.053,5.976,288,1932-07-28,en,Released
7897,23330,3716946,5000000,121,3.8259,6.978,231,1970-03-18,en,Released
7915,10686,0,0,111,1.1989,6.656,61,1998-10-27,ja,Released
7918,25598,7000000,191125,127,3.9613,6.534,161,1991-09-20,en,Released
7919,25858,0,0,98,3.7903,7.6,320,1948-04-27,ja,Released
7933,26940,0,0,85,3.5013,6.829,164,1946-05-10,en,Released
7941,11700,0,0,109,4.2159,7.414,280,1955-12-26,sv,Released
7942,47735,0,0,98,2.5316,7.343,408,1953-02-09,sv,Released
7990,26326,200000,0,93,2.951,6.31,163,1979-04-20,en,Released
8017,26234,0,0,111,2.6887,7.277,222,1971-02-10,en,Released
8039,11574,0,0,92,4.9068,6.9,212,1969-03-26,en,Released
8062,25853,250000,144008,101,2.2966,5.244,330,2002-06-21,en,Released
8134,14258,0,0,86,1.6405,6.2,183,2003-07-17,ko,Released
8273,4507,0,0,94,6.1412,6.213,413,1992-09-03,es,Released
8291,4879,0,0,92,3.2831,6.298,141,1965-07-31,en,Released
8295,1994,219869,443000,63,4.4011,6.908,327,1932-09-16,en,Released
8330,25495,0,0,111,2.6605,6.709,127,1960-01-27,en,Released
8334,15573,6000000,7500000,134,5.3149,7.079,277,1972-01-13,en,Released
8367,24190,9966600,499149,113,2.8823,6.105,223,2003-08-28,fr,Released
8395,26331,0,2200000,120,4.459,6.954,174,1973-06-14,en,Released
8401,17481,0,0,85,3.5761,6.9,175,1939-09-01,en,Released
8404,27118,0,0,80,2.8303,7.147,238,1939-03-24,en,Released
8485,8341,3000000,0,138,2.3172,7.464,137,2002-04-30,bo,Released
8496,27554,1645000,2197000,110,5.104,6.811,380,1971-06-01,en,Released
8499,26973,3500000,11600000,110,6.5168,6.971,437,1978-04-05,en,Released
8516,28162,450000,1750000,104,6.016,7.738,486,1946-12-15,en,Released
8520,20676,8000000,16600000,108,4.6383,6.817,277,1992-04-15,en,Released
8527,3515,0,490964,97,3.8428,5.489,132,2003-05-14,en,Released
8573,29456,0,0,92,1.9022,6.885,87,2003-05-17,da,Released
8576,9256,0,0,90,2.5187,6.4,246,2003-02-06,sv,Released
8584,17645,0,0,110,3.4486,7.4,289,1945-12-25,en,Released
8589,29383,4414000,0,189,1.7296,6.905,100,1989-11-30,fi,Released
8602,15484,0,0,87,1.9749,6.9,276,1960-10-14,en,Released
8618,26596,0,0,110,3.8404,7.4,490,1954-05-26,en,Released
8639,10742,0,12520799,95,4.7482,5.75,264,2004-07-02,en,Released
8642,9893,10000000,10143022,89,6.1938,6.086,544,2004-07-09,en,Released
8651,45793,12000000,11500000,132,3.0294,6.609,78,1972-12-12,en,Released
8661,11897,15000000,76729,164,6.0765,6.976,515,1962-11-02,en,Released
8675,15876,0,0,97,4.6949,7.167,222,1957-12-25,en,Released
8731,10910,1500000,0,119,3.227,6.61,118,1952-10-24,en,Released
8739,47796,0,0,110,2.8032,7.881,445,1962-09-22,it,Released
8751,18671,0,0,87,3.2226,7.4,316,1950-01-20,en,Released
8752,17218,0,0,73,2.6352,7.353,184,1949-03-29,en,Released
8767,19974,0,0,95,4.0098,7.262,191,1948-03-18,en,Released
8768,22112,0,0,88,3.4031,7.096,188,1949-02-04,en,Released
8785,50247,0,0,125,1.6003,7.848,214,1951-10-03,ja,Released
8786,46326,0,0,93,3.6512,7.4,317,1938-05-17,fr,Released
8797,27375,105000,0,90,1.7541,7.165,103,1969-04-17,en,Released
8811,11052,20000000,29266490,89,5.0906,6.132,387,2004-08-13,en,Released
8854,24924,1200000,3109904,90,4.6524,6.249,410,1988-09-09,en,Released
8859,31117,0,9109322,88,3.2798,2.933,172,2004-08-27,en,Released
8862,14198,0,0,87,3.0624,6.236,160,2004-09-10,en,Released
8872,13702,15000000,1914166,89,5.0569,5.4,310,2004-09-24,en,Released
8884,10905,16000000,8645411,92,5.2867,5.743,321,1985-07-18,en,Released
8899,42172,0,0,108,3.672,6.772,336,1979-02-09,en,Released
8923,11121,12000000,20101247,172,4.5845,7.062,393,1979-10-06,en,Released
8930,12456,0,279032,88,2.6584,6.902,183,2003-11-07,da,Released
8956,9391,0,1673411,100,4.1048,5.823,150,2004-10-29,en,Released
8999,74719,0,4979380,133,2.6959,7.0,44,1976-05-16,en,Released
25741,58129,0,0,108,3.3755,7.736,375,1921-01-01,sv,Released
25744,57283,220000,0,105,3.66,7.611,456,1922-09-18,sv,Released
25755,964,0,2000000,107,3.5504,7.118,418,1925-06-29,en,Released
25763,905,0,885533,141,3.2044,7.433,270,1929-01-30,de,Released
25764,31411,0,797000,74,3.0027,7.806,452,1928-09-10,en,Released
25774,5729,0,7940,63,3.3002,6.762,353,1930-11-28,fr,Released
25777,13911,0,0,77,2.7763,6.926,223,1931-09-19,en,Released
25793,779,0,19,74,4.0027,7.253,614,1932-05-06,de,Released
25828,17030,0,0,82,2.0605,7.103,224,1936-02-08,en,Released
25866,26201,1700000,2000000,127,2.9982,7.17,162,1940-08-10,en,Released
25868,29884,0,2641000,111,2.5248,7.391,252,1941-12-02,en,Released
25891,18727,0,0,112,3.5606,6.891,252,1943-08-05,en,Released
25911,17136,0,0,99,3.863,7.37,397,1944-10-25,en,Released
25929,19169,0,0,112,3.9849,7.204,243,1947-10-09,en,Released
25930,43461,0,0,116,2.6322,7.273,233,1947-01-30,en,Released
25938,37347,2500000,3000000,128,4.7244,7.026,427,1948-05-21,en,Released
25941,946,0,0,87,3.0522,7.771,349,1948-04-28,en,Released
25943,20482,0,0,96,3.413,7.209,292,1948-03-04,en,Released
25954,4558,0,0,95,4.0311,7.647,309,1950-09-29,fr,Released
25971,43358,0,0,118,2.5984,6.402,51,1952-07-17,en,Released
25995,31372,0,0,94,2.4566,7.164,216,1954-09-25,ja,Released
26007,36439,0,0,181,1.6372,7.2,75,1955-12-23,fi,Released
26055,46918,0,0,115,2.1505,7.5,207,1959-11-17,ja,Released
26064,31589,229000,144000,150,3.0169,7.7,295,1960-09-19,ja,Released
26094,21135,0,0,126,6.0123,7.6,568,1962-04-13,it,Released
26101,15263,4000000,14500000,127,5.8537,6.592,266,1963-11-12,en,Released
26111,15421,0,9100000,148,3.9218,7.163,208,1964-03-11,en,Released
26148,3482,5800000,6800000,133,3.6331,7.58,395,1964-09-24,en,Released
26163,135,0,0,96,2.5589,7.365,181,1967-05-17,en,Released
26178,5767,0,0,112,5.05,7.019,270,1967-04-27,en,Released
26203,14801,2000000,308828,100,4.8756,6.949,273,1970-04-08,en,Released
26208,48831,0,0,110,3.1112,7.633,368,1969-06-04,fr,Released
26240,31906,475000,1100000,105,3.603,7.04,520,1971-01-23,en,Released
26241,31767,2000000,11000000,112,6.1342,7.5,458,1971-07-16,en,Released
26246,16328,1000000,0,112,4.0132,7.495,429,1971-08-04,en,Released
26269,41471,0,0,84,2.6293,7.379,256,1972-01-15,ja,Released
26270,17810,0,0,81,2.415,7.364,199,1972-04-22,ja,Released
26294,9474,0,0,117,6.1918,7.273,1092,1973-12-13,it,Released
26302,31587,875000,4000000,112,3.0565,7.035,361,1973-04-11,en,Released
26306,28498,0,1000000,104,2.7331,6.7,257,1973-03-16,en,Released
26318,5558,0,6749,104,4.4548,7.466,342,1974-09-10,fr,Released
26349,32042,0,0,100,4.5946,6.715,377,1975-06-11,en,Released
26393,38985,22000000,9000000,122,5.5074,7.461,696,1977-06-24,en,Released
26395,16378,200000,0,73,2.728,6.814,110,1978-03-22,en,Released
26398,11935,5000000,12000000,123,6.8612,6.778,528,1977-12-10,en,Released
26400,24998,0,0,83,1.441,6.793,116,1978-10-01,en,Released
26425,19827,9000000,38200000,103,4.7469,6.604,140,1979-06-15,en,Released
26431,33665,0,0,144,3.3176,7.592,267,1977-12-22,en,Released
26462,13633,0,9190819,123,7.5486,6.988,321,1983-03-25,en,Released
26476,11948,0,2306560,124,5.0178,7.3,546,1983-05-28,ja,Released
26479,15716,0,694497,112,2.2955,6.029,51,1983-02-18,en,Released
26485,232,10000000,2494480,94,6.8846,6.965,785,1983-10-09,en,Released
26491,22998,9000000,13030214,107,4.6384,6.72,241,1983-12-16,en,Released
26513,10179,9000000,14250000,94,4.7519,5.651,222,1984-03-16,en,Released
26540,14029,1800000,0,89,4.8578,6.628,662,1985-10-04,it,Released
26550,27064,5000000,502758,121,5.9181,7.815,370,1985-09-20,ja,Released
26558,18502,1700000,0,86,4.6144,5.976,548,1985-06-14,en,Released
26565,9318,0,0,79,6.054,6.782,750,1986-12-03,fr,Released
26663,38695,0,0,79,1.7522,7.237,186,1989-05-24,fr,Released
26688,9569,10000000,47410000,95,6.9758,5.991,696,1990-02-09,en,Released
26699,30017,0,0,98,2.9203,7.965,462,1990-05-09,fa,Released
26746,14362,14000000,39673161,91,7.5448,6.176,536,1991-04-12,en,Released
26758,41804,0,0,115,3.0776,7.101,199,1991-12-18,fr,Released
26788,38143,0,1890247,100,2.0168,7.314,169,1992-08-31,zh,Released
26925,13063,125000,0,97,1.7737,6.391,175,1996-08-30,en,Released
26939,8214,0,0,97,2.8562,7.575,213,1996-01-26,fi,Released
27005,19846,0,0,104,2.252,6.798,171,1998-03-03,en,Released
27033,22140,0,0,280,1.9839,7.558,66,1998-07-17,da,Released
27073,13428,0,0,103,3.4928,6.604,169,1999-07-29,en,Released
27109,2487,0,0,97,3.0067,7.518,440,1973-12-01,ja,Released
27163,11854,2420000,25690000,185,3.0686,7.467,448,1998-10-16,hi,Released
27338,467,4158370,7819851,102,5.092,6.195,924,2001-04-20,en,Released
27351,11366,1000000,0,90,2.8162,5.942,274,2000-02-11,ja,Released
27362,10757,7500000,11336308,209,5.1875,7.683,632,2001-12-14,hi,Released
27366,23160,0,64974,139,4.6879,7.868,398,2001-02-01,hu,Released
27376,3577,0,0,150,2.5155,7.2,118,2001-01-21,de,Released
27391,19448,0,0,95,2.9156,6.19,63,2002-01-10,en,Released
27402,10836,4800000,0,95,3.9912,6.116,497,2001-10-12,en,Released
27423,40096,0,4903192,104,6.3099,8.4,1246,2000-09-15,pt,Released
27518,14752,2079000,4099000,183,2.8687,6.901,353,2001-07-24,hi,Released
27608,5552,24665810,0,103,4.2941,5.694,469,2004-03-13,fr,Released
27648,15271,10000000,0,106,2.4721,6.3,97,2003-10-03,en,Released
27700,11197,3000000,12469000,113,4.0124,7.333,412,2003-09-16,sv,Released
27727,363,0,11030861,122,4.9808,7.488,647,2004-03-11,de,Released
27729,4254,0,13214520,187,8.0929,7.473,459,2003-11-27,hi,Released
27792,37209,0,0,100,2.4994,6.9,74,2003-09-17,en,Released
27800,11049,4000000,6664789,68,3.9985,7.809,545,2003-05-28,en,Released
27828,24860,0,0,114,1.9586,6.699,161,2003-10-15,nl,Released
27857,464,0,0,132,2.8021,7.132,197,2004-09-03,sv,Released
27871,20544,0,0,110,6.3411,7.953,327,2004-05-30,en,Released
30701,986,800000,0,115,2.776,7.2,252,1965-12-22,en,Released
30712,31713,10000000,0,71,3.0306,7.256,180,1952-05-03,en,Released
30867,26275,0,0,102,4.6005,7.1,255,2004-05-29,ja,Released
31035,21259,1500000,2044892,90,4.3731,6.412,144,1983-11-04,en,Released
31251,24749,0,0,100,3.2191,6.208,149,1984-04-13,en,Released
31255,17657,8000000,4600000,149,4.0571,6.384,199,1968-04-04,en,Released
31270,27429,179000,1000000,88,3.6015,6.4,737,1975-05-16,en,Released
31408,342,2700000,2085166,98,2.9334,6.8,217,2004-09-02,de,Released
31485,22383,0,0,117,6.3546,7.1,359,1966-11-01,en,Released
31502,11343,,,,,,,,,
31528,36851,0,0,112,2.3526,7.027,113,1939-07-24,en,Released
31547,53200,0,0,54,2.2868,7.857,161,1992-02-21,de,Released
31555,20196,0,5935269,99,4.2587,4.539,293,1988-08-12,en,Released
31687,13682,20000000,52900000,68,7.7898,6.9,525,2005-02-11,en,Released
31689,12228,2000000,653621,90,4.4767,6.449,148,2005-02-11,en,Released
31770,19119,0,0,95,4.6908,7.48,296,1950-06-15,en,Released
31785,18279,2000000,0,133,2.1105,6.8,67,2005-01-14,fi,Released
31807,18538,0,307486,92,3.7774,6.0,131,2003-10-31,en,Released
31930,4710,0,0,105,3.932,7.2,433,1966-03-22,fr,Released
31934,10568,0,0,129,2.7951,7.1,107,1939-04-20,en,Released
31950,25103,0,0,96,3.2147,7.043,322,1957-11-09,en,Released
31956,4974,0,0,90,2.6968,6.4,181,2004-09-01,fr,Released
32025,26,1400000,444,103,2.1756,6.894,95,2004-02-05,he,Released
32196,12622,0,0,103,3.2008,7.231,424,1989-08-12,ja,Released
32239,11297,3000000,0,117,2.2792,7.0,255,2003-04-04,ko,Released
32452,16198,15270000,11910000,104,4.3839,7.004,635,1999-07-17,ja,Released
32525,27030,0,0,105,3.1275,7.479,262,1953-04-16,fr,Released
32562,21131,0,0,22,1.5752,7.433,203,2003-10-23,en,Released
32591,11399,0,0,110,1.8749,6.335,106,2004-11-18,fr,Released
32792,26638,0,0,117,4.362,7.3,516,1964-09-04,it,Released
32825,19673,0,0,117,5.7497,7.225,344,1984-05-13,pl,Released
32840,32085,60000,0,6,2.314,7.84,946,1982-10-01,en,Released
32943,36843,0,1500000,103,2.6927,7.0,175,1991-03-22,en,Released
33036,20187,9000000,14200000,129,4.3154,6.135,468,1975-05-21,en,Released
33072,43003,0,0,89,3.2608,7.391,377,1973-09-01,fr,Released
33264,31414,1500000,0,432,5.587,8.0,324,1994-04-28,hu,Released
33270,15318,0,0,143,4.3037,7.539,180,2004-07-17,ja,Released
33288,13384,0,0,111,3.8156,7.419,463,1970-04-03,en,Released
33358,24078,0,0,108,2.0445,6.415,41,2003-09-05,en,Released
33451,19413,0,0,115,3.6571,7.539,355,1976-09-23,it,Released
33463,10837,20000000,18115724,74,9.0713,6.703,954,1990-08-03,en,Released
33585,27,1000000,1574623,70,15.438,5.531,602,2004-07-16,en,Released
33722,9528,0,20377075,104,3.5216,6.446,148,2004-11-12,en,Released
33817,9709,0,2766094,87,3.5167,6.2,331,2005-05-05,en,Released
34155,55650,0,975181,120,2.1513,7.121,136,2003-12-01,sv,Released
34198,1826,13000000,23727301,129,3.5935,6.641,750,2005-06-15,fr,Released
34435,12259,2000000,70000000,208,2.5765,7.1,331,1975-08-15,hi,Released
34552,28201,0,0,94,2.5511,7.044,102,2005-06-25,en,Released
36086,19404,13200000,100000000,190,14.0111,8.504,4624,1995-10-20,hi,Released
37855,27176,0,0,99,3.4227,6.632,91,2005-09-28,en,Released
37955,33623,0,0,121,2.3654,6.416,148,2005-01-12,fr,Released
38097,9060,0,0,91,2.7076,6.74,267,2004-08-19,cn,Released
38188,14788,1600000,261966,73,1.6312,6.34,131,2006-01-27,en,Released
38320,46315,0,0,73,3.7885,7.002,323,1970-10-16,cs,Released
38538,15058,1000000,0,93,4.2538,7.091,551,2004-01-20,en,Released
38600,10475,1000000,2708087,94,2.2043,6.147,232,2005-04-25,en,Released
39398,24408,2000000,744000,89,1.6413,5.788,85,2005-06-24,en,Released
39419,9729,25000000,3487678,107,4.6915,6.2,327,2005-10-07,en,Released
39768,20128,8000000,0,155,3.3694,7.211,204,2004-05-14,sr,Released
39886,16022,0,0,115,3.3563,6.1,97,2005-09-02,en,Released
40574,10060,40000000,46442528,116,7.4744,6.8,1075,2005-11-09,en,Released
41025,15184,0,6878433,93,4.5708,6.315,192,2004-09-15,en,Released
41136,2153,4000000,4900000,91,5.4682,7.2,541,1978-06-08,en,Released
42094,4495,0,0,98,4.2172,7.641,411,1973-10-08,es,Released
42163,22975,0,0,78,1.82,7.417,144,1979-01-26,en,Released
42197,9687,169000,18564702,103,7.0219,6.7,639,2005-12-02,en,Released
42217,20530,0,0,108,3.734,8.0,493,1949-09-13,ja,Released
42721,168705,25000000,3650275,94,3.658,4.157,643,2006-01-06,en,Released
42900,4772,135000,0,112,3.1069,6.721,321,1966-06-17,en,Released
42958,16553,385373,1117920,90,6.0798,7.213,783,2005-09-26,en,Released
43652,16452,0,0,103,1.666,7.0,45,2005-03-01,en,Released
43832,20981,50000,0,47,1.8478,6.956,180,2006-04-03,en,Released
44058,9968,14000000,541840,100,4.7443,6.2,335,2005-10-27,en,Released
44168,20442,1261000,0,91,3.6483,6.993,267,1953-01-29,en,Released
44587,669,53000,0,79,3.5069,7.078,335,1922-06-11,en,Released
44653,42112,0,0,85,4.2611,6.93,301,1983-05-18,fr,Released
44729,15639,0,0,89,3.105,3.948,77,2006-03-24,en,Released
45003,17111,125000,0,96,6.3904,7.321,1455,2004-09-09,th,Released
45852,10007,8000000,18700000,84,6.3345,5.4,722,2006-05-19,en,Released
46803,43838,0,0,100,3.412,7.208,195,1939-06-09,en,Released
47150,31032,390000,216000,154,2.1206,7.4,204,2005-05-27,ro,Released
47152,51857,0,0,105,2.8203,7.5,282,1976-06-03,es,Released
47264,9907,51000000,116755080,90,10.5965,5.973,1230,2006-08-04,en,Released
47274,42501,0,0,118,5.0454,7.011,222,1971-04-27,fr,Released
47394,15049,8000000,12671300,116,4.8707,6.394,245,2006-07-06,fr,Released
47634,7291,0,0,111,4.9162,6.895,660,2004-11-24,fr,Released
47830,9813,900000,381420,96,3.932,6.1,300,2006-08-25,en,Released
48061,15242,0,0,80,2.5947,7.1,168,1972-08-09,en,Released
48165,32761,0,0,107,3.4958,7.471,373,1989-10-20,de,Released
48231,15742,2400000,82567,94,2.1748,6.635,362,2006-08-23,hu,Released
48522,9978,45000000,23937870,93,4.9402,5.23,688,2006-07-21,en,Released
48591,1975,20000000,39143839,102,7.172,5.599,1160,2006-10-12,en,Released
48711,18925,100000,10307987,111,4.1509,7.576,507,2006-09-29,en,Released
48825,14097,9500000,24000000,139,8.7694,6.654,321,2005-09-19,ru,Released
48856,8194,0,516139,104,5.0319,6.49,354,2006-09-29,en,Released
49060,21057,0,0,72,5.6035,6.406,1010,1993-10-09,ja,Released
49225,29044,0,0,83,1.2199,6.879,29,2005-04-23,en,Released
49282,9969,51000000,47231070,93,7.4404,5.6,829,2006-11-22,en,Released
49312,313,12000000,1381665,112,2.7193,7.131,199,2006-09-08,en,Released
49394,36265,0,0,45,2.0581,7.665,249,1965-08-27,es,Released
49422,15152,15200000,23055884,99,4.7393,7.217,1901,2006-04-19,fr,Released
49526,10032,0,6086508,97,4.2966,5.097,438,2006-12-01,en,Released
49528,9796,10000000,14652825,93,4.7193,5.5,908,2006-12-01,en,Released
49815,12924,0,44483,90,3.4804,6.575,571,2004-11-20,ja,Released
50011,13318,0,0,95,2.6216,7.076,277,2006-05-26,no,Released
50066,31048,0,0,110,2.0155,6.398,54,2005-10-21,en,Released
50149,5393,47000000,38100000,87,6.557,5.1,453,2007-01-05,en,Released
50162,9992,86000000,108605609,94,11.9597,6.395,3104,2006-12-13,fr,Released
50229,2433,0,0,126,6.0723,7.666,674,1967-03-08,fr,Released
50259,26518,30000,301633,74,2.4814,6.376,209,2006-03-25,en,Released
50447,13551,0,905291,94,3.7109,6.011,263,2006-11-07,en,Released
50517,25648,0,14742,97,1.7968,6.9,259,2006-08-24,ko,Released
50594,46919,0,13692,76,4.0198,7.3,458,1966-12-30,cs,Released
50641,25623,0,0,88,4.5107,7.3,833,1977-08-26,ja,Released
50651,13140,0,7778177,99,1.2944,6.232,71,2006-08-17,en,Released
50703,26594,3500000,65600000,90,4.3737,6.58,398,2006-03-26,en,Released
50742,50754,0,0,52,1.2138,7.298,89,1970-12-15,en,Released
51007,2016,14500000,22963701,128,3.8228,6.658,415,2006-09-27,fr,Released
51063,9958,5000000,3833507,95,2.1523,6.5,164,2006-10-06,en,Released
51277,11841,0,0,116,4.9971,7.478,521,1978-02-02,zh,Released
51312,24653,0,0,100,3.0631,7.524,923,2004-09-24,it,Released
51372,26598,0,0,120,3.8264,7.219,187,1998-10-05,en,Released
51418,1253,0,8974829,129,4.4139,6.106,277,2006-12-15,en,Released
51660,14624,9000000,3438735,114,5.9864,7.7,553,2007-03-09,en,Released
51678,18019,2000000,3920000,121,4.0058,7.078,243,1953-06-04,en,Released
52227,18437,0,309408,94,3.9991,5.5,188,2007-06-25,en,Released
52321,13249,18000000,1220058,115,7.54,6.404,649,2007-01-26,en,Released
52448,11515,50000000,9448082,114,4.8486,6.61,549,2006-11-08,en,Released
52456,7183,60795000,73090611,109,7.3938,5.827,1066,2007-04-11,en,Released
52460,1534,45000000,30800000,99,6.8356,5.67,813,2007-01-11,en,Released
52591,1441,25000000,5549200,96,5.9082,5.8,590,2006-04-05,en,Released
52606,9843,0,0,86,3.0211,6.4,497,2006-12-01,en,Released
52666,1987,0,0,110,2.8633,6.931,404,1992-11-06,de,Released
52717,14636,20000000,8600000,114,8.9185,6.1,906,2007-04-27,en,Released
52806,37933,22000000,68625104,116,6.2868,6.528,1539,2006-07-29,ja,Released
53002,13159,20000000,25000167,113,5.2607,5.965,493,2007-05-10,en,Released
53189,8748,0,1300000,87,3.1261,6.441,346,2007-06-15,en,Released
53207,3489,30000000,32593385,108,7.5196,5.777,1221,2007-02-14,en,Released
53769,13120,25000,0,90,1.1483,6.6,100,2007-04-27,en,Released
53827,27138,,,,,,,,,
53887,42464,2500000,0,184,2.4998,6.785,121,1973-03-25,en,Released
53988,6022,0,20016753,117,3.6449,5.8,187,2007-06-09,en,Released
53999,14125,17000000,10921200,85,4.7277,4.9,477,2007-03-01,en,Released
54075,13491,25000000,0,139,5.2018,6.3,322,2007-12-25,sv,Released
54229,10857,0,5274,84,4.1983,7.47,355,1986-10-24,en,Released
54278,6589,25000000,65270477,84,6.6312,5.552,783,2007-08-03,en,Released
54290,14123,20000000,26000000,102,3.6665,5.742,481,2007-08-03,en,Released
54331,8141,4000000,3748295,90,3.6433,6.146,312,2007-02-09,en,Released
54513,6535,0,4778376,118,2.265,6.842,136,2007-07-13,en,Released
54612,13074,0,0,112,4.2715,6.309,275,2007-06-14,en,Released
54775,10431,25000000,40452643,103,10.221,6.415,2119,2007-08-24,en,Released
55063,13241,0,0,80,1.5875,6.897,117,2008-06-13,en,Released
55098,7913,2200000,11502151,157,3.0476,7.088,528,2006-01-26,hi,Released
55176,14284,2000000,0,109,2.1102,7.573,117,2007-01-19,en,Released
55255,14313,0,3504875,101,5.4371,6.199,271,2007-09-28,en,Released
55257,2728,15000000,146741,100,3.1052,4.653,406,2007-10-18,en,Released
55284,5125,27500000,24748670,120,6.1777,6.421,764,2007-09-07,en,Released
55286,3877,16000000,2849142,113,4.6999,6.624,402,2007-09-26,en,Released
55288,8954,0,1783064,102,3.3373,6.514,422,2007-09-13,en,Released
55732,5126,27000000,9400000,106,3.2149,6.651,332,2007-11-02,en,Released
55901,5817,0,1843810,93,2.0749,7.129,267,2007-09-21,sv,Released
55955,5375,100000000,97800000,115,7.9595,5.854,939,2007-11-09,en,Released
55999,2284,65000000,69500000,93,6.3695,6.255,1343,2007-11-16,en,Released
56001,6639,45000000,4607608,139,5.9401,6.66,424,2007-10-04,en,Released
56079,13168,0,179381,85,5.6562,6.086,348,2007-11-16,en,Released
56093,20714,4000000,7537453,159,2.4172,6.622,430,2007-06-06,ru,Released
56165,13474,3500000,7766240,98,4.4776,6.2,958,2007-11-09,en,Released
56167,8079,9100000,37707444,169,3.6074,7.1,420,2007-11-07,hi,Released
56633,13250,20000000,7650000,95,5.4885,6.425,581,2007-07-27,en,Released
56846,6076,0,81303447,116,3.6403,6.128,421,2007-12-01,de,Released
56885,14047,15000000,30226144,126,6.1918,7.274,743,2007-12-25,en,Released
57223,10253,32000000,75108998,90,4.0822,4.58,485,2007-08-01,ko,Released
57353,13195,20000000,6819587,108,6.1724,6.75,647,2007-09-01,en,Released
57370,12085,0,0,104,4.9763,6.472,733,2008-01-17,en,Released
57401,13252,25000000,5796630,88,9.5264,6.093,970,2007-09-11,en,Released
57464,10247,0,0,95,3.3745,6.393,382,2007-11-23,en,Released
57520,6933,20000000,45847751,87,5.8106,5.4,817,2008-01-04,en,Released
57534,9030,12000000,58010320,98,7.159,5.902,1188,2008-02-01,en,Released
57538,13160,10000000,0,95,5.0466,5.501,494,2008-02-01,en,Released
57792,7973,0,14248951,96,2.3759,6.882,254,2007-08-09,ar,Released
58334,2239,8000000,2149799,95,5.0127,6.672,192,2007-08-30,en,Released
58432,8944,25000000,6673422,104,6.1493,5.434,494,2008-10-17,en,Released
58485,28260,2000000,54207,97,5.9785,6.566,925,1993-10-01,en,Released
58490,12178,0,16724933,92,4.0565,6.812,431,2008-03-07,en,Released
58652,13688,20000000,47301471,88,8.0683,7.34,836,2008-01-30,cn,Released
59256,13018,25000000,18024545,107,6.4562,5.96,746,2008-04-24,en,Released
59404,13243,5000000,346592,93,4.5255,6.055,365,2007-09-07,en,Released
59418,13008,2000000,0,97,5.949,7.316,792,2007-07-27,en,Released
59519,12197,0,0,107,3.4118,7.135,270,2006-09-08,no,Released
59590,21182,0,0,107,1.0573,7.3,51,2008-10-02,en,Released
59594,13191,5000000,1296184,106,3.6539,5.54,303,2008-04-28,en,Released
59709,12245,14100000,0,107,4.7941,5.973,737,2008-01-18,en,Released
59715,10885,0,0,85,4.943,5.5,846,2008-03-21,en,Released
59908,13172,0,0,86,2.9884,5.321,274,2008-06-06,en,Released
60007,15691,5000000,42000000,86,4.0675,6.213,254,1996-05-12,en,Released
60201,26302,0,0,80,4.0665,7.356,357,1969-10-01,hy,Released
60382,16800,0,0,99,3.1963,6.327,81,2008-01-18,en,Released
60503,13614,5600000,14768451,122,3.029,6.705,288,2007-09-21,pl,Released
60530,10818,0,0,85,2.775,6.52,483,2007-05-17,fr,Released
60609,16007,20000000,29667169,126,5.0003,7.051,826,2006-06-17,ja,Released
60649,11802,37000000,64762724,81,5.8903,4.9,499,2008-06-25,en,Released
60758,12568,20000000,13204291,133,4.7817,6.3,170,2008-07-25,en,Released
60939,10187,21000000,17600000,120,3.3928,5.784,287,2008-08-01,en,Released
60948,13996,5000000,4040588,110,3.889,6.391,234,2008-09-05,en,Released
61075,11671,13000000,14894347,112,4.0563,6.295,317,2008-08-08,en,Released
61361,13972,16000000,50007546,114,5.0235,5.2,373,2008-09-12,en,Released
61678,13484,79000,245000,83,2.534,5.727,152,2008-05-30,en,Released
61967,50759,0,0,113,2.8231,7.874,338,1962-11-18,ja,Released
62049,1984,0,0,90,2.5764,6.493,147,1956-03-06,en,Released
62137,14326,30000000,84375061,97,4.2378,6.25,632,2008-09-26,en,Released
62203,9539,6500000,1100000,99,12.0019,7.3,3132,2008-06-12,fr,Released
62235,13200,2500000,0,93,3.508,6.259,292,2008-08-08,en,Released
62265,13401,0,22707064,90,5.939,5.6,615,2008-02-29,en,Released
62577,14914,0,0,119,3.5745,6.6,254,2008-09-07,en,Released
62733,13812,12000000,40855419,89,6.434,5.8,1440,2008-10-10,en,Released
62912,11887,11000000,252909177,112,10.341,6.539,3647,2008-10-11,en,Released
63181,16061,0,0,110,3.098,6.027,383,2008-10-04,ja,Released
63189,16166,1114000,0,83,2.744,6.206,136,2008-10-17,fi,Released
63676,29452,0,0,122,2.5406,7.8,296,1966-07-15,ja,Released
64037,10900,3500000,1138322,97,2.3909,6.019,371,2008-02-08,en,Released
64229,14299,12000000,8880045,109,5.3379,7.08,492,2008-12-05,en,Released
64701,8276,0,0,115,3.3061,7.276,246,2008-03-19,fr,Released
65142,17845,3200000,9168516,118,4.5487,6.876,445,2008-10-21,nl,Released
65418,8942,200000,1192655,80,3.7794,6.821,371,2008-12-10,en,Released
65435,13690,0,8797168,76,13.1207,5.874,1344,2008-09-24,en,Released
65465,16409,5000000,32600000,99,9.0809,6.292,315,2008-12-25,en,Released
65567,13944,25000000,2000000,93,4.5992,6.1,1037,2008-09-26,en,Released
65612,52886,0,1000000,117,2.9804,6.258,126,1986-03-05,en,Released
65813,13788,16000000,76514050,87,8.0408,5.24,1484,2009-01-09,en,Released
65868,14353,8500000,198883,98,4.5845,6.3,397,2008-11-07,en,Released
66066,1977,5000000,38610009,90,5.6697,5.4,679,2009-05-12,en,Released
66130,15003,4800000,0,93,3.3577,7.329,576,2008-02-07,th,Released
66200,10362,9800000,16303643,110,6.7201,6.863,959,2008-11-19,en,Released
66304,15189,35000000,117000198,100,8.8828,6.065,927,2009-01-16,en,Released
66385,25405,0,0,77,4.4751,7.191,251,2009-09-21,en,Released
66596,38087,1000000,89442,98,3.8752,6.097,162,2009-08-28,en,Released
66639,15268,50000000,12764201,97,4.6933,4.289,505,2009-02-27,en,Released
66691,14979,25000000,0,104,4.84,6.0,896,2009-01-09,en,Released
67073,13613,18000000,0,86,5.3513,5.213,452,2008-04-08,en,Released
67252,16353,8500000,8936663,98,6.0257,6.5,751,2008-12-04,th,Released
67429,20529,290000,0,82,1.7677,7.012,86,2008-02-11,en,Released
67620,14637,11500000,409832,108,5.0325,6.93,577,2008-12-19,en,Released
67801,15451,0,0,121,2.161,7.172,256,2008-05-16,de,Released
67867,14164,30000000,58228460,85,7.4164,2.935,2269,2009-03-12,en,Released
68099,128857,0,0,82,1.1006,7.0,2,1994-07-20,en,Released
68324,17680,1700000,1007962,77,3.3293,5.103,354,2009-05-22,en,Released
68519,17532,4000000,4100000,103,2.8172,4.318,503,2009-04-28,en,Released
68749,21583,0,2566648,94,3.4761,5.4,360,2009-02-08,en,Released
68874,44012,120000,0,202,3.5708,7.384,411,1976-01-21,fr,Released
68941,18405,15000000,32721635,113,10.2302,6.508,2015,2009-03-13,en,Released
68963,16899,0,0,93,5.0623,6.493,467,2008-11-07,en,Released
69027,15588,26800000,21924245,100,4.0,7.095,1559,2009-04-15,fr,Released
69253,14536,8000000,29010817,97,4.8272,5.835,524,2009-01-30,en,Released
69324,8883,6500000,10040589,130,4.4905,6.833,258,2008-03-25,da,Released
69458,8940,0,941958,90,2.3713,6.814,132,2008-05-16,en,Released
69574,19079,0,73,100,3.0671,7.202,171,2008-02-07,en,Released
69818,8884,12000000,0,98,4.103,6.002,401,2008-10-16,en,Released
69934,14197,0,0,96,3.3555,6.798,420,2008-05-26,en,Released
69995,8937,2000000,943547,120,2.5834,7.423,294,2008-09-27,ja,Released
70282,20856,45000000,57881056,86,7.0729,5.7,1082,2009-07-30,en,Released
70344,30250,0,1134837,101,2.4937,5.984,188,2009-08-07,en,Released
70567,22051,0,3037173,99,3.1698,6.835,502,2009-07-07,en,Released
70769,15775,532673,3000000,92,4.4799,7.036,673,2004-01-23,en,Released
70849,20778,0,0,108,3.099,7.38,316,1962-12-13,fr,Released
71325,25643,18000000,36100000,109,4.3358,5.8,728,2009-09-18,en,Released
71450,22074,20000000,17436509,128,4.5325,7.055,590,2009-09-06,en,Released
71460,22717,0,0,155,2.3293,5.9,131,2009-09-18,hi,Released
71542,23044,0,6442300,90,2.1662,6.586,122,2009-08-28,en,Released
71571,26688,12500000,27206120,101,7.2982,5.6,622,2009-09-09,en,Released
71573,22787,40000000,17976667,101,7.2396,5.612,878,2009-09-09,en,Released
71670,23706,15000000,40105542,99,7.4598,4.993,1082,2009-08-06,en,Released
71688,11807,2300000,10065630,138,2.4398,7.3,341,2007-10-26,hi,Released
71700,23966,0,0,101,3.5851,5.265,389,2008-09-06,en,Released
71876,8915,40000000,19643086,111,3.8611,5.7,269,2009-10-22,en,Released
71878,19904,20000000,31198531,101,7.2085,5.8,976,2009-10-16,en,Released
72043,53985,0,0,27,4.5308,6.1,302,2009-04-01,en,Released
72131,13576,60000000,261200000,111,6.8864,7.365,1106,2009-10-28,en,Released
72169,22800,0,0,96,2.9231,6.468,109,2009-10-09,en,Released
72176,29150,250000,232732,91,2.2858,6.077,145,2009-02-07,en,Released
72209,16577,10000000,19551067,94,9.8005,6.337,1701,2009-10-15,en,Released
72228,30431,0,0,108,2.9134,6.4,250,2009-09-25,en,Released
72380,22825,30000000,33333531,115,8.1502,5.637,1944,2009-10-29,en,Released
72386,8088,18000000,30991660,127,5.2176,7.15,735,2009-03-18,es,Released
72393,22824,10000000,47709193,98,7.509,6.395,1967,2009-11-05,en,Released
72703,12404,25000000,2336172,114,3.7715,6.374,215,2008-09-05,en,Released
72741,26171,21000000,16443609,99,9.9487,6.837,1127,2009-12-04,en,Released
72762,4597,20000000,22942221,88,5.4947,5.8,724,2009-12-04,en,Released
72787,20606,4000000,0,89,2.7544,5.83,405,2009-06-11,en,Released
73000,10197,80000000,53825515,118,4.3727,5.5,650,2009-12-03,en,Released
73027,36811,0,0,112,4.6735,6.378,246,2009-09-04,en,Released
73101,18898,6000000,11650726,116,3.5008,6.514,381,2009-05-27,en,Released
73168,25769,0,5805279,84,5.7843,6.046,1526,2009-09-04,en,Released
73183,25680,0,0,102,3.0565,7.231,219,1973-06-26,en,Released
73511,18476,20000000,1017401,90,4.9892,5.964,646,2009-02-06,en,Released
73513,15774,2900000,4800000,195,2.3968,7.35,403,2004-12-17,hi,Released
73587,31175,4000000,18164139,99,2.4385,6.899,616,2009-09-09,de,Released
73860,33511,1500000,6577779,98,5.4542,7.159,874,2009-12-25,en,Released
74152,16453,0,0,61,1.5858,6.988,85,2007-03-06,en,Released
74156,12201,80000000,81126522,117,10.4889,6.462,1804,2010-01-28,en,Released
74416,24469,3000000,5900000,123,4.1023,6.947,977,2009-09-11,en,Released
74488,38448,12000000,1790061,111,3.2372,6.394,369,2010-03-05,en,Released
74740,5595,0,0,88,2.5475,6.625,476,2007-10-07,es,Released
74787,26022,12000000,42345360,165,8.6444,8.0,1503,2010-02-10,hi,Released
74944,26390,17000000,45700000,132,6.5564,6.291,1020,2010-03-04,en,Released
75425,29426,4000000,386078,90,4.1865,4.842,527,2010-05-06,en,Released
75983,16436,0,6815056,126,2.7393,7.162,318,2008-10-23,de,Released
76079,28211,14000000,13657649,96,7.9372,6.144,1923,2010-02-25,en,Released
76111,37181,0,0,119,2.7591,7.479,568,2009-06-06,fa,Released
76130,28510,14000000,153977852,97,6.6599,5.6,537,2009-10-01,en,Released
76208,18352,0,0,101,3.1576,7.784,276,1969-03-14,cs,Released
76210,34769,3500000,44462,101,3.7764,6.413,628,2009-09-12,en,Released
76317,36419,4500000,3606395,103,7.4797,6.334,1275,2009-11-07,en,Released
77240,41110,3600000,12014663,120,4.1611,6.719,421,2010-03-19,it,Released
77307,38810,275000,110248,98,6.1552,7.035,2692,2009-10-22,el,Released
77328,61917,,,,,,,,,
77330,61919,,,,,,,,,
77359,61920,,,,,,,,,
77540,32985,45000000,19700000,104,8.1422,6.043,1585,2009-12-23,en,Released
77629,45615,0,0,84,1.7593,6.88,50,2010-04-09,fi,Released
77833,37828,1500000,0,105,2.6691,7.03,135,2010-05-27,da,Released
77837,36950,0,0,134,4.3819,7.011,452,2010-06-27,en,Released
77843,38542,800000,867714,100,4.3459,6.5,608,2009-09-12,en,Released
77854,37106,,,,,,,,,
78679,37414,13000000,4052191,109,5.304,5.831,650,2010-02-19,en,Released
78729,13989,,,,,,,,,
78774,36691,15000000,5000000,90,2.875,5.9,356,2009-09-07,en,Released
79318,42918,0,178174,85,1.8498,6.658,98,2010-07-09,en,Released
79463,35019,35000000,93251121,109,12.2991,6.3,1996,2010-03-26,en,Released
79588,37950,44000000,48200000,99,7.8266,6.976,2267,2010-07-30,en,Released
79720,44629,5000000,1000000,113,5.0681,6.791,942,2010-06-03,en,Released
79796,23759,12000000,6890432,97,5.6002,6.2,1621,2010-02-15,en,Released
79824,44737,0,0,79,2.2658,6.96,149,2010-05-07,fr,Released
79860,43549,21800000,0,96,6.1128,6.366,1356,2010-07-15,en,Released
80026,42194,30000000,1697207,92,6.1033,5.3,763,2010-03-20,en,Released
80185,40663,0,0,107,1.7354,7.073,157,2010-01-24,en,Released
80222,41233,30000000,159291809,107,10.0748,6.835,2048,2010-08-04,en,Released
80350,40264,20000000,80547866,82,9.357,4.405,1426,2010-08-18,en,Released
80398,37645,24000000,0,117,8.1753,6.691,1378,2010-03-23,fr,Released
80617,39691,85000000,112483764,82,9.1287,5.206,703,2010-07-29,en,Released
80775,38961,0,12037973,111,4.4979,5.9,491,2010-07-14,en,Released
80844,27374,2000000,0,87,6.0267,6.1,733,2009-07-30,en,Released
80939,45094,12500000,11826980,107,4.5434,7.064,667,2010-10-15,en,Released
81140,41505,22000000,851517,112,5.5723,6.018,786,2010-03-27,en,Released
81180,42941,0,0,92,6.7624,4.993,615,2010-10-04,en,Released
81385,46332,4000000,41424067,120,4.0988,6.662,425,2010-09-08,fr,Released
81516,41215,0,382879,102,4.7231,6.076,1000,2010-06-07,en,Released
81641,38363,22000000,25806953,108,7.4851,6.452,882,2010-05-20,en,Released
81751,38368,0,0,114,3.5713,6.6,438,2010-06-25,th,Released
81804,44147,8000000,3494154,98,5.8524,6.458,807,2010-06-17,en,Released
81817,43434,18000000,871279,339,3.6999,6.984,247,2010-07-07,en,Released
82037,43924,0,0,94,1.976,7.066,53,2010-08-22,en,Released
82143,14463,0,0,57,1.7639,7.919,86,2004-10-08,en,Released
82173,47607,65000,416498,99,2.3127,5.632,171,2010-11-12,en,Released
82244,44982,20000000,3701600,91,5.6064,5.832,940,2010-03-12,en,Released
82447,43930,27000000,16533595,103,3.4001,6.08,563,2010-08-08,en,Released
82463,44009,8000000,18124262,129,4.8846,7.004,453,2010-11-05,en,Released
83219,15302,0,0,87,5.8545,7.5,250,2007-08-28,en,Released
83302,23830,7000000,7644937,93,5.2729,6.141,833,2010-11-05,en,Released
83424,14070,9100000,76000000,186,3.1036,7.0,469,2008-12-25,hi,Released
83525,45284,0,8428636,109,3.2428,6.9,470,2010-06-12,ja,Released
83798,35052,0,101860,104,3.4465,6.606,453,2009-12-04,en,Released
84116,47909,0,349899,139,3.8233,7.575,352,2010-05-13,ko,Released
84242,31007,0,361960,110,4.2318,6.569,439,2010-10-29,en,Released
84312,12536,0,0,84,10.1465,4.482,1411,2002-11-03,en,Released
84395,48171,37000000,96047633,114,7.6799,6.118,2318,2011-01-28,en,Released
84613,48340,30000000,108609310,108,7.3825,6.1,1203,2011-02-03,en,Released
84732,43552,10000000,1671196,92,5.1933,5.284,635,2010-09-11,en,Released
85007,47218,0,853862,100,2.4321,6.46,314,2011-03-04,en,Released
85016,56811,0,35456,84,0.9787,6.032,185,2010-06-04,en,Released
85312,20722,0,0,12,1.7187,7.897,477,2008-06-10,ja,Released
85777,16140,17000000,47919757,140,5.0762,7.065,565,2006-10-28,ja,Released
85790,57120,0,876302,103,3.2789,6.494,317,2011-04-08,en,Released
86852,50780,21000000,970816,91,6.5196,6.371,954,2011-05-05,en,Released
86884,63831,0,0,87,4.9281,7.07,469,2011-05-18,fr,Released
87004,57276,4317946,14624826,106,2.9272,7.36,286,2011-02-24,de,Released
87079,44945,9500000,120000,104,5.7843,6.556,1063,2010-09-10,en,Released
88118,66195,500000,453708,93,3.1572,6.425,479,2010-07-01,en,Released
88127,65058,0,223959,89,2.5772,6.574,129,2011-06-24,en,Released
88248,59115,4000000,0,86,3.7004,5.706,664,2011-06-16,en,Released
88468,12819,20000000,50507267,88,7.761,5.946,579,2010-07-05,en,Released
88950,60309,25000000,15478800,122,6.7529,6.554,510,2011-04-15,en,Released
89002,56288,27000000,85564310,89,9.4683,4.689,1085,2011-08-18,en,Released
89074,58492,0,621951,87,2.4776,6.415,242,2011-04-22,en,Released
89102,43942,3000000,103735,93,2.0424,6.144,132,2010-10-01,en,Released
89260,63579,0,0,93,1.6078,6.9,146,2011-07-08,en,Released
89302,73358,0,0,99,4.3464,6.571,347,2011-08-28,en,Released
89356,67884,5000000,0,93,2.5785,7.263,452,2011-03-24,es,Released
89480,64586,10000000,408680,102,6.9889,5.375,700,2011-06-10,en,Released
89490,64639,25000000,10324441,110,7.4884,5.933,650,2011-09-16,en,Released
89535,73532,3850000,4230854,94,3.6029,7.007,492,2011-09-08,fr,Released
89554,61202,7700000,160000000,154,6.7779,7.643,438,2011-07-15,hi,Released
89629,61404,16000000,9487445,84,2.8672,6.626,513,2010-11-08,fr,Released
89650,38543,25000000,5151023,121,5.6043,6.2,829,2011-03-03,en,Released
89846,67885,0,90511,93,1.6444,6.826,129,2011-06-06,en,Released
89896,81401,1000000,162088,155,3.2499,7.559,433,2011-03-31,hu,Released
89900,74879,0,138730,163,4.51,7.464,565,2011-09-23,tr,Released
90476,45156,0,1296937,106,3.9934,6.347,604,2011-02-03,en,Released
90578,69668,50000000,39984400,84,6.5482,6.206,1464,2011-09-29,en,Released
90624,45610,30000000,3338690,129,7.8108,6.715,1165,2011-09-23,en,Released
90645,61891,30000000,15395087,130,4.5381,6.381,814,2011-10-21,en,Released
90870,70578,36000000,9612469,91,5.0954,5.51,1247,2011-10-13,en,Released
90914,62630,19100000,5728213,109,6.656,6.661,627,2011-02-11,en,Released
90947,75233,0,1481665,95,4.4856,7.489,530,2011-08-31,no,Released
91134,75900,6400000,35100000,99,5.1667,6.673,1374,2011-11-23,en,Released
91199,79120,120000,484592,96,3.2651,7.256,584,2011-10-23,en,Released
91371,75622,12000000,972512,108,4.2677,5.494,419,2011-11-23,en,Released
91474,62046,5000000,3142154,87,3.7499,6.372,819,2011-08-19,en,Released
91548,66150,45202,225861,95,2.4401,7.204,257,2011-01-27,en,Released
91673,73873,8000000,5634828,113,4.9084,6.315,534,2011-12-21,en,Released
91681,52274,0,12884923,118,4.3525,6.659,879,2010-08-16,es,Released
91831,76487,1000000,101800000,83,6.3352,4.697,862,2012-01-06,en,Released
91844,14163,6300000,40000000,148,2.0283,7.198,393,2007-08-09,hi,Released
91886,62837,37000000,95404397,113,7.2627,6.902,697,2011-09-22,en,Released
91902,78182,0,228239,110,2.2272,7.184,290,2011-06-06,ru,Released
91972,38541,3000000,156362,122,4.1117,5.9,781,2012-01-13,en,Released
92058,74997,0,170323,91,15.2947,4.8,1493,2011-10-06,en,Released
92210,36865,2000000,7701498,162,2.861,7.873,295,2010-02-05,ja,Released
92920,70954,0,176669,102,4.7762,6.652,743,2011-10-06,en,Released
92944,77459,25000000,26611650,90,6.4543,6.9,1404,2011-10-12,fr,Released
93164,77495,5000000,8791590,101,4.5069,7.1,1249,2011-10-14,es,Released
93240,79707,0,0,116,5.071,7.239,813,2011-05-07,ja,Released
93265,72213,1000000,35690739,129,4.967,7.643,431,2011-09-30,en,Released
93422,79108,0,0,103,4.1298,6.899,492,2011-07-27,fr,Released
93432,64288,0,664747,90,1.4794,7.138,167,2011-05-06,en,Released
93475,77949,4798235,6879667,107,6.1791,6.386,1550,2011-08-17,en,Released
93498,91010,0,0,118,3.5141,6.916,351,2012-02-28,en,Released
93693,80304,0,5909483,84,4.5783,5.335,331,2012-03-15,en,Released
93892,51991,0,0,80,2.1867,6.549,586,2010-12-22,fr,Released
94126,63310,2000000,0,129,2.509,7.069,404,2011-02-02,nl,Released
94469,66125,5,13,92,4.5758,7.297,443,2011-08-04,en,Released
94558,50037,1100000,0,110,3.1618,5.656,424,2010-12-03,en,Released
94813,93856,1000000,38390020,88,5.8982,5.324,1732,2012-05-24,en,Released
94969,82825,1200000,16000000,122,1.7665,7.196,364,2012-03-08,hi,Released
95058,49014,20500000,6063556,109,5.3559,5.7,1382,2012-05-25,en,Released
95375,13062,0,0,5,3.9688,6.512,611,2003-11-04,en,Released
95443,100046,0,0,94,2.3125,6.443,174,2012-04-27,en,Released
95488,83770,25000000,8784318,142,5.3318,5.618,919,2012-05-22,en,Released
95567,98548,16000000,12434778,114,4.3494,6.809,672,2012-06-29,en,Released
95856,13928,0,123967,4,2.567,6.997,632,1989-11-23,en,Released
96314,84184,0,3094813,91,4.2037,6.383,513,2012-08-03,en,Released
96367,109513,2000000,14400000,100,4.0181,5.724,595,2012-08-22,en,Released
96467,84340,0,2263436,81,1.6332,6.47,203,2012-08-24,en,Released
96490,77883,14000000,85446075,92,6.5578,6.031,1743,2012-08-30,en,Released
96565,84174,3000000,11947954,87,6.6687,5.384,1261,2012-08-06,en,Released
96612,84188,270000,592116,90,3.8776,6.348,815,2012-08-23,en,Released
96693,87825,60000000,49000000,111,7.5334,6.979,1736,2012-09-21,en,Released
96751,60599,12000000,35500000,107,6.7716,6.303,970,2012-09-14,en,Released
96857,75638,14000000,13551174,114,7.5587,6.172,1447,2012-03-02,en,Released
96863,82390,12500000,1353868,107,6.2864,5.536,822,2012-09-14,en,Released
96911,88273,8000000,14800000,137,6.1181,7.336,964,2012-03-29,da,Released
96966,110160,9500000,0,168,3.6011,7.6,918,2012-05-18,fr,Released
97057,70667,16600000,0,118,4.3198,6.9,859,2012-08-24,no,Released
97311,79697,0,175706,91,3.8966,5.866,433,2012-10-05,en,Released
97395,84351,0,318317,150,2.4096,7.364,162,2012-11-22,en,Released
97462,57089,30000000,13500000,86,6.3692,5.2,599,2011-04-29,en,Released
97673,116167,0,0,144,2.7068,7.171,70,2012-05-14,en,Released
97957,84194,0,0,81,4.0166,6.2,625,2012-09-12,en,Released
97984,26405,750000,371717,109,3.9193,7.244,356,1971-07-21,en,Released
98017,121879,0,6303709,106,3.0923,6.688,260,2012-11-02,en,Released
98054,127493,35000000,2106557,96,5.3454,5.5,1144,2012-09-06,en,Released
98056,86837,8900000,29800000,127,8.2725,7.752,1819,2012-09-20,fr,Released
98373,85446,33000000,140470746,99,9.0805,6.906,2156,2012-07-26,en,Released
98797,88284,0,6889185,105,3.5519,7.14,368,2012-03-08,de,Released
98956,127501,4437508,2804874,151,2.0179,7.643,391,2012-09-13,hi,Released
98975,125490,3500000,123407,110,3.1582,5.936,462,2012-09-19,en,Released
99220,121826,11000000,59520298,98,3.042,6.495,396,2012-12-26,en,Released
99305,98886,0,0,86,2.7618,6.828,90,2012-06-20,en,Released
99371,44244,0,0,104,5.2455,6.334,1607,2010-09-17,en,Released
99468,124067,0,273747,119,1.8621,7.032,125,2012-05-24,en,Released
99470,134597,0,6842058,82,6.3731,6.388,1184,2012-11-30,en,Released
99530,127533,0,61700000,134,6.3904,7.531,944,2012-08-25,ja,Released
99741,87496,2000000,20014680,121,7.0091,6.17,806,2012-12-20,en,Released
99787,139038,2500000,60141683,86,8.4892,6.0,2110,2013-01-11,en,Released
99912,132232,15000000,146428180,100,10.8385,6.293,4511,2013-01-17,en,Released
99957,98357,56000000,34737199,109,9.1536,5.953,1611,2013-01-18,en,Released
99996,114779,0,0,90,3.1144,6.2,242,2013-04-12,en,Released
100108,119283,35000000,46216641,118,10.0665,6.101,3356,2013-01-23,en,Released
100244,87499,6500000,2401510,116,4.7392,6.552,889,2013-05-31,en,Released
100344,110398,0,2341226,118,3.7323,7.186,489,2012-08-09,es,Released
100440,121835,4000000,970000,109,2.1659,6.7,323,2012-09-20,de,Released
100469,98567,26000000,171339013,123,8.3876,6.2,923,2012-12-20,cn,Released
100581,84330,0,259765,103,3.6877,6.13,539,2012-10-26,en,Released
100745,50275,0,34664,82,2.0268,7.169,364,2013-02-08,sv,Released
101106,157117,0,0,106,1.8837,7.413,253,2013-01-18,en,Released
101137,102362,30000000,19600000,118,8.5327,6.168,1602,2013-03-08,en,Released
101281,150117,13000000,29200000,97,7.1961,5.508,811,2013-02-08,en,Released
101285,122081,5000000,32016127,94,7.6564,5.3,4090,2013-03-06,en,Released
101296,144789,5000000,11724119,90,4.0281,5.687,734,2013-03-08,es,Released
101498,121875,0,11879046,105,6.8493,7.2,932,2012-09-26,fr,Released
101761,93828,8500000,3900000,99,5.6176,5.883,722,2013-03-15,en,Released
101850,89049,,,,,,,,,
101893,60281,0,2801166,112,6.5875,5.809,554,2013-02-22,en,Released
101997,4258,20000000,78613981,86,13.6295,4.8,3168,2013-04-11,en,Released
102072,106021,12000000,0,100,5.968,6.067,806,2012-08-23,en,Released
102160,77234,10000000,3107646,90,6.9504,5.5,604,2013-04-18,en,Released
102588,128216,0,0,109,2.7504,7.103,238,2012-10-12,en,Released
102753,152780,11000000,10631747,130,4.4631,7.251,638,2013-05-17,fr,Released
102905,77805,10000000,1585582,92,6.8751,6.019,796,2013-08-08,en,Released
102991,116811,0,312757,92,2.4992,6.053,408,2012-08-30,en,Released
103017,111083,0,0,107,6.626,7.5,1459,2012-12-21,es,Released
103055,87567,35000000,21800000,90,7.1086,5.838,1236,2013-04-25,en,Released
103279,127373,6000000,2711379,99,4.7606,7.118,458,2013-05-02,en,Released
103299,126277,0,0,102,3.6208,6.3,612,2013-01-11,en,Released
103306,174772,0,125687,90,6.9442,6.3,1615,2013-06-27,en,Released
103315,179826,27000000,1149267,97,5.444,6.947,1517,2013-01-29,en,Released
103541,112200,0,3499442,112,3.9263,5.961,606,2013-09-19,en,Released
103549,112198,0,0,110,2.4345,7.323,1826,2012-04-25,fr,Released
103727,178809,16000000,0,95,5.0059,5.463,1283,2013-04-12,en,Released
103849,165213,0,0,134,5.2478,7.439,567,2013-02-21,ko,Released
104137,113148,725000,0,94,2.7105,6.119,345,2013-02-13,en,Released
104274,115348,35000000,17056265,106,6.496,5.715,930,2013-08-14,en,Released
104312,123553,60000000,95396573,130,11.2591,6.423,4700,2013-08-21,en,Released
104441,199373,27220000,5496951,105,8.94,6.26,1630,2013-07-11,en,Released
104631,111190,16000000,1600000,100,8.8891,6.101,1053,2013-04-03,en,Released
104712,211954,5500000,99067206,122,4.6687,7.745,977,2013-07-20,es,Released
104881,164457,22000000,15400000,116,6.6686,6.559,2179,2013-11-12,en,Released
105429,159008,0,0,88,2.9801,7.508,127,2013-01-19,en,Released
105519,198287,0,1770376,107,5.1912,6.011,749,2013-07-06,en,Released
105742,162903,28000000,8555008,128,6.9938,6.012,1128,2013-10-11,en,Released
105769,152795,0,455815,123,5.4626,6.398,601,2013-07-03,en,Released
105869,157370,5600000,1600000,103,5.1701,7.0,1435,2013-10-16,en,Released
106011,200481,0,0,7,3.2801,7.5,597,2013-02-12,en,Released
106022,213121,0,0,22,0.4115,7.253,1064,2013-10-16,en,Released
106030,190847,10600000,24084,98,4.375,5.51,949,2013-08-11,en,Released
106195,162215,0,0,101,6.1035,6.627,970,2013-09-10,en,Released
106240,175574,55000000,110000000,91,11.9083,5.893,882,2013-10-30,en,Released
106452,209274,1000000,15298355,82,4.0604,7.21,1099,2013-10-25,pl,Released
106762,51859,0,193458,91,2.8196,7.5,204,2010-04-24,ja,Released
106841,152737,25000000,74188937,121,8.4984,6.861,1620,2013-12-26,en,Released
106870,134366,0,0,95,5.3599,5.58,1049,2012-10-12,en,Released
106983,184314,4650000,9757417,95,1.5521,6.513,1352,2013-08-21,fr,Released
107649,186929,0,0,113,3.8395,6.5,366,2013-08-29,nl,Released
107769,227348,5000000,90894962,84,7.3219,5.4,1582,2014-01-01,en,Released
107883,191714,3400000,17240000,104,3.7202,7.4,846,2013-09-20,hi,Released
108778,186992,1400000,1200000,100,4.0351,6.262,477,2013-06-12,fr,Released
108780,130150,18000000,20275812,111,11.1977,7.064,1389,2013-12-27,en,Released
108787,184352,0,687505,105,4.1157,6.776,871,2014-03-28,fr,Released
108825,157841,33000000,9494789,105,6.5731,6.9,908,2013-10-16,en,Released
108977,313289,,,,,,,,,
108983,83564,0,0,7,3.5995,7.8,868,2012-02-10,en,Released
109072,144336,35000000,22126842,110,7.7755,5.627,1559,2014-03-28,en,Released
109157,141043,0,7176347,96,6.4458,6.243,950,2014-03-20,en,Released
109181,143049,0,0,107,4.0442,6.0,393,2014-02-14,en,Released
109189,226857,20000000,34100000,104,8.1412,6.941,1792,2014-02-12,en,Released
109243,157847,4000000,2431443,118,4.2472,6.505,1062,2014-04-11,en,Released
109740,248774,1000000,3123963,85,3.9403,6.451,478,2014-06-06,en,Released
109742,175291,200000,0,88,3.7632,6.4,465,2013-03-08,en,Released
110110,209276,0,54915,106,5.1514,7.079,1041,2014-03-21,en,Released
110295,188207,70000000,61279452,99,6.6525,4.812,1431,2014-01-10,en,Released
110407,174675,1500000,314131,92,5.0777,5.892,895,2013-04-25,en,Released
110453,200505,25000000,28831145,110,6.9333,6.716,1034,2014-04-11,en,Released
110461,191294,0,180590,102,2.4632,6.993,214,2013-03-28,sv,Released
110675,226448,1000000,0,106,3.5888,7.126,736,2014-04-20,en,Released
110809,203739,30000000,15391979,104,7.9891,6.3,1843,2014-02-07,en,Released
110968,76649,100000000,117831631,105,9.6717,5.545,3457,2014-02-18,en,Released
111130,53223,0,0,9,1.0217,7.71,88,1977-06-04,en,Released
111235,191720,0,662736,87,3.0921,7.822,778,2013-08-30,en,Released
111249,205601,10900000,16500000,105,4.8449,7.1,740,2013-05-01,en,Released
111251,152599,16000000,5867686,117,5.8786,6.329,897,2013-11-27,en,Released
111255,19703,1400000,3500000,103,1.7408,7.008,375,2008-09-05,hi,Released
111387,192132,1000000,919591,100,4.2536,6.1,928,2014-05-09,en,Released
111661,192149,0,4507463,96,4.1805,5.84,751,2014-05-16,en,Released
111778,203819,0,4878242,112,0.2082,6.906,581,2013-12-19,en,Released
111924,209185,12700000,3430018,112,3.1609,6.684,370,2014-05-30,en,Released
112087,218425,0,0,109,2.618,6.55,456,2013-07-24,en,Released
112399,169607,0,1503616,83,2.7605,7.57,338,2014-03-21,en,Released
112582,250766,0,0,121,2.1934,7.508,375,2014-07-04,en,Released
112946,231576,5500000,5483299,106,5.5504,6.547,793,2014-07-18,en,Released
113064,242088,0,0,108,2.4195,6.352,267,2014-04-24,en,Released
113103,243683,45000000,86165646,112,9.4245,6.816,2026,2014-07-15,en,Released
113188,157845,12250000,2510007,103,6.9698,6.262,1097,2014-06-04,en,Released
113240,265169,0,4018705,196,4.2102,7.523,644,2014-06-13,tr,Released
113250,252822,4161012,0,115,5.1433,6.902,700,2014-02-21,no,Released
113640,265010,0,0,93,3.1226,5.776,470,2014-10-10,en,Released
114007,204922,22000000,17669776,92,13.2163,6.492,2210,2014-09-03,en,Released
114033,216282,50000000,160600000,89,10.708,6.074,2231,2014-08-06,en,Released
114329,276843,0,1289998,95,3.9575,6.663,588,2014-09-26,en,Released
114342,265189,0,4094339,119,6.8932,6.832,1268,2014-08-15,sv,Released
114392,264656,16000000,3442853,122,7.78,6.521,908,2014-05-18,en,Released
114439,254904,15000000,32600000,108,11.6058,6.108,1642,2014-08-27,en,Released
114459,157825,0,33821,92,5.5378,6.193,779,2014-10-15,en,Released
114552,170687,60000000,108255770,97,13.8713,6.731,1862,2014-09-10,en,Released
114635,267480,0,332710,100,2.5504,7.822,326,2014-09-11,en,Released
115147,239571,26000000,35926213,117,9.8098,7.476,2754,2014-10-15,en,Released
115381,218778,28000000,100654149,81,7.3569,6.201,1452,2014-10-08,en,Released
115414,218043,16000000,19682924,110,12.0348,4.302,1432,2014-10-03,en,Released
115534,242512,5000000,103600000,89,7.66,5.141,2824,2014-10-24,en,Released
115629,236735,4000000,5169755,104,4.0884,7.0,1077,2014-09-25,es,Released
115824,245700,0,22179785,150,5.0535,6.545,598,2014-10-31,en,Released
115881,98622,0,0,11,1.6902,7.21,288,2005-04-21,en,Released
115967,199575,2500000,360000,87,3.6036,6.457,639,2014-07-31,en,Released
116136,289314,,,,,,,,,
116161,87492,24000000,19206513,134,9.0747,6.649,2540,2014-11-14,en,Released
116217,75258,0,0,75,13.6586,7.285,1420,2012-08-17,en,Released
116397,207933,0,2478806,112,11.2184,6.856,1648,2014-10-23,en,Released
116660,167581,0,599721,97,4.7184,7.66,856,2013-05-27,de,Released
116855,237791,0,1207841,96,4.3526,7.911,1008,2014-04-10,pt,Released
116905,212167,0,0,98,3.4988,7.377,485,2013-11-09,ja,Released
116951,244001,0,0,60,1.8658,7.8,278,2013-12-17,en,Released
117123,114750,1300000,5403771,108,3.124,6.095,490,2014-10-17,en,Released
117434,254194,0,0,96,2.7661,6.057,528,2014-07-29,en,Released
117438,242828,0,34949567,103,9.6987,7.917,2022,2014-07-19,ja,Released
117549,297608,0,0,90,7.8118,6.572,1542,2014-10-21,en,Released
117871,256917,22500000,15520023,112,8.0769,6.781,1363,2014-12-25,en,Released
118202,282297,117,0,90,2.8961,7.619,530,2014-07-01,en,Released
118246,246860,6600000,1851517,124,4.3339,6.593,826,2014-08-20,en,Released
118496,74018,0,0,88,6.9595,6.372,1060,2011-09-05,en,Released
118760,250538,20000000,3396345,110,6.3308,7.511,622,2014-09-10,en,Released
118898,241239,20000000,12007070,125,11.7468,6.6,1585,2014-12-31,en,Released
120132,196867,65000000,136853506,118,9.4101,6.237,1382,2014-12-18,en,Released
120392,276908,0,0,91,2.7697,6.629,473,2014-12-05,en,Released
120474,256835,0,0,22,8.4101,7.137,1181,2014-12-02,en,Released
120825,288158,15000000,48854305,98,6.995,5.2,1084,2014-12-30,en,Released
122910,299537,152000000,1131416446,124,25.1542,6.77,17163,2019-03-06,en,Released
122914,299534,356000000,2799439100,181,112.3927,8.244,28740,2019-04-24,en,Released
123288,150004,,,,,,,,,
124867,297556,3500000,0,72,7.5943,6.967,1021,2015-01-13,en,Released
125972,34205,0,0,81,5.806,6.81,382,2001-10-12,en,Released
126599,276844,0,0,96,5.199,6.725,550,2014-06-13,en,Released
127128,309242,7100000,130541,108,4.124,6.04,587,2015-07-04,en,Released
127140,288036,0,3214116,100,5.5637,6.273,1007,2015-06-26,en,Released
127178,283235,8000000,1411927,112,6.1029,6.809,883,2015-09-25,en,Released
127196,250124,2000000,1477002,102,5.0627,6.571,806,2015-08-07,en,Released
127218,193687,0,121461,97,4.3359,5.698,1027,2015-08-13,en,Released
127565,167810,2000000,45431,95,4.8874,5.708,651,2015-04-08,en,Released
128604,86835,0,566006,118,6.406,5.706,742,2015-09-10,en,Released
128606,311291,0,4250507,95,4.992,6.6,807,2015-05-29,en,Released
129370,228165,74000000,325186032,93,18.869,6.119,2605,2015-01-28,en,Released
129707,243940,3300000,64110728,83,6.7237,5.349,1577,2015-01-29,en,Released
130075,326359,0,0,8,10.0354,6.828,1936,2015-03-09,en,Released
130448,243688,35000000,95682614,93,9.4501,5.227,2434,2015-05-20,en,Released
130496,230179,8500000,7500000,90,6.2662,5.5,1250,2014-09-05,en,Released
130506,118412,0,0,98,4.3989,7.308,478,2012-06-23,ja,Released
130508,113082,0,2152610,76,5.5926,7.25,562,2012-02-04,ja,Released
130510,144288,0,399445,110,4.5637,7.662,423,2013-02-01,ja,Released
130628,244063,0,0,77,4.6304,7.674,754,2014-01-08,nl,Released
130636,277685,1000000,64364198,83,6.8442,5.6,3591,2014-06-18,en,Released
130642,228973,0,0,92,4.8872,5.984,743,2015-03-20,en,Released
130684,291272,0,0,83,3.4872,5.607,531,2015-06-05,en,Released
130956,181283,50000000,12951093,137,13.3478,6.28,1858,2015-03-15,en,Released
131050,80527,,,,,,,,,
131080,16119,0,0,74,11.3005,6.552,1355,2007-02-06,en,Released
131168,254578,0,5855623,98,4.0545,6.8,507,2014-09-25,de,Released
131170,328595,0,0,83,1.718,6.028,404,2015-03-01,en,Released
131248,10010,0,0,73,12.0141,6.658,1594,2006-07-19,en,Released
132128,243526,0,0,90,2.1455,6.626,264,2014-03-06,en,Released
132480,293863,25000000,65663276,112,14.0743,7.466,7200,2015-04-16,en,Released
132798,241257,20000000,17671101,106,6.2786,5.584,1923,2015-10-01,en,Released
132961,250734,14500000,30300000,119,7.9161,7.024,1135,2015-04-23,en,Released
134374,13179,48000000,9208064,78,12.8738,6.956,1628,2008-09-11,en,Released
135141,262504,110000000,179246868,120,15.2624,6.105,7115,2016-03-09,en,Released
135426,338952,200000000,654900000,134,13.9911,6.829,11679,2018-11-14,en,Released
135442,88018,0,0,5,2.9714,7.383,339,1929-08-29,en,Released
135530,302156,31500000,14708696,113,9.1261,6.223,1935,2016-04-07,en,Released
136204,310569,0,0,112,4.3095,8.009,797,2015-06-04,pt,Released
136247,13151,0,0,77,8.6791,7.676,886,1998-09-22,en,Released
136463,108930,0,0,72,2.0624,7.005,95,2006-01-29,en,Released
136477,53211,0,0,7,1.4624,7.727,185,1955-12-30,en,Released
136485,42979,0,0,23,3.7544,7.242,275,2007-07-17,en,Released
136542,14813,3000000,21000000,25,10.2144,7.667,1007,1983-10-19,en,Released
138104,323027,0,0,76,7.8332,7.091,632,2015-06-18,en,Released
138212,324670,70000000,0,109,7.4092,6.6,2107,2016-12-09,en,Released
139120,336804,1300000,5300000,97,4.4844,7.688,1490,2015-06-17,fr,Released
139417,314405,12000000,5500277,134,6.3328,6.426,1756,2015-05-14,it,Released
139525,317952,0,1145923,101,2.1858,7.176,380,2015-07-03,en,Released
139575,256040,25130430,90747520,159,6.0697,7.561,963,2015-07-10,te,Released
139721,278236,0,1043620,111,5.1706,6.7,622,2015-03-13,en,Released
139757,319067,1000000,0,87,2.5244,7.175,151,2015-07-31,en,Released
140106,315846,0,346485,127,7.5155,7.6,587,2015-06-13,ja,Released
140160,277217,0,0,112,11.6103,7.184,2581,2015-07-31,en,Released
140341,286192,0,0,7,2.5166,7.25,1149,2015-06-18,en,Released
140529,283445,10000000,53329150,97,8.3131,5.895,2360,2015-08-19,en,Released
140713,192141,5000000,54400000,103,8.4237,6.955,2801,2015-08-26,en,Released
141397,301875,16000000,2084628,102,6.5302,6.114,1469,2015-07-15,en,Released
141648,301351,6000000,11100000,96,8.2787,6.809,2492,2015-08-26,en,Released
141702,352173,4600000,18000000,163,2.4241,7.5,512,2015-07-30,hi,Released
141924,328589,6000000,41387687,104,6.3899,6.401,819,2015-10-30,en,Released
141946,318279,0,2334228,89,2.2747,7.411,270,2015-01-25,en,Released
142032,287948,25000000,72629670,95,11.1471,5.506,1635,2015-09-02,en,Released
142492,336050,1000000,1777043,107,5.7916,7.125,1196,2015-06-11,hu,Released
142999,360784,0,0,83,6.2802,6.964,1241,2015-09-15,en,Released
143345,287947,80000000,367799011,132,18.4505,6.969,10453,2019-03-29,en,Released
143347,297802,160000000,1152028393,143,25.0673,6.863,15221,2018-12-07,en,Released
143387,353616,45000000,185400345,93,10.5022,6.504,3503,2017-12-20,en,Released
143444,324807,0,7545758,125,6.959,6.149,873,2015-11-26,en,Released
143476,352208,0,3820195,121,2.8303,7.239,550,2015-12-23,en,Released
143657,306947,1000000,354835,100,7.8639,6.423,2956,2016-04-08,en,Released
144172,334536,0,143545,94,5.0233,5.9,809,2017-03-31,en,Released
144482,335866,250000,0,86,4.1771,6.017,2174,2015-05-28,en,Released
144982,146301,10000000,78903124,87,7.8332,5.311,1506,2015-10-21,en,Released
145070,325302,0,0,80,1.8908,6.238,254,2016-02-26,en,Released
146327,67467,0,0,359,1.4182,8.067,90,1979-11-11,ru,Released
147847,257088,105000000,133782481,114,10.6504,5.954,2491,2015-12-03,en,Released
148036,355020,0,0,98,2.5208,7.863,328,2015-09-03,en,Released
148369,336882,5904067,12975143,105,8.3967,6.704,1454,2015-08-28,no,Released
150294,329440,10000000,37608299,93,7.3382,5.236,1908,2016-01-07,en,Released
151113,348678,0,30692889,116,8.2377,7.605,1365,2015-12-25,sv,Released
151345,366924,3500000,0,74,7.2857,7.034,1016,2016-01-19,en,Released
151605,360030,0,0,99,2.4001,6.579,335,2016-03-04,en,Released
151639,321258,10000000,73929392,98,9.7581,5.976,4019,2016-01-22,en,Released
152017,296096,20000000,207945075,110,23.9114,7.931,13582,2016-06-01,en,Released
152059,263341,20000000,38659039,100,6.1004,6.155,748,2016-02-18,en,Released
152061,146198,20000000,12600000,115,10.2954,5.978,2338,2016-02-19,en,Released
154915,302528,9600000,1986615,94,4.8445,7.354,771,2015-10-23,en,Released
154941,371758,,,,,,,,,
155392,320588,1000000,14659448,95,4.7207,6.3,524,2015-11-27,en,Released
155625,375012,0,0,84,2.5349,6.492,752,2016-09-30,fa,Released
155874,296360,3000000,21401949,94,4.665,6.043,603,2016-05-26,en,Released
155968,385965,,,,,,,,,
156000,379291,0,0,78,6.3478,7.27,1060,2016-03-26,en,Released
156369,380808,0,109649,116,2.7783,7.354,267,2016-07-08,en,Released
156944,335578,5070773,0,100,4.1273,7.794,1515,2015-12-03,da,Released
157224,322240,30000000,57814445,87,9.5811,5.84,1164,2016-08-03,en,Released
157268,356298,2400000,4417667,92,5.3775,6.4,424,2016-07-22,en,Released
157274,330483,10000000,23730891,111,7.6076,7.204,1991,2016-02-04,en,Released
157276,205588,4000000,9930095,108,8.2175,6.032,633,2016-05-05,en,Released
157318,381341,0,32207491,97,5.5418,7.851,4689,2016-02-11,it,Released
157326,333669,20000000,14397593,92,9.9771,6.317,1569,2016-04-22,en,Released
157338,316152,50000000,25035950,140,8.3814,6.779,1708,2016-06-24,en,Released
157361,373072,0,923000,92,3.0698,7.172,450,2016-05-26,en,Released
157373,86517,0,0,23,0.8351,7.8,123,2011-11-17,en,Released
157498,347938,,,,,,,,,
157797,355008,0,0,100,2.8852,5.788,577,2016-04-22,en,Released
157961,347945,0,4505,101,3.1153,5.746,424,2015-07-22,en,Released
158260,270010,30000000,9169507,98,6.4978,5.847,1253,2016-04-22,en,Released
159191,332872,1490000,22468044,98,4.8875,7.0,934,2016-04-08,es,Released
159195,374473,0,15697699,100,6.3679,7.713,1576,2016-10-21,en,Released
159447,301804,0,4937677,97,7.8159,6.499,2021,2016-04-07,en,Released
159917,376261,0,0,96,2.1121,7.304,198,2016-05-20,en,Released
160112,168098,0,1133031,98,7.9291,4.715,1173,2016-07-06,en,Released
160656,353571,0,0,111,2.3555,6.706,773,2016-06-02,en,Released
161348,374052,0,228894,121,5.2763,6.4,654,2016-11-11,en,Released
161650,403119,5500000,62198461,89,9.18,5.808,2908,2017-05-25,en,Released
161954,351339,0,4600000,120,5.8318,7.132,1197,2016-08-12,en,Released
161956,309886,13000000,6903033,88,7.2427,6.166,1708,2016-08-11,fr,Released
162322,278924,40000000,125729635,99,12.2478,6.07,3756,2016-08-25,en,Released
162592,283552,20000000,25975621,133,9.0431,7.065,1445,2016-09-02,en,Released
162594,377264,8000000,8810591,92,7.3694,5.827,1652,2016-09-01,en,Released
162596,317557,15000000,10367161,124,9.1587,7.231,481,2016-09-23,en,Released
162738,340485,3500000,2290649,163,4.286,6.794,951,2016-09-30,en,Released
162882,381034,1400000,0,104,3.4858,6.3,548,2016-08-26,en,Released
163959,339419,9000000,8996802,123,5.3786,6.688,981,2016-11-04,en,Released
163971,339405,0,313465,123,3.594,6.865,418,2016-10-14,en,Released
164175,258230,43000000,47309313,108,13.3798,7.309,3647,2016-10-07,en,Released
164411,393559,8000000,5873256,66,5.8323,7.792,1552,2016-09-22,fr,Released
164821,339967,15000000,3029287,109,7.4067,6.266,2340,2017-04-06,en,Released
164899,408508,0,21626,80,2.6612,6.998,548,2016-10-07,en,Released
164931,334517,0,0,108,4.73,7.102,970,2016-09-19,en,Released
164949,375315,0,6953604,125,4.7064,7.3,956,2016-06-24,fa,Released
164981,369885,106000000,119520023,124,15.3013,6.809,4893,2016-11-23,en,Released
165087,324560,13000000,0,148,5.2739,7.141,1308,2016-03-12,en,Released
165105,335796,9000000,81831866,99,8.1198,6.165,2683,2016-10-20,en,Released
165141,136799,125000000,347337803,92,15.7184,6.622,3902,2016-10-13,en,Released
165337,402298,10000000,7994527,109,3.7374,6.833,716,2016-09-30,en,Released
165491,360029,0,0,107,2.1506,6.947,245,2016-09-07,en,Released
165503,374461,8000000,685780,104,5.7843,7.4,543,2016-09-16,en,Released
165527,410718,0,0,93,4.5576,7.675,832,2016-10-21,en,Released
165603,397243,4000000,6170043,86,13.4092,6.844,4890,2016-12-21,en,Released
165699,423204,40000000,146661977,122,18.8198,6.6,3977,2019-08-21,en,Released
165937,345920,36000000,88528280,97,8.8861,7.211,5616,2016-12-15,en,Released
166486,376866,9000000,13960394,100,4.7739,6.449,2472,2016-12-02,en,Released
166532,259695,90000000,22700000,129,9.1433,6.3,1441,2016-12-25,en,Released
166655,359246,25000,0,91,3.9068,6.481,681,2015-10-16,en,Released
166788,342737,7000000,5664764,119,6.475,7.308,1262,2016-12-28,en,Released
166918,311324,150000000,331957105,103,17.2227,6.0,5681,2016-12-16,en,Released
167248,392011,0,5037923,79,4.4921,7.509,377,2017-01-08,en,Released
167392,360814,10400000,311000000,161,6.3351,7.869,1222,2016-12-21,hi,Released
167544,388399,45000000,50548152,133,13.9649,7.064,2923,2016-12-12,en,Released
167546,334524,20000000,14880939,120,8.7701,6.627,1799,2016-02-03,en,Released
167564,411873,0,1647675,90,7.0109,5.888,674,2017-06-30,en,Released
167620,342473,30000000,109573511,89,12.0743,7.2,2030,2016-12-14,en,Released
167640,340837,40000000,26620002,146,10.8523,6.352,4292,2017-02-15,en,Released
167738,47971,85000000,346118277,107,23.356,6.1,9332,2017-01-13,en,Released
167792,53217,0,0,7,2.2195,7.6,218,1957-07-06,en,Released
167832,411088,4000000,30000000,107,16.003,8.074,5135,2017-01-06,es,Released
168060,14564,25000000,83080890,102,6.1754,5.028,2655,2017-02-01,en,Released
168122,393519,3500000,4100000,99,6.9411,7.0,3488,2017-03-10,fr,Released
168286,397837,5000000,16373843,98,7.8766,6.968,3590,2017-03-02,en,Released
168288,341006,5000000,11792942,89,5.9471,6.174,1726,2017-03-17,en,Released
168328,411741,0,24931915,98,6.8933,6.395,1105,2017-08-11,en,Released
168330,425591,0,0,96,3.8326,6.564,1447,2017-01-19,en,Released
168344,274857,175000000,149175066,126,17.5473,6.559,6191,2017-05-09,en,Released
168420,408220,0,0,76,5.0248,7.303,1166,2017-01-24,en,Released
168498,173897,40000000,312242626,107,1.5142,6.103,3597,2016-12-23,en,Released
168554,414190,1500000,0,90,3.8024,5.952,1240,2017-01-27,en,Released
168610,428449,100000,1929659,93,9.4668,7.1,2571,2017-04-24,en,Released
169164,330947,10000000,1710528,129,6.6551,5.481,932,2017-03-17,en,Released
169166,401104,0,0,107,4.5922,7.202,3623,2017-01-22,en,Released
169218,428493,0,2559939,104,6.2771,7.72,1012,2017-08-31,en,Released
169220,429191,0,1880736,104,4.1369,6.988,754,2017-04-06,es,Released
169252,32532,0,0,17,1.2445,7.617,124,2006-01-10,en,Released
169656,336000,9000000,22088533,127,7.1717,7.099,917,2017-08-11,en,Released
169760,410117,0,5245263,86,4.3496,6.565,833,2016-12-12,en,Released
169764,340676,6000000,1305195,106,6.711,5.939,1352,2016-12-14,fr,Released
169864,395992,58000000,100541806,104,15.0802,6.463,8122,2017-03-22,en,Released
169900,314095,30000000,8574339,141,11.1264,6.387,3158,2017-03-15,en,Released
169906,414399,,,,,,,,,
170403,353070,25000000,84618541,96,11.7897,6.7,3106,2017-04-06,en,Released
170555,420648,6045750,3662671,102,4.6082,6.328,1378,2017-02-15,es,Released
170629,376134,5000000,0,102,4.9349,6.254,1463,2017-03-31,en,Released
170635,32536,0,0,10,1.2092,7.252,238,2000-07-25,en,Released
170645,289222,20000000,26152835,126,8.0547,7.318,1591,2017-03-24,en,Released
170729,449674,0,0,74,2.0856,7.281,288,2017-04-04,en,Released
170745,450980,,,,,,,,,
170799,284457,0,0,91,4.0377,7.221,287,2014-07-16,en,Released
171207,271404,14000000,992181,105,3.8684,5.3,1128,2017-10-26,en,Released
171253,403431,0,681632,97,5.3629,7.088,427,2017-07-27,en,Released
171439,409297,0,0,100,4.974,6.335,598,2016-07-08,en,Released
171491,291276,0,0,98,9.5335,6.286,1248,2017-04-27,en,Released
171583,396940,0,33109,103,2.9223,6.5,697,2017-09-29,en,Released
172009,429174,0,3925992,122,3.4058,7.305,841,2017-06-01,ru,Released
172743,428948,0,0,103,2.3588,6.247,290,2016-12-03,en,Released
172877,24675,0,0,13,1.7931,7.273,154,2003-06-03,en,Released
173139,316154,6000000,180851,119,6.5543,5.257,1189,2017-06-23,en,Released
173369,398181,17000000,9400000,89,9.1545,6.543,3130,2017-11-08,en,Released
173939,436343,0,0,116,7.5915,7.248,634,2017-03-02,hu,Released
174395,406994,0,176288,89,6.0218,6.649,1692,2017-10-06,en,Released
174487,127144,0,0,4,1.7965,7.593,172,2012-10-24,en,Released
174489,255384,0,0,4,1.435,7.607,107,2014-01-08,en,Released
174491,368051,0,0,7,1.5284,7.363,102,2015-10-14,en,Released
174585,335988,217000000,605425157,154,19.3938,6.064,6893,2017-06-16,en,Released
175277,451995,0,1108983,94,3.8616,7.6,429,2017-06-28,fr,Released
175655,417870,19000000,140376621,122,8.1491,6.8,1596,2017-07-21,en,Released
175659,407448,34000000,23400000,143,5.8356,7.236,1778,2017-07-28,en,Released
175667,414453,700000,1015744,104,3.6117,7.081,508,2017-08-04,en,Released
175809,390062,0,1906640,115,30.1705,6.73,2290,2017-06-27,en,Released
175813,265189,0,4094339,119,6.8932,6.832,1268,2014-08-15,sv,Released
176103,274862,70000000,123081555,101,14.3496,6.499,1210,2017-09-21,en,Released
176105,400710,19000000,45158254,111,9.062,5.642,2428,2017-09-28,en,Released
176211,455661,0,0,4,1.5008,7.955,1037,2017-06-01,en,Released
176355,290512,35000000,62832209,109,9.3697,6.645,2584,2017-10-05,en,Released
176567,430231,1000000,956425,112,8.3459,6.295,1360,2017-11-05,en,Released
176603,372343,35000000,43203413,119,12.3885,5.213,2418,2017-08-24,en,Released
176801,361292,20000000,7953089,152,9.7209,6.893,2838,2018-10-26,en,Released
176929,440021,4800000,125479266,97,9.8827,6.659,6700,2017-10-12,en,Released
176933,379149,35000000,145374099,114,14.3509,6.982,3030,2017-09-28,en,Released
176937,298250,10000000,104223315,91,10.7356,6.207,4057,2017-10-25,en,Released
177225,427900,12000000,27020284,97,8.8058,6.085,1255,2017-09-07,en,Released
177237,369192,25000000,12638526,121,8.739,6.747,1991,2017-09-22,en,Released
177239,395993,30000000,8484418,119,6.097,7.0,1591,2017-09-22,en,Released
177243,392982,12000000,10051659,118,4.8893,7.25,707,2017-10-13,en,Released
177287,346671,0,0,94,3.7445,5.569,1004,2017-08-08,en,Released
177497,384680,55000000,36976336,134,10.2785,6.954,2591,2017-12-22,en,Released
177607,415842,33000000,67200000,112,12.7547,6.412,3320,2017-07-14,en,Released
177651,394117,2000000,11303040,112,9.8015,7.4,3192,2017-10-06,en,Released
177689,399057,3000000,10700000,121,11.5286,7.004,4585,2017-10-20,en,Released
177771,395458,25000000,12751667,105,7.3076,5.887,1849,2017-10-26,en,Released
177867,397538,7500000,16657800,108,5.7876,6.899,1233,2017-09-08,sv,Released
177871,423899,22000000,66558465,112,6.7052,6.9,1229,2017-09-13,en,Released
178335,401898,5700000,1500000,116,5.7941,6.8,1173,2017-09-15,no,Released
178401,407449,0,955925,88,4.0996,7.287,667,2017-09-29,en,Released
178521,419479,0,0,85,6.4954,6.192,3999,2017-10-13,en,Released
178523,452507,5000000,2943477,102,4.4833,5.947,2973,2017-10-20,en,Released
178667,343674,0,0,104,7.1173,6.399,4022,2017-09-29,en,Released
178839,419835,0,2049844,115,9.5597,6.375,1017,2017-09-06,en,Released
178907,475946,0,0,16,2.4682,7.103,460,2017-09-26,en,Released
179085,433808,1000000,1786396,94,10.4002,6.304,3574,2017-10-11,en,Released
179137,420622,7000000,1600000,108,5.2746,7.154,954,2017-10-13,en,Released
179173,52971,0,0,8,1.8017,7.575,181,1950-12-16,en,Released
179221,398175,10000000,64453,132,6.7288,6.955,1632,2017-09-23,en,Released
179247,467938,2900000,938055,108,9.0598,6.512,2171,2017-11-18,fr,Released
179295,445040,0,1361611,107,5.0378,6.508,661,2017-11-03,en,Released
179331,395991,38000000,25754775,133,17.3039,7.483,1953,2017-09-22,en,Released
179333,441701,0,0,105,5.1938,6.248,1909,2017-08-25,es,Released
179779,437068,12820005,81927980,138,6.8383,8.033,1228,2017-08-02,ko,Released
179811,419709,25000000,1872950,125,4.9412,6.734,505,2017-11-03,en,Released
179863,436274,0,14097,93,3.8128,6.494,775,2017-07-17,en,Released
179881,301337,68000000,55003890,135,11.522,5.42,4203,2017-12-22,en,Released
180555,401561,0,169209,86,7.259,5.411,1101,2018-01-19,en,Released
180587,340613,7000000,20000000,100,6.942,7.057,1142,2017-08-17,en,Released
181671,435129,0,2790214,94,6.3086,7.842,956,2017-11-17,en,Released
182479,430447,0,42170089,103,6.2187,7.162,939,2017-07-08,ja,Released
182637,24358,0,0,9,3.2321,7.446,196,2003-02-04,en,Released
182723,488705,,,,,,,,,
182825,446791,50000000,56996304,132,9.3121,6.492,2472,2017-12-21,en,Released
183421,401981,69000000,151572634,140,14.3085,6.532,6476,2018-02-28,en,Released
183423,455008,0,0,90,1.989,7.698,164,2017-09-29,en,Released
183437,471495,0,0,23,1.0991,7.889,72,2017-09-22,en,Released
183461,488654,,,,,,,,,
183589,337167,55000000,371985018,105,24.7167,6.667,8432,2018-01-17,en,Released
183613,397722,5000000,2830775,92,4.1062,6.436,1290,2018-03-09,en,Released
183619,449443,30000000,80509622,140,16.3255,6.877,3511,2018-01-18,en,Released
183695,399366,9300000,12294931,111,10.2053,7.28,1891,2017-10-27,es,Released
183701,429351,35000000,67450815,130,14.7251,6.375,3259,2018-01-18,en,Released
183833,387592,50000000,53431158,89,12.7033,6.1,895,2018-01-26,en,Released
183837,375262,15000000,95918706,120,13.854,7.48,6050,2018-11-23,en,Released
183843,460885,6000000,1653784,122,9.6432,6.2,2245,2018-09-13,en,Released
183869,493922,10000000,87796204,128,22.2569,7.298,8903,2018-06-07,en,Released
183909,391710,10000000,0,101,4.1305,6.451,384,2018-01-24,en,Released
184017,401371,0,0,126,4.303,5.571,1174,2018-02-23,en,Released
184023,467660,1500000,14293601,98,6.976,6.25,1718,2018-03-22,en,Released
184089,416234,3500000,44019588,100,6.9974,5.885,1847,2018-02-02,en,Released
184239,381719,50000000,351266433,93,15.0594,6.696,1981,2018-02-07,en,Released
184399,489925,2000000,13539709,94,6.9716,7.142,1718,2018-01-19,en,Released
184999,454619,12000000,91244913,112,7.0518,6.664,1537,2018-04-13,en,Released
185001,460668,32000000,94539426,110,8.7497,6.38,2151,2018-04-19,en,Released
185109,419743,6000000,8000000,114,7.0689,6.884,1304,2018-04-24,en,Released
185319,506072,4000000,22777,98,4.8733,6.212,1025,2018-10-02,en,Released
185425,476926,0,2635408,97,6.7411,5.329,1365,2018-03-30,en,Released
185481,476299,0,0,91,9.4331,7.396,2749,2018-03-14,en,Released
185927,510882,,,,,,,,,
185979,429417,0,135095,98,4.5596,6.437,1317,2018-01-20,en,Released
185987,453278,0,0,103,4.5569,7.257,577,2018-03-28,en,Released
185989,460019,3500000,95330493,101,9.7533,5.934,4267,2018-04-12,en,Released
185997,399796,30000000,61700416,105,8.3471,6.083,1068,2018-05-10,en,Released
186005,502682,10000000,104400000,104,6.3643,6.2,847,2018-05-18,en,Released
186311,451480,0,23148937,124,6.4798,7.391,1427,2018-04-19,en,Released
186631,401545,11318430,17997350,132,5.2423,6.552,1056,2018-05-09,es,Released
186863,399248,0,7509436,109,4.3117,6.286,627,2018-04-11,en,Released
186983,489988,0,1041955,97,3.4812,7.299,842,2018-06-29,en,Released
186985,485942,0,0,85,5.3053,5.873,1095,2018-03-24,ja,Released
187067,50022,13500000,31626386,99,9.2708,5.9,545,2018-04-19,en,Released
187231,489931,3000000,2847319,117,5.2666,6.738,1247,2018-06-01,en,Released
187501,443463,0,0,109,5.907,6.8,1413,2018-06-29,en,Released
187505,400579,0,15636462,95,5.5927,6.773,1561,2018-05-04,en,Released
187531,520594,0,0,65,1.3065,7.902,256,2018-05-01,en,Released
187601,396806,20000000,1197741,100,6.1239,6.025,1783,2018-05-03,en,Released
187611,429300,35000000,59945012,96,11.0957,6.835,2737,2018-05-31,en,Released
187613,454983,0,0,105,11.9415,7.155,7513,2018-05-11,en,Released
187723,384677,0,0,105,6.6823,6.91,2849,2018-06-15,en,Released
187815,493099,0,2002767,98,3.09,7.478,314,2018-05-04,en,Released
188207,440298,4954500,18754051,88,6.1035,7.4,1618,2018-06-08,pl,Released
188303,442249,13000000,137056262,97,11.4012,5.996,4302,2018-07-04,en,Released
188305,443009,3500000,4200000,115,4.9229,6.675,782,2018-04-04,en,Released
188307,400155,80000000,528600000,97,17.8289,6.843,4802,2018-06-28,en,Released
188309,447200,125000000,304870828,102,10.9449,6.304,5447,2018-07-11,en,Released
188383,455839,0,0,87,6.5512,6.336,1392,2017-05-19,en,Released
188541,425972,0,56385,105,4.6283,6.4,1906,2017-10-06,en,Released
188623,491584,7280000,6591038,148,9.6073,7.4,1900,2018-05-17,ko,Released
188625,523902,,,,,,,,,
188679,401905,0,0,100,5.078,5.46,964,2018-05-12,en,Released
188697,481432,0,0,128,5.7636,7.395,791,2018-05-31,it,Released
188749,345887,62000000,190400157,121,24.0188,6.796,6160,2018-07-19,en,Released
188753,505058,1000000,16434588,92,5.7298,6.3,1708,2018-07-19,en,Released
188773,505192,0,0,120,11.2208,7.829,2377,2018-06-02,ja,Released
188829,517814,4000000,64978931,126,6.9341,8.2,2037,2018-09-20,ar,Released
188941,396461,8500000,2053469,139,7.4127,6.322,1677,2018-08-08,en,Released
189041,400535,35000000,75836683,122,16.879,6.945,4197,2018-06-27,en,Released
189203,500664,3000000,16976561,100,12.0475,7.514,5258,2018-05-31,en,Released
189241,406761,15000000,12371132,94,7.6877,6.073,1722,2018-06-07,en,Released
189331,454992,40000000,33562069,117,9.9452,6.367,2415,2018-08-02,en,Released
189363,402900,70000000,297718711,111,19.679,6.946,8992,2018-06-07,en,Released
189475,426613,900000,2019874,92,6.9658,6.891,1030,2018-07-18,en,Released
189567,511785,0,0,99,3.1614,6.6,1588,2018-04-16,en,Released
189577,411143,0,0,97,4.0491,6.162,1410,2018-06-29,en,Released
189783,420814,75000000,197744825,104,12.8035,7.292,2993,2018-08-01,en,Released
189805,433498,0,10060903,134,8.3124,7.32,2210,2017-09-07,en,Released
189873,514754,0,0,8,2.9742,7.548,1349,2018-06-15,en,Released
189885,486947,0,0,85,5.8183,7.308,1898,2018-02-22,da,Released
189893,420634,35000,421798,84,12.1616,6.299,3072,2018-01-25,en,Released
190085,475210,20000000,0,113,6.2339,5.289,2081,2018-07-13,en,Released
190089,529531,0,0,69,1.0334,7.888,308,2018-06-19,en,Released
190349,458344,0,0,97,8.6243,6.295,548,2018-08-16,en,Released
190401,474051,0,0,101,3.9812,6.479,818,2018-06-22,en,Released
190551,489930,0,0,95,5.3904,7.289,750,2018-07-20,en,Released
190555,489999,880000,75636047,102,9.2527,7.565,4371,2018-08-24,en,Released
190741,470229,1500000,42027,106,6.6513,6.914,1512,2018-08-10,en,Released
190939,484247,20000000,97644617,117,16.8862,6.637,4695,2018-09-13,en,Released
190947,457136,25000000,46712809,124,8.171,6.543,1971,2018-12-07,en,Released
190949,462919,0,0,105,3.7636,6.282,3476,2018-09-07,en,Released
191351,466282,0,0,100,12.0267,7.589,8773,2018-08-17,en,Released
191367,346910,88000000,160542134,107,13.6124,5.617,5275,2018-09-05,en,Released
191441,412988,40000000,27506452,91,7.0669,5.825,1110,2018-08-22,en,Released
191459,440161,38000000,13143056,121,7.8098,6.834,2153,2018-09-19,en,Released
191469,375588,100000000,86493046,116,12.1543,5.91,3216,2018-11-03,en,Released
191479,446894,80000000,214115531,96,10.7068,6.813,1664,2018-09-20,en,Released
191483,439079,22000000,366082797,96,22.0139,5.911,7311,2018-09-05,en,Released
191489,458594,25000000,53918723,102,9.76,6.738,2296,2018-09-06,en,Released
191799,429415,0,1451864,96,5.8128,6.064,2064,2018-07-15,en,Released
191869,429203,15800000,11277120,94,6.3226,6.429,1538,2018-09-27,en,Released
192045,465914,12000000,20572691,120,9.0182,6.886,1254,2018-12-14,en,Released
192109,489985,0,0,93,2.1138,7.702,205,2018-08-17,en,Released
192245,446021,32000000,31882724,141,10.5153,6.8,3975,2018-10-04,en,Released
192283,455207,30000000,238539198,121,11.3915,7.041,4052,2018-08-15,en,Released
192307,345940,150000000,530517320,113,23.8165,6.252,8387,2018-08-08,en,Released
192319,493551,24000000,17506878,124,6.494,6.671,1129,2018-08-29,en,Released
192357,454652,0,14273033,112,6.231,6.9,962,2018-09-21,en,Released
192379,369972,70000000,105713218,141,15.3182,7.04,5812,2018-10-10,en,Released
192381,424121,0,0,129,5.3218,6.158,1652,2018-09-21,en,Released
192383,451915,25000000,31749905,121,10.5379,7.557,2962,2018-10-12,en,Released
192385,332562,36000000,436388866,136,19.7399,7.489,12397,2018-10-03,en,Released
192389,335983,116000000,856085151,112,23.6677,6.823,17609,2018-09-28,en,Released
192393,454293,29000000,33157615,111,7.0505,6.113,1795,2018-09-27,en,Released
192503,502422,200000,448184,91,2.6824,6.765,464,2018-09-12,en,Released
192551,347375,35000000,66308758,94,13.3046,6.277,2522,2018-08-16,en,Released
192559,463821,42000000,131523093,105,11.5623,6.3,2365,2018-09-15,en,Released
192561,395841,0,0,125,4.4325,5.454,1072,2018-09-22,en,Released
192579,463272,25000000,158972570,88,11.9406,6.3,2848,2018-08-30,en,Released
192697,489929,7000000,2183025,90,5.1388,5.774,850,2018-08-02,en,Released
192803,424694,52000000,910813521,135,21.4305,7.95,18059,2018-10-24,en,Released
192997,517839,0,2000000,110,6.4855,6.686,946,2018-09-27,sv,Released
193041,513434,52406,27590180,96,3.5914,7.622,1037,2017-11-04,ja,Released
193065,426426,15000000,1140769,135,7.6077,7.615,4188,2018-11-21,es,Released
193147,398173,9800000,5566776,152,9.2741,7.109,3155,2018-10-04,en,Released
193175,407436,175000000,0,105,12.4035,6.475,2647,2018-11-25,en,Released
193185,532908,0,0,128,3.9962,7.103,491,2018-09-10,en,Released
193449,437586,1700000,9303022,86,6.3865,7.5,1864,2018-10-19,en,Released
193455,496743,0,40124,106,3.9237,6.117,456,2019-02-01,sv,Released
193477,454227,0,0,122,8.3644,6.831,1750,2018-09-06,en,Released
193589,472451,15000000,7900000,115,7.5299,6.977,1519,2018-09-24,en,Released
193599,507076,2900000,1696075,97,7.6424,7.037,2404,2018-09-19,fr,Released
193647,446807,43000000,35164920,115,8.692,6.161,1565,2018-10-25,en,Released
193697,376865,8933400,2133033,113,7.2266,5.7,1265,2018-09-26,en,Released
193916,475215,0,29863754,98,5.0362,7.157,889,2018-07-20,ja,Released
193942,491418,48000000,121000000,118,16.0607,7.489,3308,2018-11-13,en,Released
193944,537996,0,0,132,12.7335,7.132,4580,2018-11-09,en,Released
193950,515042,0,21790193,100,4.6141,7.898,1577,2018-09-28,en,Released
193952,399402,40000000,31672678,121,14.0953,6.908,2480,2018-10-19,en,Released
193954,426543,120000000,173961069,99,11.7425,6.1,2269,2018-10-26,en,Released
193956,360920,75000000,552976825,85,20.4029,6.9,4524,2018-11-08,en,Released
193958,480530,50000000,214200000,130,15.4896,7.035,5927,2018-11-21,en,Released
193960,417812,0,3097257,105,5.1998,6.619,797,2018-09-23,en,Released
194004,424139,10000000,259939869,106,13.9133,6.56,5163,2018-10-18,en,Released
194006,300681,30000000,8100000,107,8.4767,6.026,1535,2018-10-25,en,Released
194016,404368,175000000,529323962,112,19.6236,7.152,8282,2018-11-20,en,Released
194052,491472,0,0,111,5.7916,6.992,1613,2018-11-15,en,Released
194074,470044,23000000,34934009,133,10.1944,8.068,2255,2018-10-19,en,Released
194312,458342,0,0,124,3.4116,6.885,429,2018-10-05,en,Released
194348,401847,0,8586944,106,5.7617,6.809,1384,2018-10-19,en,Released
194396,438799,38000000,41657844,110,8.4648,6.732,3235,2018-11-01,en,Released
194400,401469,42000000,75984700,129,13.3887,6.478,2538,2018-11-06,en,Released
194448,490132,23000000,321752656,130,26.9852,8.225,13272,2018-11-16,en,Released
194664,543580,0,20904188,99,4.5137,7.766,701,2018-11-09,en,Released
194696,534780,4500000,40000000,139,3.3652,7.603,655,2018-10-05,hi,Released
194762,544431,0,167994,109,4.2003,6.403,838,2018-11-16,en,Released
194947,521935,1000000,0,95,3.386,5.849,1612,2018-10-01,en,Released
194951,405774,19800000,0,124,14.7306,6.8,10830,2018-12-13,en,Released
194959,471507,9000000,5580940,121,5.6024,5.911,820,2018-12-25,en,Released
195159,324857,90000000,394884133,117,41.8174,8.401,17901,2018-12-06,en,Released
195161,400650,130000000,348807090,131,13.2239,6.51,3525,2018-12-13,en,Released
195163,424783,135000000,467989645,114,15.1477,6.732,6842,2018-11-22,en,Released
195165,426563,42000000,40500000,90,7.8142,4.287,963,2018-12-25,en,Released
195167,339380,20000000,38755968,120,8.2593,7.323,1150,2018-12-25,en,Released
195209,461130,15000000,157209,99,7.3681,6.261,2248,2019-12-06,en,Released
195295,438674,15000000,660132,159,8.3407,6.602,1170,2019-02-21,en,Released
195305,394741,10000000,24420923,98,4.9984,6.928,1159,2018-12-28,en,Released
195497,429197,60000000,76100000,132,11.9714,7.013,3697,2018-12-25,en,Released
195639,556803,0,0,101,4.7092,7.0,2295,2018-10-25,en,Released
195777,428078,100000000,83869818,128,18.4667,6.254,5334,2018-11-27,en,Released
195823,527435,0,0,104,7.6383,7.153,2438,2018-11-22,en,Released
195849,472734,0,0,110,3.3207,6.8,1456,2018-12-20,en,Released
195921,504172,50000000,174800000,116,12.8474,6.871,5487,2018-12-14,en,Released
196067,489471,0,0,101,3.024,8.022,370,2017-11-01,en,Released
196223,456740,50000000,55065289,121,11.1651,5.578,3807,2019-04-10,en,Released
196417,166428,129000000,539987993,104,20.6151,7.751,7295,2019-01-03,en,Released
196887,487297,20000000,69766483,117,10.4468,6.193,1615,2019-02-08,en,Released
196889,450465,20000000,246999039,129,15.1773,6.665,9275,2019-01-16,en,Released
196891,280217,99000000,199603202,107,16.9483,6.644,2519,2019-02-06,en,Released
196893,438650,60000000,76419755,119,16.0298,5.878,2850,2019-02-07,en,Released
196895,452832,25000000,14500000,102,10.0795,5.468,1661,2019-01-24,en,Released
196937,503314,1000000,125002821,101,2.7074,7.961,3270,2018-12-14,ja,Released
196997,569547,0,0,90,5.9118,6.76,4266,2018-12-28,en,Released
197175,399579,170000000,405000000,122,21.8026,7.277,10400,2019-01-31,en,Released
197179,412656,125000000,26508132,109,12.7991,6.545,2697,2021-02-24,en,Released
197197,524348,8000000,275000,119,7.742,7.0,1196,2019-09-12,en,Released
197199,449563,31000000,48800000,88,6.563,6.196,3625,2019-02-13,en,Released
197201,445629,11000000,39055536,108,6.9492,6.838,1931,2019-02-14,en,Released
197203,399361,115000000,0,125,11.0023,6.335,3650,2019-03-06,en,Released
197207,453755,2000000,4100000,98,5.148,6.529,1436,2018-11-21,en,Released
197343,522681,9000000,155712077,99,12.6533,6.544,5170,2019-01-03,en,Released
197379,402871,0,0,8,1.5015,7.959,97,2016-06-19,en,Released
197529,440472,37500000,125856180,126,10.7974,7.116,1436,2019-01-10,en,Released
197537,463684,21000000,0,112,5.0331,5.38,2041,2019-02-01,en,Released
197651,504949,0,0,140,8.2209,7.155,3673,2019-10-11,en,Released
197663,512196,9000000,64600152,100,9.7343,6.3,3734,2019-02-13,en,Released
197689,483906,0,0,118,10.3614,6.411,2587,2019-01-25,en,Released
197691,567860,0,0,98,2.8368,6.933,1038,2019-01-18,en,Released
197707,433249,0,0,96,4.0502,4.982,1506,2019-01-18,en,Released
197711,458723,20000000,256071218,116,15.3988,6.9,8300,2019-03-14,en,Released
197875,457799,0,0,111,8.0091,7.0,3608,2019-05-02,en,Released
197877,565716,0,0,110,4.5456,7.171,535,2019-08-21,en,Released
197879,549559,0,0,93,2.8623,7.862,730,2019-03-01,en,Released
197881,529862,0,7439448,103,3.6548,6.637,519,2019-08-23,en,Released
197883,565310,3000000,23076657,100,6.2249,7.412,1586,2019-07-12,en,Released
197885,512263,3500000,3400977,94,6.0752,7.027,752,2019-11-07,en,Released
198145,543540,0,0,90,6.5624,6.427,3352,2019-04-12,en,Released
198147,527641,7000000,92600000,116,12.0049,8.2,5991,2019-03-14,en,Released
198151,335787,120000000,407141258,116,21.1489,6.871,7168,2022-02-10,en,Released
198153,441384,5000000,4554416,95,6.4861,5.659,582,2019-03-21,en,Released
198157,475303,25000000,23805899,92,0.995,6.476,2415,2019-07-26,en,Released
198185,452522,1800000,0,116,5.3908,8.467,675,1989-12-08,en,Released
198265,535167,48000000,0,126,6.5673,6.636,1210,2019-02-05,zh,Released
199073,429471,25000000,8808611,110,7.17,5.666,1306,2019-03-15,en,Released
199207,480414,9000000,123233739,93,13.6972,5.6,2735,2019-04-17,en,Released
199219,524251,3000000,0,98,9.8124,6.97,1718,2019-09-11,en,Released
199223,157433,21000000,113118226,101,12.3018,5.7,3504,2019-04-04,en,Released
199307,471506,0,0,98,8.5719,6.551,1488,2019-02-28,en,Released
199476,491480,0,0,113,8.8982,7.887,1923,2019-02-14,en,Released
199910,411728,25000000,4957273,124,6.2315,7.1,1316,2019-03-07,en,Released
199974,416144,25000000,16900000,123,6.8045,7.527,1797,2018-10-10,en,Released
200008,537915,14000000,69497587,106,17.5452,7.104,8571,2019-04-11,en,Released
200054,566228,0,0,119,4.2653,7.0,312,2019-01-24,en,Released
200110,327331,0,0,108,4.9147,7.439,1361,2019-03-18,en,Released
200200,529216,0,17325485,129,10.1404,7.5,2056,2018-11-30,es,Released
200256,329996,170000000,353284621,112,10.4727,6.583,4576,2019-03-27,en,Released
200306,505600,6000000,24849029,102,9.3814,6.992,2922,2019-05-24,en,Released
200322,449562,21000000,97400000,94,13.9872,6.191,2752,2019-05-09,en,Released
200332,504608,40000000,167300000,121,9.659,7.31,5085,2019-05-17,en,Released
200354,500682,49000000,0,133,8.9069,6.774,2303,2019-03-15,en,Released
200540,420817,183000000,1054304000,127,18.7764,7.077,10816,2019-05-22,en,Released
200630,458253,100000000,26565710,94,8.6281,6.9,961,2019-04-04,en,Released
200638,468224,20000000,8654322,112,6.0293,6.913,1584,2019-05-03,en,Released
200814,527261,0,2325977,91,8.087,6.026,1738,2019-05-16,en,Released
200818,458156,55000000,328349908,131,25.6485,7.438,12089,2019-05-15,en,Released
200820,373571,170000000,387300138,132,23.5352,6.684,6908,2019-05-29,en,Released
200822,320288,200000000,252442974,114,23.7224,5.959,7311,2019-06-05,en,Released
200824,412117,80000000,429434163,86,23.5606,6.951,3421,2019-05-24,en,Released
200838,447404,150000000,450063166,105,17.357,6.897,7521,2019-05-03,en,Released
200842,522518,16000000,78871079,109,12.1012,8.047,1654,2019-05-03,en,Released
200938,535581,11000000,15325468,104,10.9341,5.438,2939,2019-05-15,en,Released
201242,529962,0,0,90,3.7397,6.426,1503,2018-09-20,en,Released
201314,513083,0,0,103,4.5459,5.5,550,2019-05-08,en,Released
201340,503919,11000000,18262464,109,17.3695,7.463,5791,2019-10-18,en,Released
201368,459992,40000000,0,125,11.5267,6.702,2968,2019-05-02,en,Released
201444,565312,0,0,86,1.7599,7.111,185,2019-01-27,en,Released
201586,479455,110000000,253890701,115,16.3689,5.891,5516,2019-06-12,en,Released
201588,301528,175000000,1073841394,100,32.8233,7.5,11001,2019-06-19,en,Released
201594,531309,6000000,33224654,91,13.5981,6.175,3609,2019-05-09,en,Released
201646,530385,9000000,48498408,147,25.8134,7.143,8437,2019-07-03,en,Released
201729,502416,5000000,61220856,99,9.0212,5.816,2505,2019-05-29,en,Released
201737,474764,0,2679585,108,8.5571,6.093,1473,2020-01-16,en,Released
201749,514999,24000000,0,98,12.2258,6.252,4910,2019-05-25,en,Released
201773,429617,160000000,1132723226,129,35.4804,7.392,17633,2019-06-28,en,Released
201811,515195,26000000,154608856,116,8.9983,6.7,4365,2019-06-26,en,Released
202101,513045,16000000,32400000,93,6.6267,6.592,1452,2019-07-11,en,Released
202103,505948,0,643593,113,7.9392,6.716,2939,2019-06-07,en,Released
202155,480001,1800000,2400000,104,6.0378,6.586,865,2019-07-12,en,Released
202159,511987,13500000,91542097,87,14.0605,6.336,3468,2019-07-10,en,Released
202237,519010,10769016,37359689,114,6.9689,7.4,1950,2019-03-22,es,Released
202393,513576,0,0,102,5.5593,6.639,1435,2019-05-31,en,Released
202429,466272,95000000,393869691,162,38.7774,7.42,15270,2019-07-24,en,Released
202433,403300,9000000,4645140,173,6.4247,7.171,813,2019-08-27,en,Released
202439,496243,11363000,257591776,133,37.0539,8.5,21346,2019-05-30,ko,Released
202497,586863,2500000,54606372,104,7.5423,7.563,1630,2019-11-14,fr,Released
202519,533642,10000000,44902237,90,12.0322,5.963,2099,2019-06-19,en,Released
202575,523172,4000000,22384741,102,7.9514,6.4,900,2019-01-25,en,Released
202711,538225,0,0,110,5.6942,6.733,473,2019-05-31,en,Released
202749,531428,5740000,9923127,121,15.7087,8.1,3046,2019-09-06,fr,Released
202934,484641,34000000,31626978,119,15.2452,6.719,3098,2019-06-19,en,Released
203160,522039,0,2975184,121,4.7642,6.979,375,2019-06-07,en,Released
203208,417384,25000000,104545505,108,15.1321,6.49,2930,2019-08-08,en,Released
203218,521777,20000000,111037232,90,19.7907,6.831,2072,2019-08-14,en,Released
203222,420818,260000000,1662020819,118,25.0839,7.09,10908,2019-07-12,en,Released
203224,499701,49000000,120600000,102,15.1889,6.616,1867,2019-08-08,en,Released
203244,486131,30000000,21360215,111,6.6936,6.526,1925,2019-06-14,en,Released
203322,463257,6200000,23712097,97,7.0469,7.387,1668,2019-08-09,en,Released
203375,359724,97600000,225508210,153,25.8089,8.007,9313,2019-11-13,en,Released
203513,521029,27000000,231252591,106,13.695,6.404,3927,2019-06-26,en,Released
203519,384018,200000000,760098996,137,27.3505,6.821,7930,2019-07-31,en,Released
203619,610120,0,0,15,2.0291,7.274,496,2019-06-26,en,Released
203904,534259,8300000,18144644,117,7.2151,6.9,624,2019-08-09,en,Released
203934,539892,2000,368410,105,5.3358,6.743,1331,2019-09-12,en,Released
204152,458305,4000000,488000,99,10.9452,6.077,2755,2019-09-07,en,Released
204158,568160,11100000,192729404,112,11.059,7.974,2717,2019-07-19,ja,Released
204268,522938,50000000,91500000,89,14.9154,6.537,4340,2019-09-18,en,Released
204294,566222,0,0,114,3.8934,6.877,604,2019-01-26,en,Released
204318,400090,0,855756,136,5.4877,7.047,697,2018-09-23,en,Released
204352,419704,87500000,127461872,123,9.3175,6.138,7435,2019-09-17,en,Released
204542,474350,79000000,473123154,169,21.331,6.829,9853,2019-09-04,en,Released
204686,513310,45000000,2000000,101,10.1559,6.881,2013,2021-02-19,en,Released
204692,523139,0,0,101,8.0761,5.553,2467,2019-09-20,en,Released
204694,431693,100000000,171616764,102,14.1952,7.544,3052,2019-12-04,en,Released
204698,475557,55000000,1078958629,122,36.566,8.116,28350,2019-10-01,en,Released
204702,405177,20000000,0,109,5.7952,6.555,741,2019-08-16,en,Released
204704,567609,6000000,57615777,96,21.3839,7.094,5884,2019-08-21,en,Released
204878,528888,0,0,118,5.5528,6.962,1332,2019-10-04,en,Released
205048,535292,33000000,49900000,100,10.7741,6.793,2234,2019-10-24,en,Released
205054,540901,20000000,157563598,110,9.3955,6.461,3144,2019-09-12,en,Released
205072,338967,42000000,122810399,99,13.6851,6.888,6436,2019-10-09,en,Released
205076,535544,20000000,194694725,122,7.3301,7.158,1293,2019-09-12,en,Released
205156,515001,14000000,82468705,108,17.4543,7.973,10700,2019-10-18,en,Released
205287,446159,1430000,3554178,131,4.3258,7.634,1180,2019-08-29,pt,Released
205297,453405,140000000,173469516,117,15.3992,6.254,5581,2019-10-02,en,Released
205303,379170,0,0,90,7.8885,7.832,2371,2016-01-01,en,Released
205327,504562,26000000,18377736,145,7.1966,6.685,1650,2019-10-31,en,Released
205383,559969,0,0,123,13.1095,7.054,5870,2019-10-11,en,Released
205425,624932,0,0,65,2.7771,7.548,397,2019-08-26,en,Released
205441,492188,18000000,333686,137,12.0755,7.733,7563,2019-09-28,en,Released
205545,393624,0,10100000,112,7.3333,7.224,1154,2019-08-30,en,Released
205661,420809,185000000,491730089,119,18.933,7.293,6611,2019-10-16,en,Released
205857,491283,10000000,38981322,118,6.1345,6.671,1285,2019-09-27,en,Released
206208,625128,0,0,67,2.3464,7.49,240,2019-09-10,en,Released
206246,619264,1203235,1090116,95,11.5565,6.965,8018,2019-11-08,es,Released
206419,551332,0,232638,125,6.5268,7.47,3226,2019-11-27,en,Released
206449,575776,0,1640866,85,5.8995,6.5,933,2020-10-09,en,Released
206451,530723,0,0,109,5.3253,6.743,799,2019-09-08,en,Released
206499,584962,0,0,82,5.054,5.92,968,2019-09-20,en,Released
206714,431580,75000000,190304772,97,13.2439,7.454,2230,2019-09-19,en,Released
206805,530382,0,0,115,6.1352,6.176,1650,2019-09-27,en,Released
206845,517909,0,0,96,8.4759,6.018,1338,2019-09-27,en,Released
206857,398978,159000000,968853,209,17.3556,7.569,7728,2019-11-01,en,Released
206899,458897,48000000,73279888,118,14.7496,6.4,3210,2019-11-14,en,Released
206939,633190,,,,,,,,,
206959,330457,150000000,1453683476,103,35.0529,7.224,10478,2019-11-20,en,Released
207117,440762,10000000,1011305,105,6.133,5.682,628,2019-10-15,en,Released
207189,481084,40000000,204394183,87,14.0246,6.6,2540,2019-10-10,en,Released
207233,512200,125000000,801693929,123,22.8055,6.868,9611,2019-12-04,en,Released
207309,568091,0,0,99,7.8996,6.768,3008,2019-09-22,en,Released
207311,549053,30000000,121600000,103,9.0725,7.186,2684,2019-11-07,en,Released
207313,546554,40000000,312897920,131,32.0807,7.844,14516,2019-11-27,en,Released
207405,501170,45000000,72385286,152,14.4776,7.147,5058,2019-10-30,en,Released
207796,514921,40000000,3485251,100,7.506,6.805,1227,2019-11-04,en,Released
207830,290859,185000000,261119292,128,20.0772,6.421,5864,2019-10-23,en,Released
208096,506528,17000000,0,125,4.8745,7.316,961,2019-11-01,en,Released
208108,552178,20000000,13601384,127,13.9521,7.528,2619,2019-11-22,en,Released
208205,181812,489900000,1074144248,142,25.5819,6.249,11160,2019-12-18,en,Released
208207,536869,95000000,77276321,110,5.9833,4.083,1061,2019-12-19,en,Released
208289,292011,45000000,33900000,131,11.044,7.4,2807,2019-12-13,en,Released
208429,627725,0,0,120,13.8517,7.63,1158,2020-03-06,en,Released
208469,522212,25000000,50401502,137,12.9818,7.842,2549,2019-12-25,en,Released
208621,548473,6000000,1023510,111,8.6832,6.089,1777,2020-01-24,en,Released
208703,530915,100000000,446064352,119,18.9574,7.984,13916,2019-12-25,en,Released
208737,522162,100000000,127400000,138,14.1602,7.101,2807,2019-11-06,en,Released
208747,511322,10000000,33856058,109,8.2415,6.676,1306,2019-11-08,en,Released
208773,586940,0,0,81,3.654,7.487,1371,2019-11-06,fr,Released
208807,536743,20000000,47803176,132,4.4582,7.109,777,2019-11-27,en,Released
208939,508965,0,0,97,11.1962,8.216,4834,2019-11-08,en,Released
209173,501907,25000000,67900000,109,11.2195,6.961,1809,2019-09-07,en,Released
209311,533444,6000000,2576990,136,7.8698,7.366,841,2019-11-15,en,Released
209315,331482,40000000,332103783,135,22.4323,7.841,7011,2019-12-25,en,Released
209497,565743,0,0,91,5.6504,6.57,1242,2019-06-01,en,Released
209917,525661,32000000,61404394,109,11.1045,6.765,3275,2019-12-13,en,Released
209965,473033,19000000,50023780,136,12.5371,7.2,5577,2019-12-13,en,Released
210175,606856,0,0,113,7.5216,8.14,2366,2019-12-20,en,Released
210271,509967,150000000,0,128,13.5935,6.328,5304,2019-12-10,en,Released
210455,542224,5000000,22304357,87,7.8365,6.035,1617,2020-01-30,en,Released
210539,656594,,,,,,,,,
210569,495764,75000000,205537933,109,18.2502,6.864,11006,2020-02-05,en,Released
210571,539537,7000000,49447308,109,11.5041,5.746,2681,2020-02-12,en,Released
210573,476669,100000000,125897478,131,22.3922,6.706,5224,2021-12-22,en,Released
210577,454626,85000000,319715683,99,24.197,7.268,10594,2020-02-12,en,Released
210847,338762,42000000,39861118,110,7.3864,6.669,5355,2020-03-05,en,Released
210849,481848,109000000,111200000,100,12.6358,7.505,4016,2020-02-19,en,Released
210851,556678,10000000,25200000,125,10.3081,7.004,2007,2020-02-13,en,Released
210859,546121,1000000,5491510,90,10.1523,7.205,2984,2020-11-20,en,Released
210861,522627,22000000,115171795,113,28.8619,7.657,6892,2019-12-03,en,Released
210863,448119,175000000,251410631,101,15.8879,6.57,3955,2020-01-02,en,Released
210865,38700,90000000,426505244,124,19.4939,7.105,8887,2020-01-15,en,Released
210867,443791,50000000,40882928,95,12.9789,6.298,3619,2020-01-08,en,Released
210869,592834,18000000,10200000,99,10.0535,6.858,1429,2020-01-09,en,Released
210973,449924,52000000,239000000,105,3.6742,7.266,2181,2019-12-19,cn,Released
211726,502425,0,2431995,102,7.7036,7.168,1539,2020-03-06,en,Released
212074,457335,15000000,835102,98,6.9595,6.437,2651,2020-02-27,en,Released
212088,653601,0,0,103,4.3301,5.666,616,2020-01-27,en,Released
212281,337401,200000000,69965374,115,14.5642,6.817,7158,2020-09-04,en,Released
212303,627463,0,1338881,88,5.0118,6.287,546,2020-01-31,en,Released
212361,502033,0,516520,121,8.7494,7.7,2949,2020-11-20,en,Released
212371,340102,67000000,49169594,94,17.0917,6.048,3820,2020-08-26,en,Released
212373,500840,0,0,135,6.626,6.531,2289,2020-08-28,en,Released
212461,570670,7000000,144492724,124,16.1046,7.082,6465,2020-02-26,en,Released
212587,581600,0,0,110,6.9343,6.502,2574,2020-03-06,en,Released
212869,565426,0,0,102,6.7104,6.821,2735,2020-02-03,en,Released
212883,586461,0,274674,95,6.0765,6.561,879,2020-01-15,en,Released
213207,508439,200000000,141888276,102,20.3502,7.634,6704,2020-02-29,en,Released
213347,520763,55000000,297372261,97,19.2501,7.428,7642,2021-05-21,en,Released
213397,582014,10000000,20379604,114,14.7177,7.367,3849,2020-12-13,en,Released
213565,558582,2000000,101068,122,7.1217,7.0,562,2020-03-06,en,Released
213585,529485,23000000,14590514,108,8.5771,6.6,1359,2020-03-05,en,Released
213604,547565,12000000,15437703,107,9.3589,6.551,1395,2021-07-15,en,Released
213892,514847,14000000,12400979,90,17.9132,6.653,3818,2020-03-11,en,Released
213898,595671,0,407807,101,5.5227,7.126,603,2020-03-13,en,Released
213914,516486,50300000,0,92,13.9524,7.421,3465,2020-07-09,en,Released
214776,545609,65000000,0,116,14.0147,7.283,6798,2020-04-23,en,Released
215353,615643,2000000,12900000,115,7.6795,7.325,1926,2021-02-12,en,Released
215525,475430,125000000,0,94,8.1179,5.52,1761,2020-05-29,en,Released
215527,597219,0,0,104,5.5912,7.089,1625,2020-05-01,en,Released
215685,578908,0,0,87,5.724,6.117,612,2021-03-25,en,Released
215711,594718,2600000,354023,113,4.2994,6.542,1023,2020-07-24,ru,Released
216402,579583,35000000,2200000,137,9.9091,6.979,1171,2020-07-22,en,Released
216745,582596,0,0,90,5.9981,6.126,1308,2020-05-13,en,Released
216817,385103,90000000,28600000,94,11.6194,6.977,1847,2020-07-08,en,Released
216937,581859,45000000,0,155,5.8864,6.421,1201,2020-06-12,en,Released
216963,435615,2500000,911000,103,5.9746,6.377,1106,2020-10-02,en,Released
217146,576156,0,0,87,5.4095,6.1,741,2020-05-22,en,Released
217465,577922,205000000,365304105,150,23.5854,7.171,11540,2020-08-22,en,Released
217655,556574,12500000,20659643,160,8.0812,7.904,157,2025-09-05,en,Released
218091,527660,0,0,78,6.0195,6.291,615,2020-07-24,en,Released
218537,587792,5000000,1818417,90,12.5404,7.338,3894,2020-07-10,en,Released
218867,539885,0,2987741,96,8.66,5.828,2807,2020-07-02,en,Released
219015,531454,0,0,121,5.9121,6.402,1626,2020-06-26,en,Released
219059,606234,0,243279,109,9.7365,6.386,867,2020-08-13,en,Released
219392,539181,1229578,3238539,89,4.9692,6.095,851,2020-07-03,en,Released
219444,531876,18000000,2133452,123,9.4533,6.902,1259,2020-06-24,en,Released
219726,547016,70000000,0,125,13.0522,7.1,4963,2020-07-09,en,Released
219994,600354,6000000,21029340,97,14.829,8.092,3775,2020-12-23,en,Released
220380,559907,15000000,18887953,130,16.266,6.6,2307,2021-07-29,en,Released
220528,269981,0,0,51,1.2589,7.8,48,1954-09-20,en,Released
220792,605116,0,0,113,9.3087,6.423,3148,2020-08-14,en,Released
220922,587496,3500000,4311042,88,7.4624,5.55,1020,2020-07-23,en,Released
221244,541305,0,829900,105,5.307,6.278,563,2020-09-25,en,Released
221246,628917,0,0,89,4.7944,5.76,621,2020-08-06,en,Released
221396,723072,100000,443807,57,5.4273,6.569,1331,2020-09-10,en,Released
221548,575417,0,992103,96,10.0973,6.083,821,2020-10-02,en,Released
221576,497582,21000000,0,124,14.3862,7.215,6834,2020-09-22,en,Released
221850,614696,6300000,13416285,98,6.5973,7.202,2119,2020-06-24,ko,Released
221886,664300,250000,359247,78,4.213,7.09,819,2021-03-26,en,Released
222011,524047,34000000,52300000,120,18.8097,7.12,5542,2020-07-29,en,Released
222137,499932,0,0,138,9.6876,7.169,3780,2020-09-11,en,Released
222356,625568,33000000,39238300,90,9.2299,6.424,2590,2020-07-16,en,Released
222455,501979,25000000,6274027,92,9.1485,5.9,1126,2020-08-27,en,Released
222477,464052,200000000,169601036,151,21.0632,6.349,9262,2020-12-16,en,Released
222593,505026,90000000,137307235,127,20.9016,6.405,4366,2022-02-09,en,Released
222907,623491,0,0,101,8.7188,6.308,1906,2020-09-10,en,Released
223204,542178,25000000,46333545,108,12.299,7.0,3097,2021-10-21,en,Released
223876,682110,0,0,85,4.4562,7.895,1086,2020-09-04,en,Released
223944,656690,0,0,94,6.8511,7.454,1857,2020-01-26,en,Released
224052,441130,12000000,1310720,102,8.9864,8.177,1453,2020-10-26,en,Released
224220,551804,6000000,18073433,102,12.626,6.545,1917,2020-11-12,en,Released
224262,590223,30000000,1122066,109,10.7973,7.264,4601,2020-10-16,en,Released
224264,501929,75000000,0,110,18.6766,7.826,3501,2021-04-22,en,Released
224266,617505,14000000,0,102,7.2143,5.88,1822,2020-10-07,en,Released
224280,370172,250000000,774153024,163,31.1131,7.338,7390,2021-09-29,en,Released
224324,549294,0,1019041,102,5.3936,6.333,1152,2020-10-23,en,Released
224943,601666,0,0,119,11.1789,6.57,3077,2021-02-19,en,Released
224983,529203,65000000,215905815,95,18.92,7.438,4242,2020-11-25,en,Released
225145,581734,5000000,39458207,108,9.6322,7.159,3475,2021-01-29,en,Released
225165,575774,0,0,93,4.7201,6.41,1276,2020-01-27,en,Released
225173,508442,150000000,121977511,101,24.2577,8.1,11744,2020-12-25,en,Released
225625,740985,0,0,96,11.1264,6.432,2970,2020-10-23,en,Released
225758,664280,0,0,83,8.3381,8.434,465,2020-09-28,en,Released
225776,630240,6600000,4982335,108,6.7645,6.329,1747,2021-07-14,fr,Released
225970,614560,25000000,122252,132,6.5251,6.663,1845,2020-11-13,en,Released
225984,580175,5150000,21700000,117,12.8787,7.63,3931,2020-09-24,da,Released
226202,550988,110000000,331526598,115,25.3497,7.434,10184,2021-08-11,en,Released
226270,556984,35000000,107423,130,8.3646,7.656,3451,2020-09-25,en,Released
226574,553604,0,31220247,99,14.0508,6.46,1949,2020-09-03,en,Released
226580,720755,0,367908,99,5.644,6.596,501,2020-10-16,en,Released
226698,458576,60000000,42145959,103,13.2396,6.51,3659,2020-12-03,en,Released
226886,516632,16000000,4796993,137,11.3632,6.165,1106,2020-10-22,en,Released
227258,614911,0,70018,118,8.5328,5.731,2080,2020-12-10,en,Released
227496,615665,0,0,104,6.6393,6.964,2405,2020-10-27,en,Released
228099,756498,,,,,,,,,
228563,581032,38000000,12700000,118,8.9086,6.908,1989,2020-12-25,en,Released
228863,592984,0,0,117,4.8611,6.669,1053,2020-11-09,en,Released
229037,615667,0,0,93,5.0824,6.642,1293,2020-11-25,en,Released
229431,628534,0,0,125,4.1984,6.985,1035,2021-01-13,en,Released
229483,661914,0,0,114,6.3365,6.992,721,2020-12-25,en,Released
229797,520172,0,1401954,102,7.948,7.079,1344,2020-11-26,en,Released
230231,624788,0,0,106,3.2487,6.356,305,2020-12-04,en,Released
231057,532865,15000000,0,112,7.838,6.85,1400,2021-01-14,en,Released
231413,635302,15700000,523542183,117,15.7981,8.228,4686,2020-10-16,ja,Released
231701,414419,60000000,12338649,254,17.4459,8.112,1427,2011-03-27,en,Released
233171,773655,0,0,71,4.105,6.506,822,2020-12-27,en,Released
233555,602269,30000000,29942746,128,16.4999,6.4,2948,2021-01-28,en,Released
233661,522241,0,26000000,112,10.9951,7.035,1417,2020-01-24,en,Released
233953,520663,40000000,0,100,7.698,5.971,2205,2021-05-13,en,Released
233993,583406,26000000,6416063,125,10.061,7.281,1754,2021-02-12,en,Released
235301,644583,0,7527030,129,10.1138,7.38,1338,2021-02-12,en,Released
235509,775996,0,0,116,6.4593,6.35,1990,2021-01-15,en,Released
236991,776503,10000000,1905058,112,17.7299,7.882,2713,2021-08-13,en,Released
237227,527774,100000000,130423032,107,21.0245,7.791,7444,2021-03-03,en,Released
237372,484718,60000000,0,108,10.1763,6.318,2446,2021-03-04,en,Released
237964,581389,21000000,24571,136,5.5404,7.031,1180,2021-02-05,ko,Released
239490,672647,0,0,99,6.4385,7.142,917,2021-02-12,en,Released
240270,643586,5000000,431020,89,6.4737,5.983,1192,2021-02-12,en,Released
240452,460465,20000000,84426031,110,18.1694,7.034,7048,2021-04-07,en,Released
241272,615457,16000000,57512470,91,23.9681,7.863,8722,2021-03-18,en,Released
242204,663870,5300000,679505,116,6.5225,7.281,1135,2020-11-19,da,Released
242774,497698,200000000,379751131,134,28.7551,7.148,11631,2021-07-07,en,Released
242894,399566,200000000,470116094,114,20.6365,7.521,10825,2021-03-24,en,Released
242906,648579,30000000,29116320,107,12.1625,6.773,2613,2022-04-20,en,Released
243642,791373,70000000,0,242,24.8941,8.074,11151,2021-03-18,en,Released
244178,639933,70000000,69633110,137,20.3975,7.022,5289,2022-04-07,en,Released
244334,637649,40000000,103966489,119,33.2874,7.569,6310,2021-04-22,en,Released
244906,602734,20000000,40618920,93,14.2914,5.882,2367,2021-05-12,en,Released
245812,615678,0,0,107,6.7267,5.467,1373,2021-04-09,en,Released
245902,578701,20000000,23384502,100,15.4983,6.594,1916,2021-05-05,en,Released
247150,559581,10000000,0,116,6.26,6.028,726,2021-06-24,en,Released
247780,567189,0,0,110,11.2987,6.933,2795,2021-04-30,en,Released
247988,508943,200000000,51074773,95,18.9396,7.8,9132,2021-06-17,en,Released
248912,503736,90000000,190700000,148,15.0328,6.2,4540,2021-05-14,en,Released
249122,471498,0,0,100,5.4421,6.611,1604,2021-05-12,fr,Released
249540,337404,200000000,233503234,134,20.2578,8.0,10317,2021-05-26,en,Released
249964,385128,200000000,726229501,143,11.5423,6.982,7858,2021-05-19,en,Released
250010,823754,0,0,88,4.4548,7.96,648,2021-07-22,en,Released
250494,574060,30000000,1015760,114,8.7454,6.263,1211,2021-07-14,en,Released
250546,691179,0,0,104,6.9751,7.813,1381,2021-05-27,en,Released
250968,467909,55000000,45175167,143,9.9848,7.111,818,2021-06-10,en,Released
251086,436969,185000000,168717425,132,31.1444,7.445,9914,2021-07-28,en,Released
251234,423108,39000000,206444123,111,24.1392,7.337,6714,2021-05-25,en,Released
251516,649409,0,0,115,11.3311,6.372,841,2021-06-24,en,Released
251606,522931,70000000,70060492,117,14.4346,6.6,2697,2021-06-14,en,Released
251738,763329,1100000,2200000,130,5.2825,6.809,664,2021-12-10,en,Released
251922,581726,0,0,106,16.2161,6.554,2219,2021-09-09,en,Released
252180,635731,3000000,4638959,92,8.5991,6.622,1826,2021-07-16,en,Released
252590,588228,200000000,14400000,138,18.8784,7.523,4468,2021-09-03,en,Released
252710,845074,,,,,,,,,
252930,631843,18000000,90146510,108,16.0774,6.3,5039,2021-07-21,en,Released
253138,591273,10000000,284000000,108,10.0955,6.7,2753,2021-06-28,en,Released
253498,591274,10000000,0,111,9.811,7.172,2319,2021-07-08,en,Released
253618,379686,150000000,163692228,115,20.1679,6.62,4294,2021-07-08,en,Released
253620,585216,15000000,65774490,88,10.4829,6.5,2357,2021-07-01,en,Released
253690,660120,5000000,12687507,128,12.2354,7.429,1973,2021-10-13,no,Released
253972,591275,0,0,115,6.6705,7.069,2070,2021-07-14,en,Released
253976,579047,68000000,18717947,116,12.9769,6.498,2007,2021-08-18,en,Released
254178,788929,5000000,3200000,106,6.8878,6.4,1085,2021-08-12,is,Released
254460,451048,200000000,220889446,127,17.4455,7.271,6311,2021-07-28,en,Released
254720,643532,0,5040860,112,6.1321,6.119,1128,2021-09-03,en,Released
254724,524369,50000000,13037403,120,10.7482,6.293,784,2021-09-22,en,Released
254726,438631,165000000,410668500,155,42.6137,7.784,15571,2021-09-15,en,Released
255335,566525,150000000,432243292,132,27.63,7.485,10749,2021-09-01,en,Released
255337,580489,110000000,506863592,97,23.0913,6.729,11431,2021-09-30,en,Released
255655,565028,25000000,77411570,91,9.6306,6.0,1836,2021-08-25,en,Released
257037,758866,1300000,15356046,179,8.9077,7.438,1567,2021-08-18,ja,Released
257281,591538,0,176248,105,10.126,6.916,903,2021-12-05,en,Released
257595,666243,0,0,83,8.9711,7.423,1137,2021-08-22,en,Released
257637,597891,25000000,0,106,6.0274,6.608,1776,2021-09-10,en,Released
257751,619778,40000000,34891791,111,13.3223,6.748,2741,2021-09-01,en,Released
258451,576845,43000000,22957625,117,17.1151,7.256,4031,2021-10-09,en,Released
258857,785663,1500000,77463,99,5.9916,7.279,760,2021-10-01,en,Released
258881,632617,8300000,4300000,110,9.2366,7.15,795,2021-11-19,en,Released
258929,567748,0,0,89,10.2073,6.425,3261,2021-09-24,en,Released
259265,716612,18000000,25246967,116,8.8005,6.702,1865,2021-11-04,en,Released
259659,617653,100000000,30552111,153,14.8451,7.396,4013,2021-10-13,en,Released
259665,777270,11000000,49158343,98,6.7125,7.03,1734,2021-11-12,en,Released
259859,601470,0,2404127,126,5.322,6.436,702,2021-09-17,en,Released
260243,600583,0,0,127,9.4236,6.7,3048,2021-10-25,en,Released
260617,718032,40000000,33277069,133,13.7461,6.941,2784,2021-11-26,en,Released
260665,524434,200000000,402064899,156,23.8432,6.752,9426,2021-11-03,en,Released
260667,568124,150000000,261292688,102,24.5457,7.566,10405,2021-10-13,en,Released
260669,610253,20000000,133423964,105,13.766,6.406,2993,2021-10-14,en,Released
260929,879540,0,0,72,2.3497,7.152,280,2021-10-05,en,Released
261131,614917,50000000,39400000,144,11.4601,7.598,2941,2021-11-18,en,Released
261271,618162,0,0,137,13.696,6.616,1247,2021-10-22,en,Released
261275,425909,75000000,204445747,124,23.3701,7.302,5335,2021-11-18,en,Released
261705,537116,0,0,120,7.1804,7.585,2370,2021-11-11,en,Released
261759,512195,160000000,178143,118,15.815,6.7,6636,2021-11-04,en,Released
261809,791177,16000000,15234907,131,13.3486,7.0,1704,2022-11-18,en,Released
262721,796499,30000000,46900000,128,9.2174,6.796,2352,2021-10-27,en,Released
263005,511809,100000000,76016171,156,11.7395,6.904,1840,2021-12-08,en,Released
263007,634649,200000000,1921426073,148,64.6442,7.947,23162,2021-12-15,en,Released
263009,624860,190000000,156497322,148,18.821,6.304,6734,2021-12-16,en,Released
263405,597208,60000000,39629195,151,13.4972,6.94,3493,2021-12-02,en,Released
263407,646380,75000000,791863,138,20.1863,7.055,9691,2021-12-08,en,Released
263481,522402,2500000,0,116,8.585,7.82,4201,2021-11-04,en,Released
263495,734265,0,0,105,5.0837,6.926,1648,2021-11-05,en,Released
263973,644495,75000000,153235995,158,13.7285,6.56,3524,2021-11-24,en,Released
264135,722778,13050000,167909,130,4.9598,7.522,1814,2021-11-24,it,Released
265148,526896,75000000,167635712,105,15.2002,5.903,5001,2022-03-30,en,Released
265432,645886,0,0,112,10.288,7.4,2127,2021-11-24,en,Released
265460,756999,16000000,161441914,103,21.0887,7.509,6091,2022-06-16,en,Released
265468,517088,0,450000,132,5.9557,6.5,721,2021-12-10,en,Released
265550,438695,85000000,408402685,110,22.9575,7.832,4906,2021-12-01,en,Released
266788,554230,5000000,703281,122,8.8784,6.446,1156,2021-12-15,en,Released
267456,785084,3000000,57615635,117,20.2581,7.8,4914,2022-12-09,en,Released
267654,899082,0,0,103,14.1132,7.309,3574,2022-01-01,en,Released
268642,414906,185000000,772775278,177,48.7997,7.67,12543,2022-03-01,en,Released
268732,646385,24000000,138874789,114,22.1862,6.7,4018,2022-01-12,en,Released
269146,787752,1500000,0,114,7.6166,6.942,1941,2022-03-03,en,Released
269226,656663,10000000,80563999,96,11.7874,6.8,983,2022-02-01,en,Released
269256,585378,0,131465,96,7.0978,6.422,548,2022-03-04,en,Released
269426,862965,2000000,2157673,97,9.0448,6.646,1068,2022-08-12,en,Released
269638,508947,175000000,21813358,100,29.3449,7.329,6046,2022-03-10,en,Released
269820,923632,0,0,114,6.259,6.958,1153,2022-02-02,en,Released
269872,406759,146000000,67319703,131,11.9638,6.3,3799,2022-02-02,en,Released
270346,800510,3500000,0,89,5.6766,6.19,1021,2022-02-10,en,Released
270526,752623,74000000,192907684,112,18.7047,6.437,4131,2022-03-23,en,Released
270696,696806,116000000,0,106,16.8691,6.982,5158,2022-03-11,en,Released
270698,545611,25000000,139200000,140,34.019,7.711,8425,2022-03-24,en,Released
271232,338953,200000000,407200000,142,23.5308,6.621,5258,2022-04-06,en,Released
271799,675353,110000000,405421518,123,24.5616,7.416,6025,2022-03-30,en,Released
271865,760104,1000000,14745049,106,21.7031,6.705,4136,2022-03-17,en,Released
271917,799876,5000000,4032313,105,10.4032,7.095,1438,2022-02-25,en,Released
272135,520023,3000000,13929670,94,8.8689,6.1,1537,2022-08-05,en,Released
272211,763285,40000000,52303589,136,18.0871,6.625,2554,2022-03-16,en,Released
272407,629542,80000000,250162278,100,23.7227,7.513,2682,2022-03-17,en,Released
272417,579974,69000000,166602994,187,12.0381,7.716,1701,2022-03-24,te,Released
272525,453395,295400000,955775804,126,34.4176,7.226,10863,2022-05-04,en,Released
272541,780609,6500000,11152071,100,7.1344,6.061,1409,2022-05-20,en,Released
273133,705861,21000000,0,117,8.7917,7.694,2931,2022-06-03,en,Released
273891,718930,90000000,239268602,126,26.8839,7.408,7939,2022-07-20,en,Released
274053,361743,170000000,1488732821,131,44.6816,8.157,11585,2022-05-21,en,Released
274195,507086,658800000,1004004592,147,23.9102,6.59,7287,2022-06-01,en,Released
274197,718789,200000000,226425420,105,14.2724,6.861,3950,2022-06-15,en,Released
274971,616037,250000000,760928081,119,27.9274,6.358,8965,2022-07-06,en,Released
274979,615469,0,0,107,6.1155,5.782,1809,2022-06-15,en,Released
275079,420821,70000000,623190,99,11.1937,6.973,1431,2022-05-20,en,Released
275167,705996,0,16914773,139,10.3616,7.329,1626,2022-06-29,ko,Released
275243,614934,85000000,288670284,159,13.6184,7.44,4023,2022-06-22,en,Released
275245,762504,68000000,171932082,130,19.5893,6.828,5187,2022-07-20,en,Released
275433,819876,27000000,4551565,107,8.7066,6.011,1332,2022-05-25,en,Released
275467,725201,200000000,454023,128,15.2599,6.903,4462,2022-07-13,en,Released
275503,965150,0,7834405,101,16.3497,7.65,1984,2022-10-21,en,Released
276047,682507,24000000,144353965,126,15.195,7.509,2390,2022-07-14,en,Released
276087,683340,0,4225720,108,6.4098,6.6,485,2022-07-29,en,Released
276151,869626,6000000,6909209,90,5.8523,7.624,740,2022-06-24,en,Released
276155,667739,75000000,0,113,11.0932,6.411,564,2022-12-23,en,Released
276249,556694,60000000,20300000,108,12.4751,6.877,1736,2022-08-24,en,Released
276317,438148,85000000,940203765,87,23.4388,7.3,4185,2022-06-29,en,Released
276489,560057,0,0,115,15.8643,7.329,1780,2022-06-24,en,Released
276897,619730,35000000,86700000,123,14.3427,6.756,3087,2022-09-21,en,Released
276929,766507,65000000,0,100,20.3165,7.647,7995,2022-08-05,en,Released
277028,698948,55000000,0,147,9.2798,7.828,1581,2022-07-18,en,Released
277066,497828,15600000,24733572,147,13.2278,7.0,3029,2022-09-18,en,Released
277552,755566,100000000,0,114,14.6475,6.734,2283,2022-08-05,en,Released
277566,985939,3000000,17363261,107,30.6607,7.141,4880,2022-08-11,en,Released
277856,766475,40000000,21921551,99,10.9814,6.338,1352,2022-09-09,en,Released
278176,817758,35000000,29048571,158,9.6963,7.093,1604,2022-10-07,en,Released
278312,436270,200000000,393452111,125,29.8539,6.8,7265,2022-10-19,en,Released
278420,928344,12000000,0,108,6.7801,6.723,681,2022-09-08,en,Released
278446,674324,20000000,49300000,114,13.2206,7.465,3550,2022-10-20,en,Released
278578,49046,20000000,0,147,17.432,7.742,4933,2022-10-07,de,Released
278586,913290,4500000,45400000,103,27.2863,6.878,3525,2022-08-29,en,Released
278690,664469,80000000,31245810,134,11.0506,6.06,1901,2022-09-27,en,Released
278702,661374,40000000,15000000,140,21.2953,7.021,7181,2022-11-23,en,Released
278794,949423,1000000,9847490,102,12.8988,7.2,2748,2022-09-16,en,Released
278820,724495,50000000,97562514,135,15.7727,7.556,2427,2022-09-16,en,Released
278980,804095,40000000,45629909,151,15.8832,7.556,2884,2022-11-11,en,Released
279182,882598,17000000,217408513,115,17.5555,6.672,4256,2022-09-23,en,Released
279412,829280,0,0,131,11.689,7.401,3169,2022-11-03,en,Released
279414,505642,250000000,859102154,162,29.4254,6.99,7791,2022-11-09,en,Released
279630,894205,0,0,55,11.6046,7.0,1614,2022-09-25,en,Released
279812,593643,35000000,79628200,107,20.1498,7.181,6665,2022-11-17,en,Released
279894,744594,100000000,71476,136,8.597,5.594,838,2022-11-25,en,Released
280100,774752,0,0,45,11.6322,7.083,2478,2022-11-24,en,Released
280218,76600,460000000,2334484620,192,43.4029,7.584,14655,2022-12-14,en,Released
280868,555604,35000000,0,117,13.5032,8.0,3464,2022-11-09,en,Released
280990,800815,72000000,0,128,11.0488,6.785,2277,2022-12-22,en,Released
281096,315162,90000000,484700000,103,36.2692,8.218,9239,2022-12-07,en,Released
281190,615777,78000000,65267446,189,33.547,7.3,3937,2022-12-22,en,Released
281208,899112,20000000,75734910,112,16.0187,7.206,2638,2022-11-30,en,Released
281904,667216,4500000,5078400,118,8.6717,6.037,1114,2023-01-27,en,Released
282125,640146,200000000,476071180,125,25.0379,6.214,6106,2023-02-15,en,Released
282147,536554,12000000,180089109,102,13.4793,7.006,5020,2022-12-28,en,Released
282161,937278,50000000,113360085,126,21.1895,7.749,3775,2022-12-28,en,Released
282561,739405,50000000,48983306,114,18.4634,6.469,2060,2023-01-04,en,Released
282649,631842,20000000,54700000,100,10.5908,6.242,3209,2023-02-01,en,Released
282671,646389,25000000,74515586,107,12.607,6.899,2751,2023-01-11,en,Released
282835,700391,45000000,60730568,92,16.048,6.0,2972,2023-03-02,en,Released
283139,840326,6600000,14281199,91,14.5761,7.388,2980,2022-09-09,fi,Released
283177,804150,32500000,88314672,95,15.861,5.986,2537,2023-02-22,en,Released
283223,594767,110000000,134221819,130,17.75,6.386,3791,2023-03-15,en,Released
283873,603692,100000000,447316405,170,35.62,7.711,8314,2023-03-21,en,Released
284291,726759,0,0,118,7.9675,7.75,2030,2023-03-15,en,Released
284293,882569,55000000,21948551,123,20.0514,7.7,3362,2023-04-19,en,Released
284489,677179,75000000,275300000,116,14.0114,7.085,2982,2023-03-01,en,Released
284879,934433,33000000,169063850,123,24.7261,6.924,3326,2023-03-08,en,Released
285301,493529,151000000,208200000,134,21.4162,7.358,4931,2023-03-23,en,Released
285593,447365,250000000,845550000,150,42.9295,7.933,8841,2023-05-03,en,Released
285851,964980,80000000,90100000,112,12.7501,7.276,2451,2023-04-05,en,Released
286107,649609,65000000,26493921,93,11.4584,6.436,2244,2023-04-07,en,Released
286131,502356,100000000,1360879735,93,41.6144,7.592,11149,2023-04-05,en,Released
286355,798286,35000000,12337378,179,10.906,6.749,1411,2023-04-14,en,Released
286357,713704,15000000,147256372,96,27.2534,6.964,4001,2023-04-12,en,Released
286897,569094,100000000,690897910,140,52.103,8.349,9276,2023-05-31,en,Released
286901,298618,220000000,271333313,144,27.7208,6.608,5266,2023-06-13,en,Released
286903,976573,200000000,496444308,102,22.184,7.593,5550,2023-06-14,en,Released
286905,335977,294700000,383963057,155,23.0033,6.494,4362,2023-06-25,en,Released
287633,747188,25000000,53857743,105,16.6415,6.462,2629,2023-06-08,en,Released
287699,872585,100000000,952000000,181,55.1334,8.0,12528,2023-07-19,en,Released
288167,697843,65000000,0,122,19.9534,7.387,3060,2023-06-09,en,Released
288265,575264,220000000,571125435,164,24.8763,7.502,5378,2023-07-08,en,Released
288269,884605,45000000,83000000,103,19.4618,6.7,4050,2023-06-15,en,Released
288311,961323,0,0,99,7.7155,7.853,1498,2023-06-23,en,Released
288513,346698,145000000,1447138421,114,35.9469,6.9,11592,2023-07-19,en,Released
